,order_id,date,customer_id,customer_name,age,gender,region,category,product,quantity,unit_price,discount_pct,payment_method,order_status,rating,year,month,day
4,ORD00005,2022-08-03,CUST2800,Nikhil,59,M,North,Food,Dal 2kg,6,855.14,10,Debit Card,Returned,3.8,2022,8,3
5,ORD00006,2022-08-13,CUST0230,Vijay,32,M,North,Furniture,Bookshelf,5,4948.14,20,UPI,Cancelled,4.4,2022,8,13
8,ORD00009,2022-01-12,CUST2200,Divya,35,F,East,Sports,Yoga Mat,9,1294.5,20,Credit Card,Pending,1.5,2022,1,12
10,ORD00011,2022-01-01,CUST0459,Karan,41,M,East,Toys,Doll,9,4769.82,20,Cash,Delivered,3.0,2022,1,1
11,ORD00012,2022-05-09,CUST2252,Rohan,28,M,East,Electronics,Laptop,8,4089.32,20,Debit Card,Cancelled,2.9,2022,5,9
13,ORD00014,2022-08-23,CUST0129,Rohan,39,M,North,Clothing,T-Shirt,2,3553.81,0,Debit Card,Returned,,2022,8,23
15,ORD00016,2022-03-04,CUST0448,Divya,33,F,South,Furniture,Bookshelf,1,3383.15,0,Cash,Cancelled,2.4,2022,3,4
17,ORD00018,2022-03-02,CUST1600,Vijay,34,M,West,Furniture,Bookshelf,8,1108.05,15,UPI,Cancelled,1.0,2022,3,2
20,ORD00021,2022-07-29,CUST1088,Nikhil,43,M,South,Books,Cookbook,10,2637.77,10,UPI,Cancelled,2.3,2022,7,29
21,ORD00022,2022-03-17,CUST0543,Anita,40,F,North,Electronics,Headphones,10,4992.35,0,Cash,Pending,3.0,2022,3,17
22,ORD00023,2022-01-09,CUST2718,Sneha,24,F,South,Furniture,Bed Frame,5,3077.8,20,UPI,Delivered,3.2,2022,1,9
23,ORD00024,2022-07-28,CUST2071,Dev,49,M,East,Clothing,Jacket,5,3043.91,10,Credit Card,Delivered,4.4,2022,7,28
24,ORD00025,2022-06-15,CUST1752,Meera,53,F,North,Electronics,Laptop,6,3867.04,10,Credit Card,Delivered,3.2,2022,6,15
25,ORD00026,2022-05-11,CUST1494,Dev,20,M,East,Electronics,Tablet,10,2785.0,15,Cash,Returned,,2022,5,11
26,ORD00027,2022-08-31,CUST0726,Karan,44,M,North,Toys,Board Game,7,4870.49,5,Cash,Pending,4.9,2022,8,31
28,ORD00029,2022-12-26,CUST2197,Suresh,39,M,North,Furniture,Sofa,5,4328.55,10,Credit Card,Pending,2.6,2022,12,26
29,ORD00030,2022-11-18,CUST0474,Rohan,42,M,Central,Food,Rice 5kg,2,3003.03,10,Cash,Pending,4.9,2022,11,18
37,ORD00038,2022-03-24,CUST2843,Ravi,27,M,South,Clothing,Jacket,6,1632.56,20,Credit Card,Cancelled,1.9,2022,3,24
41,ORD00042,2022-12-02,CUST1553,Sneha,35,F,West,Toys,Puzzle,3,298.91,15,UPI,Delivered,2.3,2022,12,2
42,ORD00043,2022-08-18,CUST2670,Priya,20,F,North,Books,Cookbook,1,4999.54,10,Cash,Returned,4.1,2022,8,18
45,ORD00046,2022-02-12,CUST1518,Ravi,22,M,Central,Toys,Board Game,2,3991.32,20,UPI,Delivered,2.7,2022,2,12
47,ORD00048,2022-03-30,CUST1904,Divya,54,F,Central,Toys,Board Game,5,1645.41,5,Net Banking,Pending,2.8,2022,3,30
48,ORD00049,2022-09-22,CUST2873,Arjun,35,M,Central,Toys,RC Car,3,2463.37,10,Credit Card,Returned,4.5,2022,9,22
50,ORD00051,2022-12-19,CUST1355,Kavya,40,F,West,Food,Biscuits,6,2392.64,20,UPI,Pending,4.0,2022,12,19
53,ORD00054,2022-07-08,CUST1957,Rahul,25,M,North,Sports,Badminton Set,8,2419.64,10,Net Banking,Cancelled,2.0,2022,7,8
54,ORD00055,2022-11-08,CUST1017,Rohan,25,M,Central,Books,Novel,3,788.53,20,Net Banking,Returned,,2022,11,8
57,ORD00058,2022-08-19,CUST0583,Suresh,22,M,North,Food,Biscuits,4,2154.44,20,Cash,Pending,4.6,2022,8,19
60,ORD00061,2022-12-08,CUST0659,Rohan,39,M,West,Furniture,Bookshelf,2,2376.55,15,Net Banking,Pending,1.4,2022,12,8
61,ORD00062,2022-04-29,CUST2108,Asha,18,F,Central,Electronics,Headphones,2,1606.86,10,Net Banking,Cancelled,2.6,2022,4,29
62,ORD00063,2022-02-22,CUST1180,Suresh,46,M,West,Sports,Badminton Set,10,3794.39,15,Credit Card,Delivered,3.2,2022,2,22
63,ORD00064,2022-08-19,CUST1891,Vijay,25,M,South,Food,Biscuits,1,2783.64,0,Net Banking,Pending,4.7,2022,8,19
64,ORD00065,2022-05-29,CUST2082,Divya,65,F,South,Toys,Puzzle,8,1256.47,20,Credit Card,Pending,4.7,2022,5,29
65,ORD00066,2022-11-02,CUST2704,Nisha,49,F,South,Toys,Board Game,5,4111.72,10,Net Banking,Cancelled,3.3,2022,11,2
66,ORD00067,2022-07-13,CUST1569,Nisha,32,F,West,Sports,Dumbbells,7,2303.96,10,Credit Card,Pending,2.0,2022,7,13
68,ORD00069,2022-12-13,CUST0329,Vijay,39,M,Central,Furniture,Table,2,2373.98,10,Net Banking,Pending,2.6,2022,12,13
69,ORD00070,2022-08-21,CUST0404,Asha,58,F,North,Electronics,Smartwatch,2,1212.11,10,Net Banking,Returned,2.7,2022,8,21
72,ORD00073,2022-11-03,CUST1025,Asha,47,F,East,Clothing,T-Shirt,8,4728.92,20,Cash,Cancelled,2.7,2022,11,3
75,ORD00076,2022-10-30,CUST0823,Pooja,26,F,Central,Electronics,Smartwatch,6,3675.18,0,UPI,Pending,2.7,2022,10,30
76,ORD00077,2022-04-28,CUST0925,Ravi,61,M,West,Toys,Puzzle,5,3745.47,10,Debit Card,Pending,1.3,2022,4,28
80,ORD00081,2022-02-03,CUST1822,Anita,33,F,East,Toys,Puzzle,10,2070.17,10,Credit Card,Pending,1.9,2022,2,3
81,ORD00082,2022-04-04,CUST2446,Priya,19,F,North,Furniture,Sofa,4,4842.62,15,UPI,Returned,3.6,2022,4,4
82,ORD00083,2022-08-27,CUST2442,Rohan,18,M,East,Clothing,T-Shirt,9,1075.43,5,Cash,Returned,1.6,2022,8,27
88,ORD00089,2022-05-14,CUST2301,Anita,53,F,East,Electronics,Laptop,2,2187.79,10,Credit Card,Cancelled,3.3,2022,5,14
89,ORD00090,2022-04-17,CUST2690,Divya,48,F,South,Toys,LEGO Set,5,3022.03,10,Credit Card,Pending,1.9,2022,4,17
91,ORD00092,2022-05-27,CUST0582,Vijay,65,M,North,Food,Spices Pack,6,1787.57,5,Credit Card,Returned,2.6,2022,5,27
93,ORD00094,2022-10-07,CUST1414,Pooja,45,F,North,Books,Self-Help,8,3055.03,15,UPI,Cancelled,3.0,2022,10,7
94,ORD00095,2022-11-05,CUST1047,Priya,36,F,East,Clothing,Saree,10,321.17,5,Credit Card,Delivered,4.1,2022,11,5
98,ORD00099,2022-12-26,CUST0605,Amit,33,M,North,Sports,Cricket Bat,9,2574.26,10,Cash,Pending,4.3,2022,12,26
100,ORD00101,2022-10-09,CUST0304,Sneha,37,F,West,Furniture,Chair,8,2238.93,10,Net Banking,Delivered,2.4,2022,10,9
102,ORD00103,2022-04-16,CUST2926,Ritu,23,F,Central,Furniture,Bed Frame,3,4790.73,15,Cash,Delivered,4.3,2022,4,16
104,ORD00105,2022-06-03,CUST0580,Karan,40,M,East,Electronics,Smartwatch,7,1456.53,20,Net Banking,Returned,3.3,2022,6,3
105,ORD00106,2022-04-06,CUST1483,Ravi,19,M,East,Sports,Yoga Mat,6,4075.26,20,UPI,Returned,2.7,2022,4,6
106,ORD00107,2022-06-08,CUST0415,Karan,50,M,Central,Toys,Puzzle,4,1171.39,5,Debit Card,Delivered,,2022,6,8
108,ORD00109,2022-08-28,CUST1922,Kavya,30,F,East,Furniture,Bed Frame,5,3774.34,15,Debit Card,Cancelled,2.2,2022,8,28
109,ORD00110,2022-07-24,CUST1025,Meera,21,F,West,Toys,Puzzle,9,2660.93,5,UPI,Delivered,1.6,2022,7,24
110,ORD00111,2022-05-31,CUST0910,Ravi,46,M,East,Electronics,Phone,5,2274.13,20,Credit Card,Cancelled,1.4,2022,5,31
117,ORD00118,2022-11-14,CUST2225,Ravi,48,M,East,Clothing,T-Shirt,4,4434.66,10,Credit Card,Returned,5.0,2022,11,14
119,ORD00120,2022-07-04,CUST0328,Asha,38,F,East,Food,Rice 5kg,7,440.69,20,UPI,Cancelled,2.3,2022,7,4
121,ORD00122,2022-08-30,CUST1569,Vijay,54,M,North,Toys,Board Game,8,222.25,0,Debit Card,Returned,2.5,2022,8,30
128,ORD00129,2022-10-18,CUST2602,Karan,53,M,East,Books,Textbook,6,4740.04,20,Cash,Pending,2.0,2022,10,18
129,ORD00130,2022-06-25,CUST2479,Dev,39,M,Central,Books,Textbook,10,4710.95,5,Credit Card,Delivered,3.9,2022,6,25
132,ORD00133,2022-09-05,CUST1016,Divya,27,F,North,Clothing,Jacket,9,2830.17,10,Credit Card,Pending,2.1,2022,9,5
133,ORD00134,2022-11-17,CUST2109,Ritu,47,F,West,Furniture,Table,3,4076.72,20,UPI,Cancelled,1.6,2022,11,17
135,ORD00136,2022-02-16,CUST0798,Nikhil,41,M,Central,Clothing,Jacket,6,3831.09,10,UPI,Delivered,3.3,2022,2,16
137,ORD00138,2022-02-09,CUST1941,Suresh,51,M,West,Sports,Dumbbells,7,2525.39,0,Cash,Returned,2.3,2022,2,9
140,ORD00141,2022-02-02,CUST0782,Dev,19,M,West,Books,Cookbook,7,781.49,5,UPI,Cancelled,3.8,2022,2,2
143,ORD00144,2022-10-23,CUST2003,Suresh,38,M,West,Food,Biscuits,5,1163.09,10,UPI,Pending,3.8,2022,10,23
144,ORD00145,2022-12-20,CUST1190,Anita,20,F,East,Sports,Dumbbells,7,4484.01,15,Credit Card,Pending,4.2,2022,12,20
145,ORD00146,2022-10-05,CUST0563,Meera,24,F,Central,Books,Self-Help,4,1050.24,20,Debit Card,Returned,3.8,2022,10,5
146,ORD00147,2022-04-13,CUST0412,Rahul,61,M,South,Books,Cookbook,4,3207.83,0,Credit Card,Returned,3.9,2022,4,13
147,ORD00148,2022-04-02,CUST2962,Pooja,20,F,South,Furniture,Table,5,1639.78,0,Net Banking,Returned,1.9,2022,4,2
148,ORD00149,2022-02-08,CUST2327,Nikhil,56,M,North,Toys,Puzzle,3,4686.21,10,UPI,Pending,,2022,2,8
149,ORD00150,2022-10-07,CUST0666,Asha,64,F,West,Sports,Yoga Mat,3,4262.75,15,UPI,Returned,1.5,2022,10,7
150,ORD00151,2022-06-29,CUST1661,Karan,45,M,Central,Toys,RC Car,10,3388.29,5,UPI,Delivered,3.6,2022,6,29
151,ORD00152,2022-01-07,CUST1094,Anita,39,F,East,Clothing,Jeans,8,1651.83,5,Debit Card,Delivered,1.9,2022,1,7
152,ORD00153,2022-11-11,CUST2882,Nisha,37,F,North,Books,Textbook,1,3355.54,15,UPI,Pending,3.7,2022,11,11
154,ORD00155,2022-03-05,CUST0829,Asha,54,F,Central,Books,Comics,2,4590.36,0,Cash,Returned,4.6,2022,3,5
155,ORD00156,2022-04-04,CUST0228,Asha,47,F,South,Furniture,Chair,4,3598.74,15,Debit Card,Cancelled,2.8,2022,4,4
156,ORD00157,2022-01-23,CUST0893,Ritu,55,F,North,Electronics,Smartwatch,8,3380.2,10,Credit Card,Cancelled,4.3,2022,1,23
157,ORD00158,2022-02-02,CUST0555,Anita,59,F,West,Sports,Cricket Bat,2,4931.38,15,UPI,Cancelled,1.7,2022,2,2
158,ORD00159,2022-05-02,CUST2167,Divya,26,F,South,Furniture,Chair,9,708.3,10,Credit Card,Delivered,3.1,2022,5,2
159,ORD00160,2022-09-11,CUST0773,Pooja,64,F,North,Books,Cookbook,7,2683.07,5,Credit Card,Cancelled,1.6,2022,9,11
161,ORD00162,2022-08-28,CUST1307,Dev,54,M,Central,Clothing,T-Shirt,3,2544.28,10,UPI,Returned,3.9,2022,8,28
162,ORD00163,2022-03-04,CUST0718,Sneha,58,F,West,Books,Cookbook,4,2097.12,10,Debit Card,Cancelled,3.4,2022,3,4
166,ORD00167,2022-08-05,CUST0481,Kavya,65,F,West,Toys,RC Car,5,4787.25,0,Cash,Returned,4.8,2022,8,5
168,ORD00169,2022-05-30,CUST2267,Kavya,55,F,Central,Food,Spices Pack,7,276.29,5,Net Banking,Pending,,2022,5,30
172,ORD00173,2022-10-09,CUST2058,Rahul,62,M,West,Sports,Dumbbells,7,108.66,20,Cash,Delivered,2.1,2022,10,9
173,ORD00174,2022-12-29,CUST1529,Dev,43,M,West,Clothing,Jeans,4,3117.92,10,Debit Card,Returned,2.6,2022,12,29
175,ORD00176,2022-08-05,CUST2322,Nisha,48,F,East,Sports,Cricket Bat,9,4599.8,5,Credit Card,Delivered,3.8,2022,8,5
176,ORD00177,2022-01-17,CUST2920,Asha,43,F,North,Sports,Cricket Bat,3,4647.39,10,UPI,Returned,3.3,2022,1,17
178,ORD00179,2022-01-31,CUST1846,Karan,49,M,South,Sports,Dumbbells,10,2013.68,10,UPI,Cancelled,4.1,2022,1,31
179,ORD00180,2022-10-30,CUST0337,Sneha,35,F,South,Books,Cookbook,7,474.19,20,Net Banking,Returned,3.9,2022,10,30
182,ORD00183,2022-11-05,CUST0685,Rohan,45,M,East,Sports,Football,7,889.03,10,Net Banking,Pending,1.6,2022,11,5
184,ORD00185,2022-05-20,CUST2848,Nisha,30,F,West,Furniture,Sofa,7,4086.6,20,UPI,Returned,3.4,2022,5,20
189,ORD00190,2022-08-15,CUST2784,Ravi,55,M,Central,Clothing,Kurta,9,2812.07,20,Cash,Pending,2.6,2022,8,15
190,ORD00191,2022-04-29,CUST1427,Arjun,37,M,East,Electronics,Tablet,7,4606.71,0,Net Banking,Returned,3.9,2022,4,29
191,ORD00192,2022-11-23,CUST0184,Nisha,63,F,North,Furniture,Chair,8,3623.87,15,Credit Card,Pending,,2022,11,23
192,ORD00193,2022-12-05,CUST0950,Vijay,43,M,South,Books,Textbook,9,913.54,5,Cash,Cancelled,4.8,2022,12,5
196,ORD00197,2022-05-22,CUST1994,Karan,58,M,Central,Books,Textbook,9,1972.89,20,Cash,Returned,2.7,2022,5,22
197,ORD00198,2022-02-24,CUST1985,Meera,26,F,South,Clothing,Jeans,6,4217.83,20,Net Banking,Cancelled,4.8,2022,2,24
198,ORD00199,2022-02-01,CUST0134,Pooja,35,F,South,Furniture,Bookshelf,8,877.9,20,Debit Card,Pending,1.9,2022,2,1
199,ORD00200,2022-04-27,CUST1503,Arjun,52,M,North,Sports,Yoga Mat,9,2578.49,20,Net Banking,Returned,3.2,2022,4,27
201,ORD00202,2022-07-31,CUST2181,Ritu,35,F,Central,Books,Self-Help,3,3099.95,5,Debit Card,Returned,3.3,2022,7,31
204,ORD00205,2022-12-02,CUST0382,Nikhil,64,M,West,Sports,Badminton Set,6,2300.74,15,UPI,Delivered,4.5,2022,12,2
205,ORD00206,2022-12-12,CUST1988,Kavya,39,F,North,Furniture,Table,8,1379.26,10,Credit Card,Delivered,1.5,2022,12,12
206,ORD00207,2022-07-27,CUST2663,Priya,37,F,South,Electronics,Phone,8,2309.76,15,UPI,Delivered,4.6,2022,7,27
208,ORD00209,2022-01-10,CUST1408,Anita,25,F,West,Clothing,Kurta,4,2621.25,15,Cash,Cancelled,,2022,1,10
209,ORD00210,2022-11-03,CUST0546,Suresh,59,M,South,Furniture,Chair,2,560.85,10,Credit Card,Delivered,4.1,2022,11,3
211,ORD00212,2022-09-12,CUST2489,Divya,36,F,North,Food,Cooking Oil,4,1420.99,0,UPI,Returned,3.4,2022,9,12
212,ORD00213,2022-09-04,CUST2164,Nikhil,18,M,East,Food,Rice 5kg,4,2499.69,0,UPI,Returned,3.4,2022,9,4
213,ORD00214,2022-03-16,CUST0277,Ritu,18,F,East,Furniture,Sofa,9,3430.56,15,Cash,Delivered,,2022,3,16
217,ORD00218,2022-06-20,CUST1101,Rahul,64,M,North,Clothing,Saree,6,2638.88,10,Credit Card,Pending,4.0,2022,6,20
219,ORD00220,2022-08-22,CUST0051,Karan,33,M,North,Clothing,Jacket,2,4476.63,0,Net Banking,Pending,1.0,2022,8,22
220,ORD00221,2022-08-18,CUST2951,Sneha,38,F,East,Clothing,T-Shirt,9,4025.42,15,Credit Card,Pending,2.7,2022,8,18
221,ORD00222,2022-02-17,CUST1906,Dev,36,M,East,Books,Novel,3,1154.77,20,UPI,Delivered,1.3,2022,2,17
223,ORD00224,2022-12-10,CUST2693,Nikhil,42,M,East,Electronics,Phone,9,1764.8,0,Credit Card,Returned,,2022,12,10
224,ORD00225,2022-02-14,CUST2129,Nikhil,44,M,East,Furniture,Chair,3,3572.68,0,Net Banking,Delivered,4.6,2022,2,14
227,ORD00228,2022-04-03,CUST2887,Kavya,62,F,Central,Furniture,Sofa,8,1361.79,0,Credit Card,Returned,3.7,2022,4,3
229,ORD00230,2022-05-14,CUST2812,Arjun,58,M,North,Electronics,Phone,2,109.19,5,Debit Card,Pending,2.6,2022,5,14
230,ORD00231,2022-12-06,CUST0208,Rahul,28,M,Central,Electronics,Phone,8,4056.03,0,Net Banking,Cancelled,4.8,2022,12,6
231,ORD00232,2022-10-09,CUST0142,Priya,57,F,Central,Furniture,Bookshelf,3,1802.02,5,Debit Card,Returned,4.5,2022,10,9
233,ORD00234,2022-11-26,CUST1307,Pooja,56,F,South,Sports,Yoga Mat,6,4567.75,20,Credit Card,Pending,1.7,2022,11,26
234,ORD00235,2022-04-13,CUST2186,Arjun,65,M,North,Sports,Badminton Set,10,4998.05,5,Cash,Cancelled,2.0,2022,4,13
236,ORD00237,2022-02-27,CUST2157,Arjun,48,M,North,Sports,Badminton Set,3,2477.66,0,UPI,Returned,1.9,2022,2,27
239,ORD00240,2022-05-11,CUST2876,Rohan,54,M,West,Toys,Doll,7,1568.77,10,Debit Card,Delivered,1.0,2022,5,11
241,ORD00242,2022-12-25,CUST0006,Pooja,21,F,West,Electronics,Tablet,4,1285.23,0,Net Banking,Cancelled,1.4,2022,12,25
243,ORD00244,2022-12-17,CUST2999,Ravi,22,M,Central,Electronics,Tablet,5,4760.73,0,Credit Card,Pending,2.5,2022,12,17
244,ORD00245,2022-02-24,CUST0779,Priya,44,F,Central,Furniture,Table,10,4454.28,5,Debit Card,Pending,1.8,2022,2,24
247,ORD00248,2022-09-27,CUST1101,Sneha,54,F,North,Food,Dal 2kg,6,973.59,0,Cash,Delivered,2.1,2022,9,27
248,ORD00249,2022-08-21,CUST2141,Karan,44,M,Central,Toys,Board Game,7,4854.99,20,Net Banking,Returned,4.4,2022,8,21
250,ORD00251,2022-07-26,CUST2438,Vijay,34,M,East,Electronics,Headphones,2,4941.99,15,Credit Card,Delivered,3.5,2022,7,26
252,ORD00253,2022-04-19,CUST1172,Nikhil,52,M,East,Clothing,Jeans,10,2960.27,0,Net Banking,Pending,1.4,2022,4,19
254,ORD00255,2022-12-12,CUST1149,Rahul,49,M,North,Books,Self-Help,5,4490.31,0,Cash,Returned,2.2,2022,12,12
257,ORD00258,2022-10-08,CUST1626,Suresh,58,M,North,Electronics,Headphones,1,4594.25,5,Credit Card,Returned,2.9,2022,10,8
261,ORD00262,2022-01-08,CUST1533,Arjun,53,M,Central,Food,Biscuits,10,2015.91,0,Debit Card,Pending,3.6,2022,1,8
262,ORD00263,2022-10-11,CUST2669,Anita,37,F,South,Furniture,Chair,6,4942.39,10,Cash,Returned,3.8,2022,10,11
263,ORD00264,2022-10-30,CUST1591,Rohan,65,M,North,Furniture,Sofa,3,3620.35,15,Debit Card,Returned,2.7,2022,10,30
267,ORD00268,2022-02-25,CUST0821,Kavya,39,F,West,Sports,Cricket Bat,7,2672.7,15,Debit Card,Cancelled,1.6,2022,2,25
268,ORD00269,2022-11-17,CUST1121,Karan,31,M,South,Toys,Doll,2,2463.53,5,Debit Card,Returned,1.0,2022,11,17
270,ORD00271,2022-08-20,CUST0529,Asha,24,F,West,Clothing,T-Shirt,1,3152.1,5,Debit Card,Pending,2.4,2022,8,20
272,ORD00273,2022-08-05,CUST0693,Vijay,25,M,East,Toys,Puzzle,1,1180.67,5,Credit Card,Cancelled,3.4,2022,8,5
274,ORD00275,2022-11-05,CUST2132,Pooja,35,F,Central,Books,Textbook,4,3491.2,0,Debit Card,Returned,1.4,2022,11,5
276,ORD00277,2022-12-05,CUST0365,Sneha,25,F,Central,Electronics,Smartwatch,8,4556.27,15,Net Banking,Returned,1.1,2022,12,5
277,ORD00278,2022-10-31,CUST0716,Dev,20,M,East,Electronics,Laptop,5,3239.47,15,UPI,Pending,1.2,2022,10,31
278,ORD00279,2022-12-03,CUST2547,Anita,35,F,North,Electronics,Laptop,1,4267.39,5,UPI,Pending,2.8,2022,12,3
280,ORD00281,2022-07-05,CUST2505,Amit,19,M,South,Furniture,Bed Frame,8,4021.21,15,Net Banking,Cancelled,4.1,2022,7,5
281,ORD00282,2022-01-13,CUST2362,Nikhil,64,M,Central,Furniture,Chair,2,1344.98,10,Cash,Pending,3.7,2022,1,13
282,ORD00283,2022-06-02,CUST2511,Nikhil,21,M,North,Books,Textbook,8,1761.46,15,Cash,Cancelled,3.2,2022,6,2
283,ORD00284,2022-02-21,CUST1551,Sneha,43,F,South,Electronics,Headphones,6,1242.41,10,Credit Card,Cancelled,3.2,2022,2,21
285,ORD00286,2022-12-16,CUST0914,Rohan,47,M,East,Sports,Badminton Set,9,2833.55,15,Debit Card,Cancelled,1.2,2022,12,16
287,ORD00288,2022-07-12,CUST0884,Sneha,47,F,South,Toys,Puzzle,2,1308.73,5,UPI,Delivered,4.4,2022,7,12
289,ORD00290,2022-05-12,CUST2483,Ritu,38,F,Central,Furniture,Bed Frame,3,3474.5,5,Net Banking,Cancelled,3.6,2022,5,12
290,ORD00291,2022-05-22,CUST2099,Ravi,37,M,Central,Furniture,Sofa,5,2291.59,5,UPI,Returned,3.8,2022,5,22
292,ORD00293,2022-01-14,CUST0596,Ritu,21,F,North,Sports,Yoga Mat,9,1465.34,15,Cash,Pending,1.1,2022,1,14
293,ORD00294,2022-07-28,CUST1854,Ravi,24,M,Central,Books,Comics,3,4204.94,10,Debit Card,Returned,1.1,2022,7,28
296,ORD00297,2022-10-13,CUST2393,Vijay,34,M,North,Clothing,Kurta,2,1917.13,15,UPI,Cancelled,1.5,2022,10,13
300,ORD00301,2022-01-26,CUST1536,Karan,50,M,Central,Furniture,Chair,7,1320.12,10,Net Banking,Cancelled,4.3,2022,1,26
301,ORD00302,2022-06-21,CUST2185,Ravi,18,M,North,Books,Textbook,6,2593.78,0,Cash,Returned,4.1,2022,6,21
305,ORD00306,2022-05-20,CUST2236,Divya,36,F,South,Furniture,Chair,8,823.8,5,UPI,Pending,4.2,2022,5,20
307,ORD00308,2022-07-18,CUST2324,Asha,21,F,Central,Clothing,Jeans,3,1142.9,10,Net Banking,Delivered,3.7,2022,7,18
308,ORD00309,2022-12-05,CUST0961,Anita,24,F,East,Food,Rice 5kg,4,3641.67,15,Debit Card,Delivered,3.7,2022,12,5
310,ORD00311,2022-05-18,CUST1966,Kavya,47,F,West,Toys,Doll,7,1419.57,10,UPI,Pending,2.3,2022,5,18
311,ORD00312,2022-05-24,CUST2567,Asha,22,F,North,Electronics,Phone,10,455.77,10,Credit Card,Delivered,1.8,2022,5,24
317,ORD00318,2022-01-07,CUST0679,Nisha,32,F,North,Toys,RC Car,8,3973.65,20,Debit Card,Pending,1.6,2022,1,7
322,ORD00323,2022-05-16,CUST2066,Pooja,61,F,West,Sports,Dumbbells,2,1187.58,15,Cash,Delivered,1.8,2022,5,16
324,ORD00325,2022-08-23,CUST1562,Asha,40,F,Central,Furniture,Sofa,1,3503.33,15,Debit Card,Delivered,2.9,2022,8,23
325,ORD00326,2022-10-18,CUST1056,Sneha,30,F,North,Food,Dal 2kg,4,4554.92,0,Credit Card,Delivered,3.2,2022,10,18
326,ORD00327,2022-06-08,CUST1071,Nikhil,52,M,West,Books,Textbook,6,2073.78,0,Debit Card,Pending,3.3,2022,6,8
328,ORD00329,2022-04-13,CUST1387,Sneha,53,F,Central,Toys,LEGO Set,4,2260.64,5,Credit Card,Returned,2.6,2022,4,13
330,ORD00331,2022-02-28,CUST2623,Divya,49,F,West,Sports,Dumbbells,5,3572.45,20,Credit Card,Returned,4.3,2022,2,28
332,ORD00333,2022-01-16,CUST0370,Divya,53,F,East,Food,Dal 2kg,7,2951.1,20,Debit Card,Pending,1.3,2022,1,16
334,ORD00335,2022-09-14,CUST2307,Nisha,48,F,South,Electronics,Smartwatch,5,4386.76,20,UPI,Cancelled,4.9,2022,9,14
339,ORD00340,2022-10-14,CUST0526,Pooja,21,F,Central,Sports,Badminton Set,8,955.22,20,Net Banking,Cancelled,4.0,2022,10,14
341,ORD00342,2022-10-03,CUST1499,Nisha,29,F,West,Sports,Badminton Set,3,2765.39,5,Net Banking,Returned,3.5,2022,10,3
342,ORD00343,2022-05-15,CUST0410,Nisha,64,F,East,Food,Dal 2kg,5,2281.11,20,Cash,Cancelled,3.7,2022,5,15
344,ORD00345,2022-03-03,CUST2580,Meera,24,F,West,Sports,Dumbbells,1,2022.09,5,UPI,Pending,2.0,2022,3,3
345,ORD00346,2022-05-05,CUST2481,Nisha,30,F,Central,Sports,Dumbbells,5,1753.49,15,Debit Card,Returned,3.7,2022,5,5
346,ORD00347,2022-03-22,CUST2588,Nisha,27,F,South,Food,Biscuits,8,3884.98,15,UPI,Cancelled,2.1,2022,3,22
353,ORD00354,2022-10-27,CUST2246,Asha,41,F,South,Electronics,Headphones,8,1533.07,15,Net Banking,Cancelled,4.2,2022,10,27
356,ORD00357,2022-10-16,CUST2979,Vijay,18,M,South,Electronics,Smartwatch,1,970.39,0,Credit Card,Returned,3.9,2022,10,16
362,ORD00363,2022-03-03,CUST2197,Arjun,24,M,South,Electronics,Smartwatch,6,4657.7,0,Net Banking,Returned,1.6,2022,3,3
364,ORD00365,2022-10-09,CUST2272,Kavya,28,F,North,Sports,Football,9,1770.94,15,Debit Card,Returned,3.4,2022,10,9
367,ORD00368,2022-04-20,CUST2339,Rahul,59,M,West,Toys,Doll,3,4373.79,5,Net Banking,Pending,1.4,2022,4,20
369,ORD00370,2022-11-08,CUST0885,Priya,51,F,North,Toys,Board Game,5,2668.65,0,Credit Card,Returned,,2022,11,8
373,ORD00374,2022-01-07,CUST1290,Rahul,19,M,East,Food,Biscuits,1,2612.17,10,Debit Card,Returned,1.9,2022,1,7
375,ORD00376,2022-04-08,CUST2994,Karan,54,M,West,Toys,Puzzle,3,2466.97,20,Credit Card,Delivered,2.2,2022,4,8
376,ORD00377,2022-08-21,CUST0047,Nisha,58,F,West,Toys,Puzzle,7,4654.72,0,Credit Card,Pending,4.4,2022,8,21
377,ORD00378,2022-06-06,CUST2997,Karan,43,M,West,Sports,Dumbbells,3,1667.82,5,Debit Card,Delivered,,2022,6,6
379,ORD00380,2022-07-20,CUST2148,Vijay,33,M,South,Furniture,Bed Frame,4,2464.91,20,Credit Card,Pending,5.0,2022,7,20
381,ORD00382,2022-08-28,CUST2984,Ritu,23,F,North,Toys,Puzzle,10,771.8,0,Credit Card,Returned,2.5,2022,8,28
382,ORD00383,2022-01-24,CUST0868,Ravi,31,M,Central,Electronics,Tablet,2,1560.33,15,Debit Card,Pending,4.0,2022,1,24
383,ORD00384,2022-02-14,CUST0823,Ritu,62,F,Central,Books,Textbook,1,1914.2,20,UPI,Delivered,1.2,2022,2,14
384,ORD00385,2022-04-21,CUST2660,Priya,42,F,South,Electronics,Headphones,5,3331.76,10,Net Banking,Delivered,,2022,4,21
386,ORD00387,2022-12-30,CUST2054,Pooja,35,F,North,Furniture,Table,1,1766.56,10,UPI,Cancelled,1.9,2022,12,30
389,ORD00390,2022-06-11,CUST2947,Asha,25,F,South,Clothing,Saree,3,3298.35,20,UPI,Returned,3.2,2022,6,11
390,ORD00391,2022-06-05,CUST0757,Karan,19,M,Central,Furniture,Bookshelf,5,2242.87,10,Debit Card,Pending,1.4,2022,6,5
391,ORD00392,2022-05-18,CUST2917,Rohan,59,M,East,Clothing,Jeans,1,1828.34,15,Cash,Cancelled,3.4,2022,5,18
392,ORD00393,2022-01-16,CUST0912,Pooja,65,F,South,Clothing,Jeans,4,1170.05,15,Cash,Delivered,4.8,2022,1,16
393,ORD00394,2022-09-10,CUST2491,Arjun,65,M,West,Toys,Board Game,8,3454.92,15,UPI,Cancelled,4.1,2022,9,10
394,ORD00395,2022-09-09,CUST0161,Dev,53,M,West,Electronics,Headphones,8,4143.7,0,Debit Card,Delivered,2.6,2022,9,9
397,ORD00398,2022-05-07,CUST2893,Arjun,46,M,East,Electronics,Tablet,6,3474.0,5,Credit Card,Cancelled,,2022,5,7
399,ORD00400,2022-05-15,CUST1037,Meera,18,F,West,Books,Self-Help,5,3150.94,0,Net Banking,Cancelled,1.0,2022,5,15
401,ORD00402,2022-05-29,CUST2472,Rahul,37,M,East,Clothing,Jeans,1,3283.72,0,Credit Card,Delivered,3.7,2022,5,29
406,ORD00407,2022-08-01,CUST1696,Kavya,20,F,East,Electronics,Laptop,1,2351.18,0,UPI,Returned,5.0,2022,8,1
407,ORD00408,2022-11-04,CUST0026,Suresh,25,M,East,Books,Comics,5,3961.47,10,UPI,Cancelled,2.3,2022,11,4
411,ORD00412,2022-08-10,CUST1533,Anita,20,F,South,Furniture,Table,6,2286.94,10,Credit Card,Cancelled,1.7,2022,8,10
414,ORD00415,2022-10-21,CUST1807,Rohan,60,M,North,Toys,RC Car,4,1638.36,5,UPI,Returned,2.3,2022,10,21
415,ORD00416,2022-07-31,CUST1111,Ravi,27,M,East,Electronics,Laptop,10,2820.15,0,Debit Card,Returned,3.2,2022,7,31
416,ORD00417,2022-05-14,CUST2767,Amit,21,M,North,Food,Biscuits,6,2725.86,0,Net Banking,Delivered,,2022,5,14
419,ORD00420,2022-12-26,CUST1157,Nisha,40,F,Central,Furniture,Bookshelf,1,373.56,0,Debit Card,Returned,4.4,2022,12,26
420,ORD00421,2022-11-06,CUST1694,Nikhil,33,M,Central,Toys,LEGO Set,6,2802.94,0,Cash,Returned,2.6,2022,11,6
424,ORD00425,2022-11-03,CUST1248,Ritu,45,F,East,Sports,Yoga Mat,4,1068.03,10,Credit Card,Delivered,4.7,2022,11,3
425,ORD00426,2022-02-24,CUST2294,Sneha,40,F,North,Toys,RC Car,1,1877.65,20,UPI,Delivered,,2022,2,24
427,ORD00428,2022-05-18,CUST2656,Nisha,19,F,South,Toys,Puzzle,3,1477.93,5,Net Banking,Cancelled,,2022,5,18
430,ORD00431,2022-05-26,CUST1145,Nisha,47,F,Central,Electronics,Smartwatch,8,4810.6,0,Credit Card,Delivered,3.1,2022,5,26
432,ORD00433,2022-10-24,CUST2448,Ritu,65,F,East,Books,Comics,7,1796.93,10,Debit Card,Pending,3.8,2022,10,24
434,ORD00435,2022-01-15,CUST2424,Meera,65,F,South,Clothing,Kurta,5,1412.32,10,Net Banking,Pending,3.4,2022,1,15
435,ORD00436,2022-02-03,CUST0595,Ravi,56,M,South,Toys,Doll,8,945.01,20,Net Banking,Cancelled,1.3,2022,2,3
436,ORD00437,2022-02-25,CUST0476,Kavya,21,F,South,Books,Self-Help,3,1093.74,10,Net Banking,Cancelled,4.0,2022,2,25
439,ORD00440,2022-07-19,CUST0737,Ritu,38,F,Central,Furniture,Bookshelf,4,3684.85,20,Credit Card,Delivered,3.7,2022,7,19
440,ORD00441,2022-12-26,CUST0791,Rahul,20,M,North,Furniture,Chair,9,564.34,15,Debit Card,Delivered,2.1,2022,12,26
441,ORD00442,2022-03-30,CUST2689,Rohan,59,M,Central,Books,Textbook,10,3208.51,0,Cash,Delivered,1.5,2022,3,30
443,ORD00444,2022-07-02,CUST0822,Nikhil,57,M,West,Furniture,Sofa,1,1328.28,10,Cash,Cancelled,3.0,2022,7,2
445,ORD00446,2022-06-05,CUST2354,Arjun,18,M,Central,Clothing,T-Shirt,1,3339.8,10,Net Banking,Cancelled,4.6,2022,6,5
447,ORD00448,2022-03-24,CUST1188,Priya,59,F,South,Books,Novel,6,2696.4,10,Cash,Delivered,4.0,2022,3,24
451,ORD00452,2022-02-16,CUST0059,Vijay,29,M,North,Furniture,Chair,8,4540.54,20,UPI,Delivered,3.6,2022,2,16
452,ORD00453,2022-04-27,CUST0904,Ritu,22,F,South,Clothing,Kurta,2,4098.11,0,Net Banking,Pending,4.2,2022,4,27
453,ORD00454,2022-02-16,CUST0495,Nisha,35,F,South,Electronics,Smartwatch,9,729.78,5,Net Banking,Returned,2.3,2022,2,16
454,ORD00455,2022-05-17,CUST2590,Asha,57,F,West,Clothing,Saree,4,4632.09,0,Cash,Delivered,,2022,5,17
455,ORD00456,2022-10-18,CUST1950,Anita,62,F,South,Electronics,Laptop,3,4634.38,20,Cash,Returned,4.2,2022,10,18
460,ORD00461,2022-08-24,CUST0402,Ritu,33,F,West,Sports,Badminton Set,7,1033.82,10,Cash,Cancelled,2.3,2022,8,24
461,ORD00462,2022-05-29,CUST0730,Amit,42,M,East,Furniture,Bed Frame,8,318.98,15,Cash,Cancelled,3.4,2022,5,29
462,ORD00463,2022-03-03,CUST1907,Karan,47,M,West,Food,Cooking Oil,6,679.7,20,Cash,Pending,1.4,2022,3,3
466,ORD00467,2022-01-17,CUST2881,Nikhil,47,M,Central,Clothing,Jeans,6,1514.16,0,Debit Card,Delivered,2.2,2022,1,17
470,ORD00471,2022-08-19,CUST2063,Dev,61,M,West,Electronics,Headphones,10,4362.1,5,UPI,Delivered,4.6,2022,8,19
472,ORD00473,2022-10-23,CUST0675,Suresh,35,M,North,Furniture,Chair,2,1983.88,5,Cash,Cancelled,1.3,2022,10,23
473,ORD00474,2022-05-16,CUST2641,Suresh,19,M,East,Sports,Cricket Bat,5,2111.86,20,Cash,Delivered,2.7,2022,5,16
475,ORD00476,2022-08-21,CUST0194,Meera,27,F,East,Sports,Football,5,900.1,10,UPI,Cancelled,4.9,2022,8,21
478,ORD00479,2022-11-24,CUST2238,Anita,50,F,East,Electronics,Headphones,8,3854.16,15,UPI,Cancelled,4.9,2022,11,24
479,ORD00480,2022-12-13,CUST0165,Ritu,26,F,Central,Books,Textbook,10,3656.29,15,Credit Card,Pending,3.9,2022,12,13
480,ORD00481,2022-02-26,CUST2157,Nikhil,32,M,East,Sports,Football,8,1819.1,10,Cash,Delivered,1.8,2022,2,26
481,ORD00482,2022-07-19,CUST2096,Dev,21,M,East,Toys,Puzzle,2,4880.41,15,Net Banking,Returned,3.4,2022,7,19
482,ORD00483,2022-11-12,CUST0359,Nisha,31,F,West,Furniture,Sofa,1,1459.02,10,Net Banking,Cancelled,4.5,2022,11,12
486,ORD00487,2022-01-30,CUST0274,Anita,56,F,East,Books,Comics,7,937.89,5,Debit Card,Cancelled,2.1,2022,1,30
487,ORD00488,2022-01-18,CUST0240,Meera,27,F,East,Books,Self-Help,2,1897.35,20,Net Banking,Returned,1.7,2022,1,18
488,ORD00489,2022-02-19,CUST0315,Sneha,50,F,South,Electronics,Tablet,6,2126.59,10,Cash,Delivered,3.1,2022,2,19
489,ORD00490,2022-04-09,CUST0589,Dev,18,M,South,Food,Spices Pack,5,1393.72,10,Debit Card,Pending,2.4,2022,4,9
491,ORD00492,2022-12-23,CUST1811,Pooja,56,F,Central,Electronics,Laptop,3,4620.88,15,UPI,Returned,2.5,2022,12,23
494,ORD00495,2022-07-09,CUST0597,Amit,65,M,East,Toys,LEGO Set,10,1066.74,5,Debit Card,Pending,1.1,2022,7,9
495,ORD00496,2022-03-11,CUST2369,Sneha,18,F,Central,Toys,Board Game,10,1247.02,20,Cash,Returned,,2022,3,11
496,ORD00497,2022-08-08,CUST1945,Sneha,41,F,Central,Toys,Board Game,1,4869.22,0,Cash,Cancelled,4.4,2022,8,8
497,ORD00498,2022-08-22,CUST1288,Vijay,25,M,West,Toys,RC Car,7,2149.25,20,Credit Card,Returned,4.0,2022,8,22
498,ORD00499,2022-12-02,CUST1872,Nisha,56,F,East,Books,Comics,9,3624.58,0,Net Banking,Returned,2.5,2022,12,2
500,ORD00501,2022-06-22,CUST0816,Amit,39,M,South,Clothing,Saree,7,3490.43,0,Debit Card,Cancelled,,2022,6,22
503,ORD00504,2022-11-07,CUST0314,Priya,60,F,Central,Clothing,Saree,10,3412.06,5,Net Banking,Cancelled,1.4,2022,11,7
504,ORD00505,2022-12-18,CUST0073,Ravi,20,M,West,Books,Self-Help,8,2548.73,20,Credit Card,Cancelled,3.2,2022,12,18
505,ORD00506,2022-07-01,CUST1242,Nisha,63,F,South,Toys,Puzzle,8,2325.3,0,Net Banking,Cancelled,4.4,2022,7,1
509,ORD00510,2022-11-09,CUST2206,Suresh,38,M,North,Clothing,Jacket,10,470.46,0,Net Banking,Cancelled,1.7,2022,11,9
517,ORD00518,2022-01-30,CUST2698,Divya,53,F,South,Books,Novel,4,838.82,5,Credit Card,Cancelled,4.2,2022,1,30
519,ORD00520,2022-09-01,CUST1284,Dev,39,M,Central,Books,Cookbook,9,1296.45,0,Net Banking,Returned,4.1,2022,9,1
524,ORD00525,2022-06-14,CUST1442,Pooja,44,F,Central,Books,Self-Help,6,3601.06,0,Debit Card,Pending,3.0,2022,6,14
525,ORD00526,2022-01-04,CUST1286,Priya,54,F,North,Toys,LEGO Set,3,3169.27,5,Credit Card,Returned,3.5,2022,1,4
529,ORD00530,2022-07-15,CUST1091,Pooja,36,F,West,Toys,Puzzle,2,1161.2,5,Net Banking,Returned,4.3,2022,7,15
531,ORD00532,2022-11-28,CUST0870,Karan,63,M,West,Sports,Yoga Mat,2,101.09,5,Net Banking,Pending,2.6,2022,11,28
533,ORD00534,2022-02-12,CUST2064,Meera,49,F,East,Furniture,Sofa,3,4841.89,20,Net Banking,Returned,2.0,2022,2,12
534,ORD00535,2022-11-17,CUST0524,Karan,49,M,East,Books,Cookbook,7,751.89,0,UPI,Cancelled,,2022,11,17
535,ORD00536,2022-11-20,CUST0620,Meera,53,F,West,Sports,Badminton Set,9,1599.4,5,Credit Card,Returned,3.0,2022,11,20
537,ORD00538,2022-10-18,CUST2084,Pooja,35,F,Central,Electronics,Phone,2,1780.54,5,Debit Card,Returned,1.7,2022,10,18
538,ORD00539,2022-09-10,CUST1347,Dev,19,M,East,Toys,Board Game,3,2111.27,0,Credit Card,Cancelled,3.7,2022,9,10
541,ORD00542,2022-06-16,CUST2651,Meera,59,F,South,Clothing,Jeans,7,491.48,5,Credit Card,Pending,2.6,2022,6,16
543,ORD00544,2022-04-06,CUST1400,Nikhil,47,M,South,Toys,RC Car,10,972.46,15,Cash,Cancelled,,2022,4,6
544,ORD00545,2022-11-04,CUST1231,Ravi,33,M,Central,Furniture,Bookshelf,2,4540.68,15,Net Banking,Pending,1.5,2022,11,4
546,ORD00547,2022-07-03,CUST0186,Ritu,23,F,West,Electronics,Smartwatch,1,613.98,15,UPI,Pending,4.4,2022,7,3
547,ORD00548,2022-08-05,CUST2475,Pooja,34,F,North,Sports,Badminton Set,6,4835.26,5,Net Banking,Delivered,4.0,2022,8,5
549,ORD00550,2022-01-17,CUST0110,Meera,31,F,West,Electronics,Phone,3,118.69,0,Cash,Returned,1.8,2022,1,17
551,ORD00552,2022-02-22,CUST2921,Arjun,45,M,West,Sports,Football,4,1509.42,15,Net Banking,Pending,1.4,2022,2,22
556,ORD00557,2022-11-07,CUST0075,Vijay,40,M,East,Sports,Yoga Mat,2,3977.74,15,UPI,Returned,3.2,2022,11,7
557,ORD00558,2022-08-21,CUST1057,Dev,39,M,East,Electronics,Laptop,6,2181.57,20,Credit Card,Pending,1.9,2022,8,21
559,ORD00560,2022-10-27,CUST2042,Vijay,64,M,North,Books,Novel,4,4559.38,5,Cash,Pending,4.0,2022,10,27
560,ORD00561,2022-09-09,CUST1175,Sneha,50,F,South,Electronics,Phone,8,4849.7,0,Credit Card,Pending,2.9,2022,9,9
562,ORD00563,2022-12-13,CUST0674,Arjun,45,M,North,Clothing,T-Shirt,9,4721.03,0,Net Banking,Delivered,4.9,2022,12,13
563,ORD00564,2022-11-08,CUST1410,Rohan,18,M,East,Electronics,Smartwatch,5,2125.56,20,Debit Card,Returned,2.3,2022,11,8
565,ORD00566,2022-10-18,CUST1279,Dev,51,M,East,Food,Dal 2kg,3,2626.33,20,Cash,Delivered,3.0,2022,10,18
568,ORD00569,2022-09-11,CUST0789,Meera,41,F,West,Food,Biscuits,3,3586.04,20,Credit Card,Returned,3.1,2022,9,11
571,ORD00572,2022-05-02,CUST0496,Arjun,41,M,Central,Furniture,Chair,3,4723.14,10,UPI,Delivered,2.6,2022,5,2
572,ORD00573,2022-01-29,CUST2416,Amit,44,M,North,Food,Spices Pack,6,1551.14,15,UPI,Pending,1.6,2022,1,29
573,ORD00574,2022-03-11,CUST2348,Vijay,37,M,Central,Toys,Puzzle,1,655.52,10,Net Banking,Pending,2.7,2022,3,11
575,ORD00576,2022-10-12,CUST2897,Kavya,19,F,Central,Furniture,Sofa,9,276.81,15,UPI,Delivered,4.5,2022,10,12
578,ORD00579,2022-04-28,CUST1169,Priya,27,F,South,Toys,Board Game,6,1940.95,0,UPI,Delivered,3.2,2022,4,28
579,ORD00580,2022-07-05,CUST0240,Ravi,37,M,West,Furniture,Table,1,3091.65,10,Credit Card,Pending,,2022,7,5
580,ORD00581,2022-02-23,CUST2401,Nikhil,33,M,West,Food,Spices Pack,7,4710.81,0,Debit Card,Cancelled,4.0,2022,2,23
582,ORD00583,2022-03-27,CUST0584,Dev,41,M,Central,Books,Textbook,5,2862.82,15,Cash,Returned,3.0,2022,3,27
583,ORD00584,2022-10-24,CUST0247,Asha,48,F,East,Furniture,Chair,1,4072.59,20,Debit Card,Pending,1.7,2022,10,24
584,ORD00585,2022-02-16,CUST0287,Nisha,37,F,North,Toys,Doll,10,4211.39,10,Net Banking,Delivered,3.1,2022,2,16
588,ORD00589,2022-01-21,CUST2905,Amit,40,M,South,Furniture,Sofa,4,2250.66,5,Credit Card,Pending,3.7,2022,1,21
589,ORD00590,2022-08-03,CUST2616,Suresh,43,M,North,Furniture,Sofa,1,1439.74,20,UPI,Cancelled,,2022,8,3
592,ORD00593,2022-02-14,CUST1139,Meera,44,F,Central,Electronics,Smartwatch,8,2503.09,20,Net Banking,Pending,1.9,2022,2,14
593,ORD00594,2022-08-20,CUST0305,Nikhil,33,M,South,Clothing,Jacket,2,4406.49,0,Cash,Pending,2.7,2022,8,20
601,ORD00602,2022-07-25,CUST0281,Dev,39,M,South,Toys,Board Game,1,2139.2,5,Net Banking,Cancelled,1.8,2022,7,25
602,ORD00603,2022-06-16,CUST0173,Ritu,49,F,South,Sports,Badminton Set,10,1533.18,10,Credit Card,Returned,4.5,2022,6,16
605,ORD00606,2022-07-02,CUST1073,Ravi,24,M,North,Books,Textbook,6,4245.29,5,Cash,Cancelled,1.7,2022,7,2
610,ORD00611,2022-08-12,CUST2341,Suresh,28,M,East,Clothing,Jeans,8,4322.68,15,UPI,Delivered,4.6,2022,8,12
611,ORD00612,2022-02-12,CUST1746,Amit,46,M,West,Food,Dal 2kg,9,1790.3,20,Net Banking,Cancelled,3.5,2022,2,12
612,ORD00613,2022-08-28,CUST0338,Pooja,36,F,Central,Food,Spices Pack,7,172.36,15,Debit Card,Delivered,1.3,2022,8,28
613,ORD00614,2022-07-25,CUST1025,Kavya,37,F,East,Electronics,Laptop,2,1833.17,20,Cash,Returned,3.7,2022,7,25
617,ORD00618,2022-11-03,CUST0132,Kavya,26,F,South,Furniture,Bookshelf,7,3826.07,20,UPI,Cancelled,1.1,2022,11,3
618,ORD00619,2022-04-22,CUST2618,Kavya,37,F,North,Furniture,Chair,9,1962.85,15,Cash,Delivered,4.8,2022,4,22
619,ORD00620,2022-03-13,CUST0844,Rahul,32,M,East,Toys,Board Game,8,182.85,5,Debit Card,Delivered,2.5,2022,3,13
621,ORD00622,2022-06-12,CUST2407,Vijay,30,M,Central,Toys,Doll,5,2189.39,15,Net Banking,Pending,4.8,2022,6,12
622,ORD00623,2022-09-10,CUST2011,Rahul,47,M,West,Clothing,Saree,2,4131.68,20,Debit Card,Delivered,4.6,2022,9,10
624,ORD00625,2022-09-03,CUST2573,Divya,52,F,East,Books,Textbook,10,522.89,0,Credit Card,Returned,1.6,2022,9,3
625,ORD00626,2022-04-18,CUST1680,Divya,46,F,South,Toys,Board Game,2,4976.82,0,UPI,Returned,4.1,2022,4,18
626,ORD00627,2022-07-19,CUST0470,Arjun,63,M,South,Electronics,Laptop,8,1936.72,15,UPI,Cancelled,1.0,2022,7,19
627,ORD00628,2022-05-24,CUST0661,Pooja,28,F,North,Electronics,Laptop,9,3302.26,15,Debit Card,Delivered,2.1,2022,5,24
630,ORD00631,2022-12-12,CUST0259,Kavya,32,F,North,Clothing,T-Shirt,1,2137.33,0,Cash,Returned,3.7,2022,12,12
634,ORD00635,2022-03-11,CUST2397,Sneha,46,F,West,Food,Cooking Oil,6,4891.21,15,Debit Card,Returned,3.4,2022,3,11
635,ORD00636,2022-09-07,CUST1535,Suresh,49,M,East,Electronics,Smartwatch,2,1578.8,15,Cash,Returned,1.2,2022,9,7
637,ORD00638,2022-02-25,CUST1018,Priya,61,F,South,Clothing,Jacket,6,1249.13,20,Debit Card,Cancelled,3.7,2022,2,25
638,ORD00639,2022-07-17,CUST0580,Sneha,31,F,South,Furniture,Chair,2,4355.84,0,Credit Card,Returned,,2022,7,17
639,ORD00640,2022-06-18,CUST0723,Suresh,56,M,South,Sports,Cricket Bat,7,3638.7,10,UPI,Pending,2.0,2022,6,18
642,ORD00643,2022-05-20,CUST0777,Meera,18,F,North,Furniture,Bed Frame,10,2430.18,10,Debit Card,Pending,1.8,2022,5,20
647,ORD00648,2022-05-27,CUST1631,Divya,62,F,East,Toys,LEGO Set,2,3199.09,10,Credit Card,Returned,1.8,2022,5,27
649,ORD00650,2022-07-16,CUST1675,Arjun,46,M,Central,Sports,Football,3,1044.66,5,Credit Card,Returned,4.6,2022,7,16
650,ORD00651,2022-01-31,CUST2756,Ravi,24,M,North,Electronics,Headphones,2,1419.97,10,Credit Card,Pending,2.9,2022,1,31
654,ORD00655,2022-11-30,CUST1985,Rahul,43,M,Central,Books,Comics,1,3187.2,0,Credit Card,Pending,1.9,2022,11,30
656,ORD00657,2022-04-29,CUST0997,Anita,31,F,South,Food,Biscuits,8,881.86,15,Credit Card,Delivered,3.2,2022,4,29
657,ORD00658,2022-09-21,CUST2747,Priya,25,F,South,Clothing,Jacket,7,3843.23,5,Debit Card,Cancelled,4.8,2022,9,21
658,ORD00659,2022-03-08,CUST2939,Karan,65,M,West,Toys,Doll,10,3843.37,20,Debit Card,Cancelled,2.5,2022,3,8
659,ORD00660,2022-12-15,CUST0476,Suresh,54,M,East,Food,Rice 5kg,5,484.02,0,Cash,Pending,4.7,2022,12,15
660,ORD00661,2022-07-14,CUST1310,Ritu,41,F,South,Books,Novel,5,356.33,20,Debit Card,Returned,4.9,2022,7,14
661,ORD00662,2022-08-13,CUST2464,Nikhil,36,M,South,Electronics,Smartwatch,8,1613.83,10,Credit Card,Pending,2.8,2022,8,13
664,ORD00665,2022-03-15,CUST2853,Divya,30,F,Central,Books,Self-Help,6,3800.69,15,Net Banking,Delivered,2.1,2022,3,15
666,ORD00667,2022-04-15,CUST0605,Suresh,42,M,West,Toys,Doll,1,1843.02,20,Cash,Delivered,5.0,2022,4,15
670,ORD00671,2022-11-02,CUST0261,Anita,63,F,Central,Toys,Board Game,3,1950.6,15,Cash,Cancelled,1.4,2022,11,2
673,ORD00674,2022-09-12,CUST2128,Nisha,36,F,Central,Sports,Football,7,4886.66,0,Net Banking,Returned,4.8,2022,9,12
675,ORD00676,2022-10-12,CUST0305,Kavya,53,F,East,Clothing,Kurta,9,1119.4,10,UPI,Cancelled,3.5,2022,10,12
677,ORD00678,2022-09-11,CUST0511,Sneha,52,F,North,Food,Dal 2kg,7,178.25,20,Debit Card,Cancelled,,2022,9,11
678,ORD00679,2022-05-30,CUST0041,Karan,24,M,West,Books,Novel,6,4550.76,10,Cash,Cancelled,1.9,2022,5,30
679,ORD00680,2022-04-08,CUST1156,Amit,53,M,East,Clothing,Kurta,5,2964.69,15,Debit Card,Delivered,3.8,2022,4,8
683,ORD00684,2022-06-19,CUST1171,Anita,53,F,West,Books,Novel,2,3663.27,0,Credit Card,Cancelled,1.3,2022,6,19
684,ORD00685,2022-01-15,CUST0030,Arjun,63,M,West,Furniture,Bed Frame,9,3504.52,15,Debit Card,Pending,4.6,2022,1,15
686,ORD00687,2022-12-13,CUST2209,Priya,25,F,East,Furniture,Bookshelf,7,893.9,0,UPI,Cancelled,2.0,2022,12,13
688,ORD00689,2022-12-25,CUST1453,Rohan,18,M,North,Furniture,Sofa,5,1801.77,0,Net Banking,Cancelled,1.7,2022,12,25
689,ORD00690,2022-01-08,CUST0927,Amit,48,M,West,Sports,Dumbbells,3,2083.06,15,UPI,Pending,3.6,2022,1,8
691,ORD00692,2022-12-06,CUST0816,Amit,48,M,East,Clothing,Jacket,1,711.72,15,Credit Card,Cancelled,1.6,2022,12,6
693,ORD00694,2022-02-23,CUST2446,Vijay,65,M,North,Food,Biscuits,1,3848.56,5,Net Banking,Cancelled,2.4,2022,2,23
700,ORD00701,2022-07-17,CUST0307,Amit,52,M,Central,Clothing,Kurta,2,253.14,5,UPI,Pending,4.7,2022,7,17
702,ORD00703,2022-01-23,CUST0529,Anita,36,F,North,Furniture,Bookshelf,9,4660.1,20,Debit Card,Delivered,2.1,2022,1,23
705,ORD00706,2022-10-26,CUST0607,Asha,35,F,South,Electronics,Phone,4,275.78,5,UPI,Delivered,,2022,10,26
707,ORD00708,2022-06-30,CUST2693,Priya,55,F,North,Books,Novel,6,1135.43,10,Net Banking,Pending,1.1,2022,6,30
708,ORD00709,2022-06-09,CUST1778,Arjun,41,M,South,Clothing,Jacket,5,1059.4,15,Net Banking,Delivered,3.9,2022,6,9
709,ORD00710,2022-07-04,CUST0668,Sneha,29,F,West,Furniture,Table,3,984.86,15,Debit Card,Returned,1.1,2022,7,4
710,ORD00711,2022-04-13,CUST0049,Vijay,56,M,North,Electronics,Headphones,4,2302.37,15,Net Banking,Cancelled,1.5,2022,4,13
711,ORD00712,2022-10-02,CUST0056,Amit,18,M,North,Toys,LEGO Set,1,704.29,0,Debit Card,Pending,3.5,2022,10,2
712,ORD00713,2022-11-11,CUST0229,Suresh,52,M,East,Clothing,Saree,10,4467.33,5,Debit Card,Delivered,1.6,2022,11,11
713,ORD00714,2022-05-26,CUST0919,Rahul,19,M,South,Electronics,Smartwatch,5,557.7,15,Net Banking,Cancelled,,2022,5,26
715,ORD00716,2022-03-28,CUST0730,Ravi,45,M,Central,Food,Rice 5kg,10,1701.94,10,UPI,Returned,3.4,2022,3,28
716,ORD00717,2022-04-17,CUST1512,Sneha,34,F,North,Books,Comics,10,4096.93,10,Credit Card,Returned,3.0,2022,4,17
717,ORD00718,2022-03-10,CUST2977,Karan,35,M,South,Clothing,Saree,8,3620.65,15,Credit Card,Pending,2.7,2022,3,10
719,ORD00720,2022-08-24,CUST1728,Asha,51,F,Central,Furniture,Bed Frame,9,2488.38,20,Cash,Delivered,3.3,2022,8,24
720,ORD00721,2022-05-17,CUST1431,Karan,41,M,South,Electronics,Phone,1,1843.87,15,UPI,Cancelled,1.2,2022,5,17
721,ORD00722,2022-05-22,CUST0587,Dev,42,M,North,Furniture,Table,4,4147.72,0,Net Banking,Pending,3.8,2022,5,22
722,ORD00723,2022-06-11,CUST1497,Amit,27,M,North,Books,Cookbook,2,2410.29,20,Cash,Delivered,,2022,6,11
723,ORD00724,2022-05-24,CUST1227,Rohan,48,M,West,Toys,Puzzle,3,3838.82,15,UPI,Cancelled,3.8,2022,5,24
727,ORD00728,2022-01-29,CUST0437,Ravi,22,M,South,Electronics,Laptop,2,1845.37,10,Debit Card,Delivered,1.7,2022,1,29
732,ORD00733,2022-09-02,CUST0308,Nisha,27,F,Central,Sports,Yoga Mat,1,4458.87,15,Net Banking,Delivered,3.4,2022,9,2
734,ORD00735,2022-09-22,CUST1811,Ritu,59,F,South,Food,Spices Pack,2,402.11,15,Credit Card,Cancelled,4.9,2022,9,22
736,ORD00737,2022-09-08,CUST0634,Meera,24,F,East,Books,Novel,10,4888.29,0,Net Banking,Returned,3.2,2022,9,8
740,ORD00741,2022-03-27,CUST0335,Rahul,37,M,West,Toys,Puzzle,5,1297.75,5,Net Banking,Returned,2.1,2022,3,27
741,ORD00742,2022-12-17,CUST0814,Sneha,40,F,West,Toys,LEGO Set,2,4480.04,15,Net Banking,Cancelled,2.2,2022,12,17
748,ORD00749,2022-07-20,CUST1437,Divya,47,F,West,Clothing,Jeans,8,2780.36,0,Net Banking,Delivered,4.8,2022,7,20
749,ORD00750,2022-11-11,CUST1699,Kavya,61,F,South,Sports,Badminton Set,5,4404.06,10,Credit Card,Cancelled,4.2,2022,11,11
753,ORD00754,2022-06-06,CUST2899,Amit,52,M,North,Electronics,Headphones,1,3163.03,20,Debit Card,Cancelled,,2022,6,6
754,ORD00755,2022-11-01,CUST2975,Vijay,42,M,East,Furniture,Sofa,3,1236.62,5,Credit Card,Pending,4.4,2022,11,1
756,ORD00757,2022-01-23,CUST2563,Arjun,22,M,South,Toys,RC Car,4,1984.46,15,Net Banking,Cancelled,2.9,2022,1,23
759,ORD00760,2022-10-02,CUST0377,Rahul,40,M,Central,Food,Cooking Oil,4,463.04,5,UPI,Cancelled,1.8,2022,10,2
763,ORD00764,2022-09-09,CUST2691,Amit,41,M,East,Clothing,Jacket,7,3964.94,10,Cash,Pending,,2022,9,9
764,ORD00765,2022-11-26,CUST1580,Rahul,36,M,Central,Food,Rice 5kg,6,1108.17,20,Cash,Returned,3.2,2022,11,26
767,ORD00768,2022-02-10,CUST1925,Meera,24,F,West,Clothing,Saree,1,4484.36,20,UPI,Pending,1.1,2022,2,10
769,ORD00770,2022-05-23,CUST2817,Ritu,64,F,West,Electronics,Laptop,4,286.78,0,Cash,Returned,2.3,2022,5,23
770,ORD00771,2022-09-23,CUST0197,Suresh,37,M,North,Books,Comics,9,4948.35,0,UPI,Pending,1.2,2022,9,23
771,ORD00772,2022-05-10,CUST2393,Meera,44,F,West,Books,Textbook,3,2938.09,0,Credit Card,Returned,1.6,2022,5,10
772,ORD00773,2022-10-31,CUST0993,Pooja,60,F,South,Food,Spices Pack,8,1167.86,10,Credit Card,Delivered,2.4,2022,10,31
773,ORD00774,2022-07-12,CUST2419,Priya,51,F,Central,Clothing,T-Shirt,4,2367.34,15,UPI,Pending,2.4,2022,7,12
776,ORD00777,2022-12-27,CUST0345,Sneha,40,F,West,Food,Rice 5kg,8,3326.33,15,Cash,Returned,4.7,2022,12,27
779,ORD00780,2022-10-10,CUST2933,Rahul,43,M,West,Sports,Badminton Set,4,375.94,0,Net Banking,Delivered,3.5,2022,10,10
783,ORD00784,2022-04-13,CUST1854,Kavya,49,F,East,Sports,Dumbbells,3,3787.21,0,Debit Card,Pending,3.9,2022,4,13
785,ORD00786,2022-09-08,CUST1765,Vijay,41,M,South,Furniture,Table,3,1818.11,0,Credit Card,Returned,3.8,2022,9,8
786,ORD00787,2022-06-29,CUST1357,Anita,43,F,Central,Food,Biscuits,8,4937.29,20,Net Banking,Pending,3.7,2022,6,29
787,ORD00788,2022-05-06,CUST1422,Kavya,36,F,North,Electronics,Smartwatch,9,3524.09,20,Credit Card,Cancelled,2.8,2022,5,6
789,ORD00790,2022-01-06,CUST0003,Suresh,21,M,East,Food,Biscuits,2,313.31,10,Cash,Pending,3.6,2022,1,6
790,ORD00791,2022-05-27,CUST2398,Asha,23,F,East,Books,Cookbook,3,4770.74,10,Cash,Delivered,1.8,2022,5,27
791,ORD00792,2022-09-25,CUST0710,Nisha,54,F,West,Clothing,Saree,7,2025.61,0,UPI,Returned,3.4,2022,9,25
792,ORD00793,2022-03-29,CUST1889,Ravi,52,M,South,Clothing,Saree,9,1037.64,10,Net Banking,Cancelled,4.7,2022,3,29
803,ORD00804,2022-10-13,CUST1614,Vijay,22,M,West,Food,Biscuits,6,2324.43,5,Net Banking,Cancelled,3.6,2022,10,13
805,ORD00806,2022-11-28,CUST0970,Suresh,24,M,South,Electronics,Laptop,8,4674.46,15,Net Banking,Cancelled,4.9,2022,11,28
808,ORD00809,2022-01-06,CUST2239,Rohan,22,M,East,Electronics,Laptop,4,214.53,5,Cash,Cancelled,2.6,2022,1,6
812,ORD00813,2022-03-02,CUST1351,Priya,60,F,North,Electronics,Tablet,7,1341.36,10,Cash,Cancelled,3.2,2022,3,2
816,ORD00817,2022-08-26,CUST0042,Nisha,32,F,West,Clothing,Jacket,7,4594.44,5,Debit Card,Delivered,,2022,8,26
817,ORD00818,2022-07-04,CUST2468,Suresh,59,M,South,Toys,LEGO Set,2,330.44,15,UPI,Returned,2.3,2022,7,4
818,ORD00819,2022-07-30,CUST1463,Pooja,32,F,West,Books,Novel,2,428.07,20,UPI,Pending,3.9,2022,7,30
819,ORD00820,2022-04-17,CUST1683,Kavya,63,F,Central,Sports,Badminton Set,6,3503.97,20,Net Banking,Pending,,2022,4,17
820,ORD00821,2022-08-04,CUST0582,Suresh,20,M,South,Clothing,Kurta,4,1559.45,20,Net Banking,Cancelled,3.9,2022,8,4
821,ORD00822,2022-11-04,CUST1144,Rahul,57,M,West,Furniture,Chair,5,1425.94,15,Net Banking,Delivered,1.3,2022,11,4
824,ORD00825,2022-09-24,CUST0976,Asha,26,F,North,Furniture,Bookshelf,10,3610.14,20,UPI,Pending,2.5,2022,9,24
825,ORD00826,2022-02-09,CUST2701,Suresh,34,M,Central,Toys,Board Game,5,1720.79,15,Credit Card,Delivered,2.4,2022,2,9
828,ORD00829,2022-08-27,CUST2804,Suresh,50,M,West,Books,Textbook,3,4362.63,0,Debit Card,Pending,1.2,2022,8,27
829,ORD00830,2022-09-21,CUST1448,Dev,52,M,North,Books,Textbook,1,4760.93,10,Debit Card,Returned,,2022,9,21
830,ORD00831,2022-08-31,CUST2790,Anita,44,F,North,Electronics,Smartwatch,8,610.25,0,Net Banking,Pending,3.3,2022,8,31
832,ORD00833,2022-11-17,CUST2082,Ravi,55,M,East,Clothing,Kurta,1,575.85,5,Cash,Cancelled,4.1,2022,11,17
834,ORD00835,2022-07-19,CUST1000,Rohan,39,M,South,Furniture,Bed Frame,9,2233.04,10,UPI,Returned,2.2,2022,7,19
837,ORD00838,2022-06-01,CUST0812,Nisha,29,F,West,Food,Rice 5kg,2,2072.09,20,Credit Card,Returned,3.5,2022,6,1
838,ORD00839,2022-02-04,CUST0684,Nikhil,22,M,South,Food,Biscuits,8,3727.13,5,Debit Card,Cancelled,1.1,2022,2,4
839,ORD00840,2022-05-02,CUST1379,Nisha,55,F,Central,Clothing,Saree,9,1245.1,10,Debit Card,Delivered,4.3,2022,5,2
844,ORD00845,2022-08-26,CUST0848,Kavya,53,F,Central,Clothing,Jacket,5,4944.59,0,Cash,Delivered,1.6,2022,8,26
846,ORD00847,2022-09-27,CUST0561,Meera,35,F,North,Electronics,Laptop,8,4449.95,15,UPI,Delivered,,2022,9,27
852,ORD00853,2022-06-30,CUST0466,Divya,40,F,West,Furniture,Sofa,4,3328.97,0,Cash,Cancelled,2.3,2022,6,30
853,ORD00854,2022-08-09,CUST0250,Ritu,53,F,East,Furniture,Table,1,1490.1,20,UPI,Pending,4.1,2022,8,9
854,ORD00855,2022-10-02,CUST2607,Divya,20,F,East,Toys,Puzzle,7,2023.46,0,Net Banking,Cancelled,1.9,2022,10,2
856,ORD00857,2022-08-04,CUST0644,Nisha,52,F,West,Toys,Board Game,2,3291.91,20,Cash,Pending,1.8,2022,8,4
857,ORD00858,2022-01-14,CUST0083,Karan,51,M,North,Food,Dal 2kg,4,2787.11,5,Debit Card,Cancelled,,2022,1,14
858,ORD00859,2022-02-04,CUST1548,Priya,59,F,West,Clothing,Jacket,5,170.01,5,Cash,Pending,1.5,2022,2,4
860,ORD00861,2022-04-13,CUST1931,Divya,42,F,East,Sports,Cricket Bat,5,1406.55,5,Net Banking,Delivered,3.6,2022,4,13
865,ORD00866,2022-04-18,CUST0522,Kavya,18,F,South,Food,Dal 2kg,8,2596.43,0,Debit Card,Delivered,1.3,2022,4,18
866,ORD00867,2022-06-24,CUST0573,Suresh,65,M,Central,Furniture,Chair,1,4433.24,15,Net Banking,Cancelled,3.1,2022,6,24
869,ORD00870,2022-11-16,CUST0385,Karan,52,M,West,Furniture,Table,3,2378.94,0,UPI,Delivered,1.8,2022,11,16
870,ORD00871,2022-08-20,CUST0790,Rohan,35,M,East,Furniture,Bed Frame,3,380.52,20,Net Banking,Pending,1.1,2022,8,20
871,ORD00872,2022-03-21,CUST0887,Ritu,35,F,South,Toys,Puzzle,5,2827.51,5,UPI,Delivered,1.4,2022,3,21
877,ORD00878,2022-12-03,CUST1511,Arjun,34,M,Central,Food,Biscuits,4,77.79,10,Credit Card,Pending,,2022,12,3
878,ORD00879,2022-10-08,CUST0125,Ravi,63,M,West,Books,Self-Help,7,267.39,10,Debit Card,Cancelled,4.9,2022,10,8
880,ORD00881,2022-10-12,CUST2515,Arjun,65,M,North,Books,Novel,6,532.5,20,UPI,Pending,1.8,2022,10,12
883,ORD00884,2022-04-01,CUST2989,Karan,23,M,South,Furniture,Bed Frame,2,2852.64,15,UPI,Delivered,1.4,2022,4,1
884,ORD00885,2022-11-12,CUST0783,Rahul,65,M,South,Clothing,Jacket,8,452.31,5,UPI,Delivered,3.6,2022,11,12
885,ORD00886,2022-08-20,CUST0817,Meera,29,F,East,Clothing,Jacket,3,2846.95,15,UPI,Cancelled,2.1,2022,8,20
889,ORD00890,2022-12-09,CUST0767,Anita,40,F,East,Books,Comics,1,835.81,15,Cash,Cancelled,4.6,2022,12,9
891,ORD00892,2022-10-03,CUST0117,Meera,28,F,Central,Electronics,Phone,9,583.88,15,Cash,Pending,2.6,2022,10,3
892,ORD00893,2022-04-03,CUST1418,Rohan,47,M,West,Toys,Doll,3,3333.86,0,Cash,Cancelled,4.1,2022,4,3
893,ORD00894,2022-08-30,CUST2967,Vijay,33,M,South,Clothing,Jeans,5,1572.26,5,Debit Card,Pending,2.7,2022,8,30
898,ORD00899,2022-03-26,CUST2687,Sneha,43,F,North,Clothing,Saree,9,4179.45,15,Cash,Pending,3.9,2022,3,26
900,ORD00901,2022-07-03,CUST1571,Pooja,61,F,North,Books,Comics,9,4860.26,0,Cash,Delivered,3.1,2022,7,3
902,ORD00903,2022-01-25,CUST1462,Priya,44,F,North,Sports,Badminton Set,5,2157.23,10,Net Banking,Pending,1.7,2022,1,25
909,ORD00910,2022-11-24,CUST1893,Asha,65,F,West,Furniture,Bookshelf,9,112.21,10,Cash,Returned,2.8,2022,11,24
911,ORD00912,2022-12-27,CUST0096,Pooja,36,F,Central,Electronics,Phone,10,2945.44,20,Net Banking,Returned,2.7,2022,12,27
912,ORD00913,2022-04-10,CUST0454,Asha,54,F,East,Clothing,Saree,10,4746.65,0,Cash,Returned,1.8,2022,4,10
913,ORD00914,2022-10-13,CUST0433,Asha,60,F,East,Furniture,Sofa,4,2119.99,20,Debit Card,Cancelled,2.5,2022,10,13
914,ORD00915,2022-06-10,CUST1182,Nikhil,18,M,Central,Furniture,Bookshelf,5,4139.39,15,UPI,Cancelled,1.7,2022,6,10
915,ORD00916,2022-07-13,CUST0568,Amit,57,M,Central,Furniture,Bed Frame,7,4872.52,15,Debit Card,Delivered,3.5,2022,7,13
917,ORD00918,2022-11-27,CUST0127,Arjun,31,M,Central,Food,Cooking Oil,3,2387.24,5,Net Banking,Cancelled,1.3,2022,11,27
919,ORD00920,2022-03-14,CUST2933,Rahul,52,M,North,Books,Self-Help,9,4977.9,15,Debit Card,Delivered,4.8,2022,3,14
921,ORD00922,2022-06-23,CUST0582,Vijay,33,M,West,Toys,RC Car,10,3780.21,0,Cash,Pending,3.6,2022,6,23
922,ORD00923,2022-09-08,CUST2823,Karan,46,M,East,Books,Novel,8,4501.02,15,Net Banking,Pending,2.4,2022,9,8
923,ORD00924,2022-08-15,CUST2924,Ritu,36,F,East,Electronics,Phone,3,2632.81,0,Cash,Pending,3.3,2022,8,15
924,ORD00925,2022-05-31,CUST1054,Pooja,58,F,South,Books,Comics,3,3731.48,5,Credit Card,Returned,4.4,2022,5,31
926,ORD00927,2022-06-29,CUST2740,Divya,22,F,East,Toys,Puzzle,3,4360.37,15,Cash,Pending,2.5,2022,6,29
930,ORD00931,2022-05-16,CUST0933,Asha,33,F,Central,Food,Rice 5kg,4,3680.02,0,Debit Card,Cancelled,1.2,2022,5,16
931,ORD00932,2022-07-21,CUST1950,Anita,30,F,North,Sports,Cricket Bat,6,3960.58,0,Debit Card,Returned,2.8,2022,7,21
935,ORD00936,2022-08-07,CUST2173,Asha,48,F,North,Toys,Doll,4,3905.02,5,UPI,Returned,2.2,2022,8,7
937,ORD00938,2022-12-29,CUST1262,Ravi,45,M,Central,Furniture,Sofa,6,767.68,10,Net Banking,Cancelled,2.3,2022,12,29
939,ORD00940,2022-07-24,CUST1803,Priya,35,F,North,Food,Dal 2kg,7,1662.14,20,Credit Card,Returned,3.5,2022,7,24
941,ORD00942,2022-10-19,CUST0304,Amit,38,M,West,Electronics,Tablet,5,2712.58,15,Cash,Returned,1.5,2022,10,19
943,ORD00944,2022-07-08,CUST1484,Karan,39,M,South,Toys,RC Car,8,3749.0,5,UPI,Pending,1.9,2022,7,8
944,ORD00945,2022-02-19,CUST2099,Vijay,41,M,North,Electronics,Headphones,7,2011.72,15,Debit Card,Cancelled,1.2,2022,2,19
945,ORD00946,2022-12-08,CUST2316,Dev,23,M,Central,Toys,RC Car,9,2485.45,20,Credit Card,Returned,3.9,2022,12,8
946,ORD00947,2022-10-11,CUST0624,Rohan,59,M,East,Furniture,Bed Frame,4,3771.94,15,Credit Card,Returned,4.6,2022,10,11
947,ORD00948,2022-01-07,CUST0035,Pooja,32,F,East,Sports,Yoga Mat,1,2037.26,10,Net Banking,Returned,2.6,2022,1,7
949,ORD00950,2022-05-11,CUST1342,Ravi,38,M,South,Clothing,T-Shirt,1,2690.44,0,Cash,Returned,4.8,2022,5,11
950,ORD00951,2022-12-30,CUST1801,Sneha,25,F,West,Furniture,Sofa,4,4684.7,5,Credit Card,Cancelled,,2022,12,30
953,ORD00954,2022-12-30,CUST0268,Priya,45,F,East,Electronics,Headphones,7,2031.53,0,Cash,Delivered,2.2,2022,12,30
954,ORD00955,2022-07-01,CUST0638,Pooja,26,F,West,Electronics,Tablet,6,274.58,5,Credit Card,Delivered,1.5,2022,7,1
955,ORD00956,2022-06-26,CUST0621,Ravi,65,M,South,Food,Biscuits,7,4125.09,15,UPI,Delivered,3.1,2022,6,26
956,ORD00957,2022-09-29,CUST0106,Rahul,39,M,North,Furniture,Table,5,2048.09,10,Net Banking,Delivered,1.1,2022,9,29
957,ORD00958,2022-06-23,CUST0913,Nikhil,23,M,West,Electronics,Smartwatch,7,3824.39,20,Credit Card,Delivered,1.1,2022,6,23
959,ORD00960,2022-07-20,CUST0585,Ritu,32,F,North,Books,Novel,8,2489.37,20,Credit Card,Cancelled,3.1,2022,7,20
960,ORD00961,2022-12-03,CUST2420,Ritu,51,F,Central,Electronics,Phone,4,1290.82,10,Debit Card,Pending,2.8,2022,12,3
962,ORD00963,2022-07-12,CUST2365,Nikhil,43,M,West,Food,Rice 5kg,10,2429.84,10,Cash,Cancelled,4.3,2022,7,12
963,ORD00964,2022-12-12,CUST1046,Asha,39,F,West,Furniture,Chair,5,3294.53,20,Debit Card,Cancelled,4.6,2022,12,12
970,ORD00971,2022-09-12,CUST1132,Nikhil,26,M,West,Toys,Doll,7,1985.45,5,Credit Card,Returned,1.3,2022,9,12
972,ORD00973,2022-10-06,CUST1047,Anita,25,F,West,Sports,Dumbbells,8,810.7,10,Net Banking,Returned,1.2,2022,10,6
975,ORD00976,2022-04-17,CUST1999,Rohan,53,M,Central,Furniture,Table,10,2197.15,10,Debit Card,Cancelled,4.3,2022,4,17
977,ORD00978,2022-02-08,CUST2573,Priya,65,F,West,Food,Dal 2kg,8,2888.06,20,Credit Card,Returned,4.3,2022,2,8
978,ORD00979,2022-01-30,CUST1039,Rahul,40,M,East,Books,Comics,2,1496.77,15,UPI,Returned,4.4,2022,1,30
979,ORD00980,2022-06-14,CUST2242,Pooja,59,F,East,Toys,LEGO Set,6,2318.11,10,Net Banking,Pending,4.1,2022,6,14
980,ORD00981,2022-08-22,CUST2958,Arjun,23,M,West,Toys,LEGO Set,6,1791.43,20,UPI,Cancelled,2.2,2022,8,22
982,ORD00983,2022-07-23,CUST2915,Asha,56,F,West,Sports,Football,7,3111.43,0,UPI,Returned,,2022,7,23
983,ORD00984,2022-10-28,CUST1327,Asha,32,F,West,Food,Dal 2kg,3,4610.23,0,Credit Card,Returned,4.9,2022,10,28
984,ORD00985,2022-09-09,CUST0885,Ravi,27,M,North,Electronics,Headphones,4,4174.58,5,UPI,Returned,2.8,2022,9,9
985,ORD00986,2022-07-16,CUST2380,Rohan,43,M,Central,Furniture,Bookshelf,7,2803.8,20,Net Banking,Pending,4.4,2022,7,16
986,ORD00987,2022-11-24,CUST2840,Meera,26,F,East,Furniture,Sofa,6,4505.26,5,Cash,Returned,1.3,2022,11,24
987,ORD00988,2022-08-22,CUST2642,Dev,53,M,South,Books,Self-Help,9,1601.75,20,Net Banking,Pending,3.9,2022,8,22
988,ORD00989,2022-06-25,CUST1837,Arjun,53,M,North,Sports,Yoga Mat,8,2975.76,0,UPI,Cancelled,,2022,6,25
990,ORD00991,2022-12-05,CUST2081,Nikhil,44,M,South,Clothing,Saree,5,2715.06,10,Debit Card,Pending,4.2,2022,12,5
993,ORD00994,2022-09-16,CUST1645,Sneha,30,F,South,Electronics,Tablet,6,928.18,15,UPI,Delivered,1.7,2022,9,16
994,ORD00995,2022-03-04,CUST1529,Pooja,24,F,South,Toys,LEGO Set,9,1325.95,20,Credit Card,Delivered,1.2,2022,3,4
997,ORD00998,2022-12-24,CUST0686,Dev,24,M,West,Toys,LEGO Set,5,4678.41,0,Cash,Returned,3.4,2022,12,24
999,ORD01000,2022-04-12,CUST2683,Priya,38,F,Central,Food,Rice 5kg,8,4063.99,20,Debit Card,Cancelled,1.4,2022,4,12
1002,ORD01003,2022-07-12,CUST2803,Priya,45,F,Central,Sports,Cricket Bat,1,4835.5,15,Debit Card,Returned,3.2,2022,7,12
1007,ORD01008,2022-03-10,CUST1051,Amit,61,M,West,Books,Novel,2,836.67,15,UPI,Pending,2.3,2022,3,10
1008,ORD01009,2022-03-30,CUST0521,Ritu,51,F,North,Food,Rice 5kg,2,2004.79,5,Net Banking,Cancelled,3.0,2022,3,30
1009,ORD01010,2022-09-05,CUST0585,Amit,46,M,Central,Clothing,T-Shirt,7,963.17,0,Credit Card,Returned,2.5,2022,9,5
1010,ORD01011,2022-09-14,CUST0822,Karan,59,M,North,Electronics,Smartwatch,1,4745.52,10,Net Banking,Cancelled,2.4,2022,9,14
1011,ORD01012,2022-12-10,CUST1805,Ravi,22,M,South,Sports,Cricket Bat,4,960.62,5,Debit Card,Pending,2.8,2022,12,10
1013,ORD01014,2022-03-01,CUST0491,Amit,32,M,North,Books,Textbook,1,1937.01,20,Debit Card,Delivered,4.1,2022,3,1
1016,ORD01017,2022-08-21,CUST2567,Meera,40,F,South,Clothing,T-Shirt,8,2081.34,20,Net Banking,Cancelled,1.5,2022,8,21
1020,ORD01021,2022-10-07,CUST0639,Sneha,59,F,West,Furniture,Chair,4,1960.55,5,Debit Card,Returned,3.7,2022,10,7
1023,ORD01024,2022-06-13,CUST1701,Pooja,25,F,Central,Food,Cooking Oil,5,1551.04,20,Debit Card,Cancelled,1.6,2022,6,13
1024,ORD01025,2022-04-27,CUST1823,Dev,24,M,North,Sports,Yoga Mat,5,3465.32,5,Cash,Cancelled,1.6,2022,4,27
1026,ORD01027,2022-06-03,CUST2740,Karan,30,M,East,Electronics,Phone,3,3138.95,15,UPI,Delivered,4.7,2022,6,3
1029,ORD01030,2022-11-06,CUST1557,Vijay,42,M,North,Toys,Board Game,1,3686.47,0,UPI,Cancelled,4.6,2022,11,6
1030,ORD01031,2022-05-16,CUST2263,Nisha,30,F,West,Toys,Board Game,7,2065.62,10,UPI,Pending,3.9,2022,5,16
1031,ORD01032,2022-01-24,CUST0439,Arjun,33,M,North,Books,Novel,6,4314.32,0,Cash,Pending,4.2,2022,1,24
1032,ORD01033,2022-01-14,CUST2530,Vijay,22,M,South,Sports,Football,2,4325.27,0,Debit Card,Cancelled,2.4,2022,1,14
1033,ORD01034,2022-03-25,CUST0376,Anita,18,F,West,Sports,Cricket Bat,1,3535.53,5,Cash,Returned,3.9,2022,3,25
1035,ORD01036,2022-09-27,CUST0776,Sneha,62,F,North,Sports,Cricket Bat,2,920.46,5,Credit Card,Returned,3.2,2022,9,27
1036,ORD01037,2022-10-31,CUST1170,Karan,31,M,West,Toys,Doll,3,2003.61,20,UPI,Pending,3.0,2022,10,31
1037,ORD01038,2022-03-05,CUST1410,Dev,64,M,North,Electronics,Tablet,5,3783.77,0,Debit Card,Cancelled,,2022,3,5
1041,ORD01042,2022-06-04,CUST0389,Sneha,19,F,West,Furniture,Sofa,1,2200.19,5,Net Banking,Returned,1.7,2022,6,4
1043,ORD01044,2022-11-28,CUST0580,Arjun,33,M,Central,Books,Novel,6,4809.13,0,Net Banking,Returned,3.4,2022,11,28
1046,ORD01047,2022-11-26,CUST0938,Asha,63,F,Central,Food,Biscuits,6,3506.73,5,Debit Card,Returned,3.3,2022,11,26
1048,ORD01049,2022-03-02,CUST0013,Arjun,38,M,East,Furniture,Table,5,3573.94,10,Debit Card,Cancelled,1.9,2022,3,2
1049,ORD01050,2022-07-24,CUST2448,Ravi,56,M,North,Food,Dal 2kg,6,3043.62,20,UPI,Delivered,3.6,2022,7,24
1052,ORD01053,2022-05-12,CUST0215,Meera,38,F,Central,Clothing,Kurta,8,1459.58,20,Net Banking,Pending,1.1,2022,5,12
1056,ORD01057,2022-01-25,CUST2857,Sneha,32,F,West,Electronics,Tablet,4,1234.36,20,Credit Card,Delivered,,2022,1,25
1058,ORD01059,2022-01-08,CUST1508,Suresh,50,M,South,Sports,Cricket Bat,4,1186.05,15,Net Banking,Returned,1.3,2022,1,8
1062,ORD01063,2022-12-08,CUST1592,Dev,64,M,East,Electronics,Tablet,1,1121.3,5,Net Banking,Cancelled,4.8,2022,12,8
1063,ORD01064,2022-03-21,CUST0128,Arjun,57,M,North,Furniture,Bed Frame,10,1462.45,5,Credit Card,Pending,4.5,2022,3,21
1064,ORD01065,2022-02-24,CUST1734,Ravi,65,M,East,Furniture,Bookshelf,10,4807.98,0,Credit Card,Pending,3.6,2022,2,24
1068,ORD01069,2022-08-29,CUST2664,Kavya,20,F,Central,Toys,RC Car,1,3372.65,5,Net Banking,Cancelled,4.2,2022,8,29
1070,ORD01071,2022-12-22,CUST2756,Nisha,49,F,Central,Furniture,Table,10,2038.81,15,Net Banking,Pending,1.6,2022,12,22
1074,ORD01075,2022-06-09,CUST0772,Rohan,63,M,North,Food,Dal 2kg,2,1167.78,15,Debit Card,Delivered,4.6,2022,6,9
1075,ORD01076,2022-08-03,CUST0783,Sneha,19,F,North,Electronics,Tablet,4,3791.21,10,Credit Card,Pending,1.4,2022,8,3
1079,ORD01080,2022-03-26,CUST2586,Arjun,24,M,West,Toys,LEGO Set,8,1298.17,0,Net Banking,Pending,4.3,2022,3,26
1080,ORD01081,2022-08-10,CUST2801,Rohan,26,M,Central,Furniture,Chair,6,1583.58,15,Credit Card,Cancelled,1.4,2022,8,10
1083,ORD01084,2022-08-17,CUST2021,Nikhil,32,M,West,Toys,Doll,7,267.18,5,Credit Card,Delivered,3.7,2022,8,17
1085,ORD01086,2022-03-10,CUST1077,Pooja,60,F,East,Electronics,Tablet,7,2808.54,15,Net Banking,Cancelled,,2022,3,10
1087,ORD01088,2022-07-27,CUST2874,Vijay,43,M,North,Sports,Yoga Mat,2,2820.35,5,UPI,Delivered,1.5,2022,7,27
1088,ORD01089,2022-05-21,CUST1968,Amit,31,M,South,Sports,Badminton Set,10,2676.07,10,Net Banking,Cancelled,2.0,2022,5,21
1089,ORD01090,2022-03-14,CUST2089,Kavya,27,F,North,Electronics,Phone,7,2787.51,20,Net Banking,Delivered,1.5,2022,3,14
1091,ORD01092,2022-05-11,CUST2088,Karan,44,M,South,Furniture,Bookshelf,10,4190.04,5,Cash,Pending,4.8,2022,5,11
1092,ORD01093,2022-03-28,CUST2628,Anita,20,F,East,Furniture,Bed Frame,1,2115.72,20,UPI,Cancelled,4.1,2022,3,28
1093,ORD01094,2022-12-01,CUST1925,Pooja,50,F,West,Books,Comics,5,4189.81,20,Net Banking,Returned,4.4,2022,12,1
1095,ORD01096,2022-07-16,CUST1686,Nisha,35,F,East,Clothing,Kurta,4,1775.14,10,Debit Card,Cancelled,3.1,2022,7,16
1100,ORD01101,2022-10-02,CUST2813,Priya,45,F,South,Electronics,Laptop,5,581.94,20,Credit Card,Delivered,1.4,2022,10,2
1101,ORD01102,2022-08-25,CUST1093,Amit,53,M,East,Food,Biscuits,5,1456.73,5,Cash,Returned,3.4,2022,8,25
1102,ORD01103,2022-07-28,CUST0657,Dev,23,M,Central,Sports,Badminton Set,4,900.62,15,Debit Card,Pending,1.1,2022,7,28
1104,ORD01105,2022-04-13,CUST1820,Divya,46,F,South,Sports,Dumbbells,7,2258.52,5,Net Banking,Cancelled,2.6,2022,4,13
1107,ORD01108,2022-01-25,CUST2644,Meera,62,F,North,Clothing,Jacket,4,1928.25,15,Net Banking,Delivered,3.3,2022,1,25
1112,ORD01113,2022-03-10,CUST0733,Sneha,52,F,North,Clothing,T-Shirt,4,3033.04,0,Net Banking,Pending,2.1,2022,3,10
1113,ORD01114,2022-06-25,CUST0085,Vijay,50,M,Central,Sports,Football,4,3945.2,10,Credit Card,Cancelled,3.1,2022,6,25
1115,ORD01116,2022-05-20,CUST1888,Suresh,51,M,West,Clothing,Kurta,1,382.02,15,Net Banking,Cancelled,,2022,5,20
1116,ORD01117,2022-09-15,CUST2061,Asha,49,F,South,Food,Biscuits,10,3605.86,15,Credit Card,Returned,2.6,2022,9,15
1119,ORD01120,2022-09-09,CUST0415,Pooja,36,F,East,Food,Cooking Oil,8,695.55,0,Credit Card,Pending,4.6,2022,9,9
1121,ORD01122,2022-10-04,CUST2087,Asha,31,F,Central,Clothing,T-Shirt,2,772.4,20,UPI,Delivered,,2022,10,4
1122,ORD01123,2022-10-19,CUST2399,Divya,25,F,West,Food,Biscuits,8,1767.28,10,Net Banking,Cancelled,4.2,2022,10,19
1124,ORD01125,2022-02-15,CUST0797,Amit,44,M,Central,Sports,Yoga Mat,5,2002.28,0,Cash,Cancelled,4.8,2022,2,15
1125,ORD01126,2022-01-01,CUST0154,Nikhil,34,M,West,Sports,Dumbbells,5,4952.61,5,Credit Card,Returned,1.7,2022,1,1
1126,ORD01127,2022-12-17,CUST1921,Sneha,34,F,Central,Books,Self-Help,2,445.85,15,Debit Card,Pending,4.9,2022,12,17
1127,ORD01128,2022-09-09,CUST1980,Asha,35,F,East,Clothing,Kurta,9,3428.88,20,Debit Card,Pending,1.1,2022,9,9
1128,ORD01129,2022-04-20,CUST0897,Divya,33,F,West,Electronics,Smartwatch,5,4018.29,10,Cash,Delivered,3.2,2022,4,20
1129,ORD01130,2022-03-25,CUST2716,Divya,22,F,East,Books,Self-Help,7,2854.54,10,Credit Card,Cancelled,3.5,2022,3,25
1131,ORD01132,2022-06-13,CUST0340,Kavya,24,F,North,Food,Cooking Oil,10,4032.42,10,Credit Card,Delivered,3.4,2022,6,13
1132,ORD01133,2022-02-22,CUST0728,Dev,20,M,South,Furniture,Bookshelf,2,4675.15,5,UPI,Pending,,2022,2,22
1133,ORD01134,2022-04-13,CUST2388,Ritu,23,F,North,Electronics,Laptop,3,4469.75,10,Debit Card,Delivered,,2022,4,13
1136,ORD01137,2022-11-13,CUST1890,Asha,27,F,South,Food,Spices Pack,7,2118.95,5,Credit Card,Delivered,1.8,2022,11,13
1137,ORD01138,2022-06-02,CUST1363,Rohan,62,M,East,Electronics,Phone,2,4991.22,5,Debit Card,Returned,2.1,2022,6,2
1140,ORD01141,2022-09-14,CUST1371,Nisha,27,F,North,Toys,Board Game,3,86.82,5,Cash,Returned,2.9,2022,9,14
1142,ORD01143,2022-10-08,CUST2419,Asha,57,F,Central,Clothing,Jeans,3,1695.96,20,Cash,Cancelled,4.6,2022,10,8
1143,ORD01144,2022-02-15,CUST2414,Arjun,58,M,North,Books,Cookbook,9,1486.46,15,Net Banking,Cancelled,1.1,2022,2,15
1145,ORD01146,2022-09-02,CUST0312,Priya,35,F,Central,Sports,Football,1,1147.91,15,Debit Card,Cancelled,2.7,2022,9,2
1147,ORD01148,2022-12-03,CUST0085,Dev,24,M,South,Books,Textbook,1,3441.17,0,UPI,Returned,4.8,2022,12,3
1149,ORD01150,2022-10-04,CUST1849,Vijay,39,M,North,Toys,LEGO Set,1,4770.25,0,Debit Card,Cancelled,1.5,2022,10,4
1150,ORD01151,2022-04-05,CUST0776,Arjun,52,M,East,Books,Cookbook,5,3938.21,10,Credit Card,Delivered,2.6,2022,4,5
1151,ORD01152,2022-07-18,CUST2587,Vijay,40,M,North,Clothing,Jacket,3,2634.33,20,UPI,Cancelled,4.7,2022,7,18
1156,ORD01157,2022-03-18,CUST1667,Ravi,19,M,North,Food,Dal 2kg,2,4876.89,10,UPI,Pending,4.0,2022,3,18
1159,ORD01160,2022-04-06,CUST0214,Anita,26,F,North,Furniture,Chair,5,4598.25,15,Credit Card,Delivered,2.1,2022,4,6
1160,ORD01161,2022-09-28,CUST1015,Arjun,23,M,East,Electronics,Headphones,6,2059.64,0,Cash,Returned,4.8,2022,9,28
1161,ORD01162,2022-09-02,CUST2143,Rahul,35,M,Central,Furniture,Table,3,888.38,20,Cash,Cancelled,1.0,2022,9,2
1164,ORD01165,2022-05-16,CUST1024,Rohan,65,M,North,Clothing,Kurta,2,4837.51,5,Credit Card,Cancelled,1.9,2022,5,16
1165,ORD01166,2022-04-24,CUST0439,Suresh,39,M,South,Food,Rice 5kg,10,63.95,5,Net Banking,Returned,1.1,2022,4,24
1168,ORD01169,2022-05-25,CUST0057,Arjun,48,M,Central,Sports,Badminton Set,4,2096.35,10,Credit Card,Cancelled,1.7,2022,5,25
1170,ORD01171,2022-04-23,CUST1044,Arjun,62,M,North,Furniture,Table,9,2573.0,5,UPI,Pending,2.5,2022,4,23
1171,ORD01172,2022-09-16,CUST2738,Priya,53,F,Central,Electronics,Smartwatch,2,1244.07,10,Debit Card,Returned,4.0,2022,9,16
1174,ORD01175,2022-08-22,CUST2826,Karan,22,M,North,Food,Dal 2kg,4,2685.81,15,Debit Card,Returned,3.2,2022,8,22
1175,ORD01176,2022-03-16,CUST2247,Nikhil,46,M,South,Toys,LEGO Set,4,2362.06,20,Cash,Returned,5.0,2022,3,16
1178,ORD01179,2022-04-01,CUST2358,Arjun,35,M,North,Toys,Doll,7,4442.97,0,Net Banking,Pending,1.9,2022,4,1
1179,ORD01180,2022-01-22,CUST0643,Pooja,32,F,North,Sports,Football,1,3707.56,20,Cash,Returned,1.8,2022,1,22
1180,ORD01181,2022-08-20,CUST2973,Suresh,64,M,South,Clothing,Jacket,8,353.31,15,UPI,Pending,1.1,2022,8,20
1181,ORD01182,2022-06-25,CUST2804,Sneha,44,F,North,Books,Novel,3,2394.96,0,Credit Card,Returned,3.1,2022,6,25
1182,ORD01183,2022-09-30,CUST2774,Amit,51,M,Central,Clothing,Saree,2,2201.36,5,Debit Card,Pending,3.9,2022,9,30
1184,ORD01185,2022-04-04,CUST2845,Suresh,26,M,North,Furniture,Sofa,7,3874.16,15,Cash,Delivered,1.5,2022,4,4
1186,ORD01187,2022-09-23,CUST0731,Dev,20,M,West,Sports,Cricket Bat,6,2649.13,0,Net Banking,Returned,3.2,2022,9,23
1187,ORD01188,2022-03-15,CUST0329,Suresh,65,M,East,Books,Novel,9,781.72,15,Net Banking,Returned,3.5,2022,3,15
1188,ORD01189,2022-02-01,CUST0676,Nisha,65,F,Central,Electronics,Laptop,1,3911.24,0,Credit Card,Delivered,,2022,2,1
1190,ORD01191,2022-06-13,CUST0606,Anita,56,F,Central,Toys,Board Game,5,3775.02,10,Debit Card,Cancelled,,2022,6,13
1192,ORD01193,2022-09-09,CUST0364,Priya,41,F,Central,Electronics,Smartwatch,1,63.84,10,UPI,Returned,3.5,2022,9,9
1194,ORD01195,2022-09-04,CUST2287,Priya,47,F,Central,Sports,Cricket Bat,8,312.53,5,UPI,Delivered,4.4,2022,9,4
1196,ORD01197,2022-07-12,CUST1097,Dev,33,M,South,Furniture,Bookshelf,4,2602.53,15,Credit Card,Returned,1.3,2022,7,12
1199,ORD01200,2022-10-28,CUST2987,Vijay,19,M,North,Furniture,Table,6,1732.66,5,Net Banking,Cancelled,4.5,2022,10,28
1205,ORD01206,2022-01-09,CUST0758,Anita,31,F,North,Furniture,Bed Frame,7,3905.62,20,Credit Card,Delivered,,2022,1,9
1206,ORD01207,2022-01-14,CUST1935,Divya,58,F,West,Electronics,Smartwatch,3,4196.1,20,UPI,Pending,2.5,2022,1,14
1207,ORD01208,2022-12-21,CUST1275,Nikhil,56,M,North,Electronics,Smartwatch,4,1989.22,20,Credit Card,Pending,1.2,2022,12,21
1208,ORD01209,2022-12-18,CUST1669,Dev,30,M,South,Food,Cooking Oil,4,2015.16,15,Cash,Returned,3.3,2022,12,18
1209,ORD01210,2022-03-20,CUST0150,Amit,62,M,East,Clothing,Saree,5,1709.2,15,Cash,Cancelled,,2022,3,20
1212,ORD01213,2022-09-18,CUST1761,Karan,50,M,Central,Books,Textbook,2,4766.29,5,Cash,Cancelled,2.4,2022,9,18
1214,ORD01215,2022-11-02,CUST2254,Asha,65,F,Central,Electronics,Smartwatch,8,3912.2,10,Cash,Cancelled,4.5,2022,11,2
1215,ORD01216,2022-04-15,CUST2843,Suresh,19,M,Central,Clothing,Jacket,10,3633.09,0,Credit Card,Pending,2.8,2022,4,15
1216,ORD01217,2022-09-19,CUST2449,Ravi,63,M,Central,Food,Biscuits,3,4678.06,15,Debit Card,Cancelled,1.7,2022,9,19
1217,ORD01218,2022-04-02,CUST2193,Meera,41,F,Central,Toys,Board Game,10,3809.5,15,Net Banking,Returned,2.2,2022,4,2
1218,ORD01219,2022-11-14,CUST0797,Karan,29,M,South,Sports,Cricket Bat,5,155.3,20,Credit Card,Returned,4.2,2022,11,14
1219,ORD01220,2022-02-26,CUST2286,Ravi,48,M,South,Toys,Doll,7,2050.85,20,Net Banking,Delivered,3.8,2022,2,26
1221,ORD01222,2022-01-04,CUST2719,Dev,25,M,South,Clothing,Kurta,1,4188.06,10,Debit Card,Cancelled,4.8,2022,1,4
1224,ORD01225,2022-09-04,CUST2085,Anita,35,F,North,Food,Cooking Oil,5,2023.42,5,Credit Card,Returned,4.1,2022,9,4
1226,ORD01227,2022-02-19,CUST0230,Amit,57,M,East,Books,Textbook,10,1707.46,0,Credit Card,Pending,2.5,2022,2,19
1227,ORD01228,2022-07-20,CUST2630,Karan,44,M,South,Electronics,Headphones,7,3879.59,20,Credit Card,Pending,4.8,2022,7,20
1228,ORD01229,2022-10-16,CUST1840,Ravi,26,M,West,Food,Rice 5kg,8,2231.22,20,Net Banking,Returned,1.2,2022,10,16
1230,ORD01231,2022-07-23,CUST0544,Priya,38,F,East,Furniture,Bed Frame,9,1350.86,5,Cash,Returned,1.9,2022,7,23
1231,ORD01232,2022-01-11,CUST0673,Divya,61,F,North,Electronics,Headphones,9,4639.48,15,Credit Card,Returned,5.0,2022,1,11
1234,ORD01235,2022-02-24,CUST1025,Meera,24,F,West,Sports,Cricket Bat,2,2184.24,10,Net Banking,Delivered,1.8,2022,2,24
1235,ORD01236,2022-03-18,CUST0662,Arjun,58,M,North,Books,Self-Help,9,893.08,5,Net Banking,Returned,,2022,3,18
1236,ORD01237,2022-12-15,CUST2996,Suresh,61,M,Central,Food,Biscuits,7,899.52,20,Net Banking,Returned,3.0,2022,12,15
1237,ORD01238,2022-07-01,CUST1673,Kavya,19,F,East,Toys,Board Game,4,4389.38,20,Cash,Cancelled,5.0,2022,7,1
1242,ORD01243,2022-12-05,CUST2834,Asha,64,F,South,Toys,LEGO Set,3,678.03,0,Debit Card,Cancelled,4.8,2022,12,5
1244,ORD01245,2022-08-29,CUST1600,Priya,48,F,South,Books,Self-Help,2,1816.84,5,Debit Card,Returned,2.6,2022,8,29
1245,ORD01246,2022-03-07,CUST1890,Rohan,49,M,Central,Furniture,Sofa,7,3912.23,20,Debit Card,Cancelled,3.7,2022,3,7
1248,ORD01249,2022-02-09,CUST0512,Divya,28,F,East,Furniture,Bed Frame,6,3443.78,20,Debit Card,Returned,,2022,2,9
1250,ORD01251,2022-07-19,CUST2346,Dev,24,M,East,Books,Cookbook,5,3958.2,5,Net Banking,Returned,4.6,2022,7,19
1252,ORD01253,2022-04-15,CUST2067,Suresh,24,M,Central,Food,Biscuits,10,3919.33,10,Net Banking,Pending,5.0,2022,4,15
1255,ORD01256,2022-03-30,CUST1260,Suresh,23,M,East,Sports,Badminton Set,10,1218.29,0,UPI,Cancelled,1.8,2022,3,30
1257,ORD01258,2022-09-30,CUST2636,Pooja,24,F,East,Toys,RC Car,1,129.48,20,Credit Card,Delivered,1.6,2022,9,30
1260,ORD01261,2022-11-02,CUST2893,Ritu,39,F,Central,Sports,Yoga Mat,8,2717.63,10,UPI,Pending,1.6,2022,11,2
1261,ORD01262,2022-10-22,CUST2517,Ritu,25,F,North,Furniture,Sofa,6,3948.66,20,Net Banking,Pending,1.5,2022,10,22
1263,ORD01264,2022-02-04,CUST1744,Nisha,53,F,South,Electronics,Phone,1,1653.68,15,Credit Card,Pending,3.5,2022,2,4
1266,ORD01267,2022-05-17,CUST0820,Dev,56,M,South,Clothing,Jeans,9,4048.26,0,Credit Card,Pending,1.3,2022,5,17
1267,ORD01268,2022-09-26,CUST2265,Rahul,47,M,East,Furniture,Chair,2,2621.97,15,Credit Card,Returned,1.8,2022,9,26
1268,ORD01269,2022-12-25,CUST1488,Divya,53,F,East,Sports,Cricket Bat,8,925.86,5,Net Banking,Returned,2.3,2022,12,25
1269,ORD01270,2022-04-03,CUST2744,Sneha,65,F,West,Toys,Board Game,1,1660.9,20,Net Banking,Returned,4.1,2022,4,3
1272,ORD01273,2022-11-29,CUST1002,Kavya,54,F,Central,Sports,Dumbbells,3,1220.45,5,Cash,Pending,3.8,2022,11,29
1274,ORD01275,2022-07-04,CUST2385,Meera,46,F,North,Sports,Yoga Mat,10,3591.68,0,Cash,Returned,3.4,2022,7,4
1278,ORD01279,2022-07-26,CUST1238,Suresh,33,M,West,Books,Cookbook,7,4625.3,0,Credit Card,Pending,,2022,7,26
1279,ORD01280,2022-04-06,CUST0612,Arjun,59,M,Central,Electronics,Tablet,3,4772.77,20,Cash,Pending,,2022,4,6
1280,ORD01281,2022-07-17,CUST0805,Amit,18,M,Central,Food,Cooking Oil,8,1422.06,20,Net Banking,Cancelled,,2022,7,17
1281,ORD01282,2022-05-29,CUST2998,Suresh,27,M,North,Books,Cookbook,8,510.0,0,Cash,Returned,3.5,2022,5,29
1286,ORD01287,2022-07-18,CUST1434,Rohan,64,M,West,Food,Dal 2kg,3,134.72,20,Credit Card,Delivered,2.5,2022,7,18
1288,ORD01289,2022-11-11,CUST0111,Nikhil,34,M,North,Food,Biscuits,6,2721.21,15,Cash,Delivered,1.5,2022,11,11
1290,ORD01291,2022-05-14,CUST2663,Anita,24,F,East,Furniture,Bookshelf,10,160.78,5,UPI,Pending,2.1,2022,5,14
1291,ORD01292,2022-01-18,CUST1662,Rahul,49,M,Central,Clothing,Jacket,1,1286.0,0,Net Banking,Pending,4.6,2022,1,18
1293,ORD01294,2022-05-02,CUST0159,Pooja,31,F,North,Furniture,Chair,2,268.41,0,Net Banking,Returned,3.1,2022,5,2
1296,ORD01297,2022-10-22,CUST1129,Rahul,49,M,East,Furniture,Table,6,444.55,0,Cash,Cancelled,3.1,2022,10,22
1297,ORD01298,2022-07-06,CUST2771,Amit,40,M,West,Books,Textbook,1,136.28,15,Net Banking,Cancelled,4.4,2022,7,6
1298,ORD01299,2022-07-23,CUST0821,Pooja,56,F,West,Electronics,Phone,2,2828.23,10,Cash,Cancelled,4.2,2022,7,23
1299,ORD01300,2022-03-07,CUST2866,Divya,48,F,North,Furniture,Bookshelf,3,440.72,20,Credit Card,Delivered,4.3,2022,3,7
1302,ORD01303,2022-09-19,CUST2416,Kavya,37,F,Central,Books,Novel,6,3933.07,0,Net Banking,Cancelled,3.0,2022,9,19
1305,ORD01306,2022-04-27,CUST0061,Dev,22,M,East,Books,Cookbook,10,1481.07,20,Cash,Cancelled,2.8,2022,4,27
1306,ORD01307,2022-06-25,CUST0649,Rahul,60,M,North,Clothing,Saree,1,2602.08,20,UPI,Delivered,2.6,2022,6,25
1308,ORD01309,2022-06-14,CUST1459,Amit,51,M,Central,Sports,Yoga Mat,5,1555.36,5,Cash,Cancelled,2.8,2022,6,14
1309,ORD01310,2022-09-23,CUST1312,Pooja,48,F,North,Electronics,Smartwatch,3,355.49,0,Cash,Returned,2.7,2022,9,23
1310,ORD01311,2022-06-11,CUST2419,Ritu,35,F,South,Electronics,Tablet,10,2045.99,0,Debit Card,Cancelled,3.0,2022,6,11
1313,ORD01314,2022-07-06,CUST2478,Divya,44,F,East,Food,Rice 5kg,8,2926.12,15,Debit Card,Cancelled,1.2,2022,7,6
1317,ORD01318,2022-04-26,CUST2969,Priya,33,F,East,Sports,Cricket Bat,2,1534.5,5,Debit Card,Returned,4.0,2022,4,26
1318,ORD01319,2022-01-01,CUST0180,Nikhil,34,M,East,Electronics,Phone,4,2401.8,15,Debit Card,Delivered,4.9,2022,1,1
1319,ORD01320,2022-11-06,CUST2525,Nisha,24,F,West,Toys,LEGO Set,3,1833.57,10,UPI,Delivered,2.0,2022,11,6
1323,ORD01324,2022-12-02,CUST1285,Asha,60,F,North,Furniture,Bed Frame,5,3459.01,0,Credit Card,Delivered,2.0,2022,12,2
1326,ORD01327,2022-02-20,CUST2688,Nisha,59,F,Central,Food,Biscuits,1,1925.97,0,UPI,Returned,,2022,2,20
1328,ORD01329,2022-11-19,CUST1815,Priya,39,F,Central,Food,Dal 2kg,5,851.05,10,Credit Card,Cancelled,2.5,2022,11,19
1332,ORD01333,2022-10-15,CUST1526,Ritu,50,F,East,Electronics,Headphones,1,563.1,5,Debit Card,Cancelled,1.4,2022,10,15
1334,ORD01335,2022-10-07,CUST1674,Rohan,34,M,South,Sports,Badminton Set,8,4657.09,0,Net Banking,Delivered,5.0,2022,10,7
1336,ORD01337,2022-06-29,CUST2284,Asha,62,F,South,Food,Cooking Oil,6,4917.84,20,Debit Card,Pending,1.5,2022,6,29
1337,ORD01338,2022-09-18,CUST2672,Nisha,47,F,East,Toys,RC Car,1,205.61,15,Cash,Returned,2.5,2022,9,18
1338,ORD01339,2022-10-20,CUST2995,Amit,49,M,Central,Clothing,Jeans,3,4676.54,15,Credit Card,Cancelled,3.5,2022,10,20
1341,ORD01342,2022-05-29,CUST1356,Ritu,32,F,East,Toys,Doll,6,3609.97,20,Credit Card,Delivered,4.6,2022,5,29
1344,ORD01345,2022-05-31,CUST2100,Rahul,60,M,East,Books,Comics,4,3236.06,0,Debit Card,Cancelled,4.8,2022,5,31
1345,ORD01346,2022-03-04,CUST1972,Ritu,55,F,South,Sports,Dumbbells,3,4429.76,20,Net Banking,Delivered,4.9,2022,3,4
1346,ORD01347,2022-04-02,CUST2214,Pooja,65,F,West,Books,Textbook,5,1915.37,0,UPI,Returned,4.9,2022,4,2
1349,ORD01350,2022-01-03,CUST2834,Amit,51,M,West,Electronics,Laptop,1,966.32,5,Net Banking,Cancelled,,2022,1,3
1351,ORD01352,2022-03-05,CUST2266,Ravi,36,M,East,Clothing,Jacket,7,3994.45,10,Cash,Delivered,1.9,2022,3,5
1352,ORD01353,2022-11-19,CUST2412,Arjun,38,M,North,Food,Dal 2kg,9,3225.5,5,Credit Card,Delivered,4.5,2022,11,19
1353,ORD01354,2022-12-04,CUST1793,Rahul,22,M,East,Furniture,Bookshelf,3,67.37,10,Credit Card,Delivered,3.4,2022,12,4
1354,ORD01355,2022-01-14,CUST1520,Divya,37,F,North,Books,Self-Help,7,1379.93,0,Credit Card,Returned,2.6,2022,1,14
1356,ORD01357,2022-10-29,CUST2973,Asha,54,F,Central,Toys,Doll,7,2127.47,5,Debit Card,Cancelled,2.5,2022,10,29
1360,ORD01361,2022-05-01,CUST2893,Sneha,23,F,South,Electronics,Headphones,6,1711.29,10,Net Banking,Pending,2.8,2022,5,1
1361,ORD01362,2022-05-29,CUST2426,Ritu,43,F,South,Clothing,T-Shirt,2,2731.96,20,Net Banking,Pending,3.4,2022,5,29
1362,ORD01363,2022-03-18,CUST1083,Vijay,64,M,East,Clothing,Kurta,8,1704.62,20,UPI,Returned,4.2,2022,3,18
1363,ORD01364,2022-11-23,CUST0012,Dev,54,M,South,Food,Spices Pack,6,2456.23,0,Cash,Pending,3.0,2022,11,23
1364,ORD01365,2022-03-06,CUST2885,Priya,39,F,West,Books,Cookbook,1,4693.58,0,UPI,Delivered,1.9,2022,3,6
1365,ORD01366,2022-07-01,CUST2503,Sneha,38,F,East,Clothing,Jeans,5,4245.71,15,Credit Card,Delivered,4.7,2022,7,1
1367,ORD01368,2022-04-04,CUST0005,Arjun,57,M,South,Electronics,Laptop,6,4717.71,0,Net Banking,Delivered,2.5,2022,4,4
1369,ORD01370,2022-01-05,CUST2870,Rahul,59,M,North,Furniture,Chair,7,2988.56,0,Debit Card,Pending,2.0,2022,1,5
1373,ORD01374,2022-12-12,CUST2171,Karan,21,M,West,Furniture,Sofa,9,3831.51,5,UPI,Cancelled,1.6,2022,12,12
1374,ORD01375,2022-11-03,CUST2242,Nikhil,37,M,South,Furniture,Table,10,2762.37,10,UPI,Returned,3.0,2022,11,3
1375,ORD01376,2022-02-24,CUST1134,Meera,63,F,North,Furniture,Table,9,284.79,10,Net Banking,Pending,2.8,2022,2,24
1376,ORD01377,2022-06-13,CUST0040,Ritu,56,F,North,Food,Spices Pack,2,1852.9,15,Debit Card,Pending,1.7,2022,6,13
1377,ORD01378,2022-04-15,CUST0342,Anita,24,F,West,Electronics,Headphones,5,3666.57,20,Debit Card,Cancelled,1.4,2022,4,15
1381,ORD01382,2022-02-14,CUST1815,Pooja,63,F,South,Books,Cookbook,6,208.35,10,Cash,Cancelled,3.0,2022,2,14
1383,ORD01384,2022-05-10,CUST1755,Priya,20,F,Central,Clothing,Kurta,2,64.87,10,Debit Card,Pending,4.5,2022,5,10
1385,ORD01386,2022-02-04,CUST1995,Ritu,54,F,Central,Food,Cooking Oil,1,1838.66,0,Credit Card,Delivered,,2022,2,4
1388,ORD01389,2022-06-14,CUST0299,Divya,49,F,South,Toys,Doll,6,1674.05,5,Net Banking,Pending,4.3,2022,6,14
1389,ORD01390,2022-09-18,CUST0766,Sneha,60,F,Central,Furniture,Table,5,573.55,20,Cash,Returned,1.2,2022,9,18
1391,ORD01392,2022-06-05,CUST1573,Dev,43,M,West,Sports,Yoga Mat,9,1303.72,0,Cash,Returned,1.5,2022,6,5
1394,ORD01395,2022-01-26,CUST1823,Asha,25,F,North,Clothing,T-Shirt,5,2336.62,15,UPI,Returned,1.5,2022,1,26
1395,ORD01396,2022-04-12,CUST2705,Dev,28,M,North,Electronics,Phone,4,2185.67,5,UPI,Delivered,3.4,2022,4,12
1396,ORD01397,2022-04-25,CUST1522,Priya,39,F,Central,Books,Comics,10,517.59,0,Debit Card,Delivered,1.8,2022,4,25
1401,ORD01402,2022-05-11,CUST0852,Ritu,21,F,East,Sports,Football,1,3381.97,0,Cash,Returned,,2022,5,11
1404,ORD01405,2022-05-16,CUST2670,Nisha,28,F,Central,Furniture,Bed Frame,2,3074.97,5,Credit Card,Cancelled,3.7,2022,5,16
1406,ORD01407,2022-07-27,CUST0058,Rohan,50,M,North,Furniture,Bookshelf,3,796.64,0,UPI,Cancelled,2.7,2022,7,27
1408,ORD01409,2022-11-04,CUST1768,Nisha,43,F,South,Electronics,Tablet,10,1470.35,10,UPI,Returned,2.8,2022,11,4
1410,ORD01411,2022-12-18,CUST1314,Ravi,35,M,South,Clothing,Jacket,4,3939.86,5,Credit Card,Delivered,3.2,2022,12,18
1411,ORD01412,2022-06-01,CUST2914,Ritu,23,F,Central,Books,Cookbook,2,3712.53,15,Debit Card,Cancelled,3.9,2022,6,1
1412,ORD01413,2022-10-16,CUST0765,Kavya,41,F,North,Clothing,Kurta,6,4034.74,5,UPI,Returned,4.9,2022,10,16
1413,ORD01414,2022-03-21,CUST1499,Suresh,60,M,Central,Food,Cooking Oil,1,4054.14,5,Net Banking,Cancelled,,2022,3,21
1415,ORD01416,2022-10-05,CUST2436,Kavya,50,F,West,Food,Cooking Oil,7,1885.06,15,Credit Card,Cancelled,4.7,2022,10,5
1416,ORD01417,2022-01-23,CUST2346,Ravi,39,M,Central,Clothing,T-Shirt,3,1749.12,10,UPI,Delivered,4.6,2022,1,23
1418,ORD01419,2022-05-02,CUST1172,Meera,21,F,East,Clothing,Jeans,6,3895.75,20,Debit Card,Returned,2.5,2022,5,2
1419,ORD01420,2022-08-07,CUST2321,Vijay,44,M,South,Furniture,Chair,5,3894.92,10,Net Banking,Returned,1.2,2022,8,7
1420,ORD01421,2022-12-31,CUST0493,Rahul,23,M,East,Electronics,Smartwatch,2,2503.63,20,Debit Card,Cancelled,1.6,2022,12,31
1421,ORD01422,2022-06-30,CUST1887,Dev,34,M,East,Food,Spices Pack,3,1085.12,10,Net Banking,Delivered,4.6,2022,6,30
1422,ORD01423,2022-12-16,CUST0912,Arjun,46,M,West,Clothing,Jeans,1,3472.93,15,Net Banking,Returned,4.3,2022,12,16
1423,ORD01424,2022-01-04,CUST2645,Divya,20,F,East,Books,Comics,7,982.09,15,Cash,Cancelled,4.6,2022,1,4
1424,ORD01425,2022-02-07,CUST0623,Rahul,48,M,South,Food,Spices Pack,9,3308.51,0,Cash,Delivered,,2022,2,7
1426,ORD01427,2022-12-21,CUST1601,Sneha,29,F,North,Electronics,Phone,2,1030.67,20,Debit Card,Returned,1.6,2022,12,21
1432,ORD01433,2022-05-15,CUST0888,Divya,62,F,South,Furniture,Table,6,2240.95,10,Cash,Returned,4.9,2022,5,15
1433,ORD01434,2022-12-21,CUST2319,Amit,27,M,South,Toys,Board Game,5,1306.09,5,Cash,Pending,3.7,2022,12,21
1434,ORD01435,2022-08-05,CUST1596,Priya,33,F,West,Furniture,Table,10,4964.87,10,Cash,Delivered,1.2,2022,8,5
1435,ORD01436,2022-10-10,CUST1989,Dev,60,M,East,Electronics,Tablet,7,3434.19,15,Cash,Pending,1.9,2022,10,10
1436,ORD01437,2022-08-14,CUST2708,Dev,21,M,Central,Food,Cooking Oil,1,4447.97,0,UPI,Cancelled,1.7,2022,8,14
1437,ORD01438,2022-10-11,CUST1305,Rohan,34,M,Central,Toys,Puzzle,6,1961.28,10,Credit Card,Returned,1.2,2022,10,11
1439,ORD01440,2022-03-03,CUST0562,Rohan,19,M,East,Food,Dal 2kg,9,2508.42,5,Cash,Cancelled,1.0,2022,3,3
1440,ORD01441,2022-06-03,CUST2342,Rahul,33,M,West,Electronics,Smartwatch,8,525.67,0,Debit Card,Cancelled,4.8,2022,6,3
1443,ORD01444,2022-04-04,CUST1265,Suresh,30,M,North,Books,Cookbook,5,1054.93,20,Debit Card,Pending,2.5,2022,4,4
1444,ORD01445,2022-03-12,CUST1430,Suresh,49,M,West,Electronics,Phone,1,834.77,20,UPI,Pending,1.1,2022,3,12
1450,ORD01451,2022-09-11,CUST1073,Ritu,36,F,South,Furniture,Sofa,5,2099.04,15,UPI,Pending,2.3,2022,9,11
1455,ORD01456,2022-02-08,CUST1140,Nisha,54,F,West,Food,Dal 2kg,10,702.96,5,UPI,Cancelled,1.2,2022,2,8
1456,ORD01457,2022-05-25,CUST0437,Vijay,26,M,North,Books,Cookbook,4,2854.54,0,Cash,Cancelled,4.5,2022,5,25
1457,ORD01458,2022-07-14,CUST2776,Divya,48,F,North,Toys,RC Car,9,3549.54,15,Debit Card,Cancelled,2.3,2022,7,14
1459,ORD01460,2022-10-31,CUST1669,Suresh,28,M,South,Sports,Dumbbells,6,287.89,5,Credit Card,Returned,1.8,2022,10,31
1462,ORD01463,2022-08-01,CUST0936,Anita,52,F,East,Furniture,Sofa,4,4968.06,10,Credit Card,Returned,1.2,2022,8,1
1464,ORD01465,2022-04-21,CUST0941,Rahul,19,M,South,Clothing,T-Shirt,3,1684.44,20,Cash,Pending,4.5,2022,4,21
1466,ORD01467,2022-08-04,CUST0709,Kavya,32,F,Central,Books,Novel,3,1426.07,10,Debit Card,Pending,,2022,8,4
1467,ORD01468,2022-02-17,CUST0279,Sneha,55,F,North,Clothing,T-Shirt,4,1390.72,5,Credit Card,Cancelled,2.2,2022,2,17
1468,ORD01469,2022-03-01,CUST1695,Vijay,34,M,Central,Books,Textbook,5,307.99,10,Net Banking,Delivered,4.5,2022,3,1
1469,ORD01470,2022-07-07,CUST1474,Pooja,58,F,Central,Food,Spices Pack,7,574.06,20,Cash,Cancelled,1.2,2022,7,7
1470,ORD01471,2022-07-04,CUST2396,Arjun,62,M,East,Books,Textbook,6,2553.66,0,Net Banking,Cancelled,3.4,2022,7,4
1473,ORD01474,2022-04-17,CUST1032,Meera,62,F,East,Books,Novel,4,3011.41,10,Cash,Pending,3.5,2022,4,17
1476,ORD01477,2022-11-06,CUST0076,Dev,37,M,Central,Toys,Doll,4,4882.0,10,Debit Card,Cancelled,4.6,2022,11,6
1479,ORD01480,2022-06-13,CUST0072,Sneha,44,F,North,Furniture,Bookshelf,8,1628.59,5,Net Banking,Pending,3.3,2022,6,13
1490,ORD01491,2022-02-28,CUST1679,Vijay,19,M,South,Sports,Football,2,3690.01,0,Credit Card,Delivered,2.7,2022,2,28
1495,ORD01496,2022-01-01,CUST2720,Anita,50,F,South,Clothing,Saree,9,1558.28,0,Cash,Returned,1.8,2022,1,1
1496,ORD01497,2022-12-24,CUST2458,Amit,64,M,North,Books,Cookbook,9,3668.89,5,Debit Card,Cancelled,2.8,2022,12,24
1502,ORD01503,2022-03-06,CUST1624,Sneha,49,F,North,Toys,Board Game,7,2144.1,10,Debit Card,Delivered,3.3,2022,3,6
1506,ORD01507,2022-10-24,CUST0075,Vijay,52,M,South,Furniture,Table,8,243.47,15,UPI,Pending,4.6,2022,10,24
1508,ORD01509,2022-01-15,CUST1518,Meera,18,F,North,Toys,LEGO Set,9,1770.78,5,Credit Card,Returned,4.8,2022,1,15
1509,ORD01510,2022-12-31,CUST1465,Karan,42,M,East,Books,Self-Help,7,554.02,20,Credit Card,Pending,1.1,2022,12,31
1515,ORD01516,2022-04-09,CUST2189,Nisha,32,F,East,Sports,Football,10,2213.51,5,Credit Card,Cancelled,4.3,2022,4,9
1519,ORD01520,2022-03-10,CUST0214,Dev,51,M,North,Food,Dal 2kg,6,3093.99,15,UPI,Pending,,2022,3,10
1522,ORD01523,2022-08-11,CUST0282,Asha,62,F,South,Sports,Cricket Bat,4,1016.42,20,Cash,Returned,4.5,2022,8,11
1524,ORD01525,2022-11-17,CUST1253,Ravi,44,M,East,Toys,Board Game,7,960.57,0,Cash,Pending,2.8,2022,11,17
1525,ORD01526,2022-04-20,CUST0771,Arjun,36,M,East,Toys,Board Game,1,552.56,20,Net Banking,Cancelled,3.7,2022,4,20
1528,ORD01529,2022-06-17,CUST0349,Kavya,52,F,Central,Sports,Cricket Bat,9,4534.31,10,Net Banking,Pending,,2022,6,17
1530,ORD01531,2022-12-23,CUST2124,Sneha,65,F,North,Sports,Badminton Set,8,1676.54,20,Debit Card,Delivered,1.5,2022,12,23
1532,ORD01533,2022-11-03,CUST1347,Anita,24,F,East,Furniture,Chair,6,3765.53,20,Cash,Cancelled,2.1,2022,11,3
1533,ORD01534,2022-08-11,CUST2060,Sneha,39,F,West,Sports,Yoga Mat,9,568.82,5,Debit Card,Delivered,1.8,2022,8,11
1534,ORD01535,2022-10-09,CUST0047,Rohan,19,M,Central,Clothing,Kurta,8,4179.75,0,Debit Card,Returned,2.3,2022,10,9
1537,ORD01538,2022-11-11,CUST1432,Rahul,25,M,South,Clothing,Kurta,3,4271.51,15,Net Banking,Delivered,4.5,2022,11,11
1538,ORD01539,2022-02-13,CUST0556,Dev,37,M,South,Food,Biscuits,2,4285.15,0,Net Banking,Returned,1.2,2022,2,13
1539,ORD01540,2022-05-24,CUST2828,Anita,40,F,Central,Food,Biscuits,8,1067.93,15,Debit Card,Cancelled,1.3,2022,5,24
1542,ORD01543,2022-09-03,CUST0116,Nikhil,28,M,Central,Books,Cookbook,1,3317.12,20,Debit Card,Cancelled,1.7,2022,9,3
1543,ORD01544,2022-03-26,CUST0282,Divya,63,F,West,Electronics,Tablet,4,1510.18,20,Credit Card,Delivered,2.0,2022,3,26
1544,ORD01545,2022-12-09,CUST1228,Rohan,44,M,East,Books,Self-Help,6,3191.3,5,Credit Card,Pending,4.3,2022,12,9
1545,ORD01546,2022-08-08,CUST0585,Rahul,49,M,West,Clothing,Kurta,9,56.05,15,Cash,Cancelled,,2022,8,8
1548,ORD01549,2022-11-24,CUST2896,Dev,33,M,East,Sports,Badminton Set,10,2570.28,10,Debit Card,Cancelled,2.4,2022,11,24
1550,ORD01551,2022-03-08,CUST1925,Suresh,46,M,East,Food,Cooking Oil,10,2544.19,20,Debit Card,Returned,1.8,2022,3,8
1551,ORD01552,2022-04-07,CUST0052,Suresh,57,M,North,Furniture,Sofa,8,2275.06,10,UPI,Returned,1.0,2022,4,7
1552,ORD01553,2022-09-28,CUST1074,Priya,22,F,South,Clothing,Kurta,3,2009.7,10,Cash,Delivered,4.9,2022,9,28
1553,ORD01554,2022-03-09,CUST2898,Karan,62,M,West,Furniture,Bookshelf,3,86.25,10,Debit Card,Pending,,2022,3,9
1556,ORD01557,2022-05-28,CUST2843,Vijay,59,M,South,Clothing,Jacket,2,4959.69,10,Cash,Cancelled,1.1,2022,5,28
1558,ORD01559,2022-02-05,CUST1374,Dev,33,M,West,Furniture,Bookshelf,3,327.65,5,Net Banking,Returned,,2022,2,5
1559,ORD01560,2022-02-01,CUST1905,Rohan,48,M,Central,Food,Cooking Oil,7,4794.26,20,UPI,Delivered,,2022,2,1
1560,ORD01561,2022-01-13,CUST1890,Amit,31,M,Central,Furniture,Table,3,1701.01,20,Net Banking,Delivered,,2022,1,13
1561,ORD01562,2022-07-29,CUST0169,Rahul,65,M,Central,Books,Self-Help,3,843.23,0,Net Banking,Delivered,2.5,2022,7,29
1562,ORD01563,2022-11-20,CUST1145,Pooja,65,F,West,Clothing,Jeans,2,173.51,10,Credit Card,Cancelled,3.8,2022,11,20
1564,ORD01565,2022-05-28,CUST2408,Vijay,35,M,North,Food,Cooking Oil,2,3257.33,0,Cash,Delivered,1.9,2022,5,28
1567,ORD01568,2022-04-19,CUST1310,Ritu,52,F,Central,Sports,Badminton Set,2,1942.21,5,Credit Card,Returned,3.7,2022,4,19
1568,ORD01569,2022-09-19,CUST2105,Asha,61,F,West,Furniture,Sofa,10,4021.55,15,Cash,Returned,2.7,2022,9,19
1570,ORD01571,2022-11-04,CUST1654,Arjun,54,M,Central,Food,Biscuits,10,696.62,15,Cash,Cancelled,,2022,11,4
1572,ORD01573,2022-06-22,CUST0682,Nisha,30,F,West,Food,Dal 2kg,3,782.77,0,Cash,Delivered,,2022,6,22
1573,ORD01574,2022-01-19,CUST1195,Nisha,65,F,West,Electronics,Phone,4,59.79,0,Net Banking,Returned,2.5,2022,1,19
1574,ORD01575,2022-04-03,CUST0011,Rohan,19,M,Central,Electronics,Laptop,9,2629.41,20,Credit Card,Cancelled,1.5,2022,4,3
1578,ORD01579,2022-06-03,CUST1065,Meera,60,F,North,Food,Biscuits,3,3808.19,10,Credit Card,Pending,1.8,2022,6,3
1580,ORD01581,2022-05-22,CUST0066,Divya,26,F,Central,Furniture,Table,1,522.68,20,Credit Card,Returned,3.6,2022,5,22
1581,ORD01582,2022-01-02,CUST0577,Suresh,20,M,Central,Sports,Yoga Mat,10,4616.09,10,UPI,Delivered,4.6,2022,1,2
1583,ORD01584,2022-05-23,CUST2249,Ravi,25,M,West,Electronics,Phone,10,518.77,20,Credit Card,Returned,2.3,2022,5,23
1584,ORD01585,2022-04-28,CUST2465,Nisha,29,F,South,Sports,Cricket Bat,5,3344.52,15,Credit Card,Pending,1.2,2022,4,28
1588,ORD01589,2022-11-13,CUST0963,Karan,40,M,Central,Clothing,T-Shirt,6,2521.14,5,Net Banking,Delivered,1.6,2022,11,13
1590,ORD01591,2022-03-20,CUST1811,Divya,44,F,Central,Food,Dal 2kg,3,4286.83,10,Net Banking,Pending,3.5,2022,3,20
1592,ORD01593,2022-11-11,CUST2974,Sneha,44,F,West,Clothing,Jeans,6,4327.27,5,Debit Card,Returned,,2022,11,11
1593,ORD01594,2022-12-31,CUST0705,Vijay,19,M,West,Electronics,Tablet,7,4225.21,20,UPI,Pending,2.0,2022,12,31
1596,ORD01597,2022-04-14,CUST0660,Nikhil,41,M,East,Furniture,Sofa,1,1769.22,0,Cash,Pending,1.7,2022,4,14
1597,ORD01598,2022-11-15,CUST1737,Vijay,18,M,South,Clothing,T-Shirt,2,3555.75,0,Net Banking,Returned,4.8,2022,11,15
1599,ORD01600,2022-11-01,CUST0479,Amit,33,M,North,Toys,RC Car,1,4694.87,5,Net Banking,Delivered,2.9,2022,11,1
1600,ORD01601,2022-06-09,CUST2801,Asha,63,F,Central,Furniture,Chair,2,4428.9,15,Credit Card,Pending,4.8,2022,6,9
1603,ORD01604,2022-04-19,CUST2098,Ritu,25,F,Central,Toys,LEGO Set,4,2366.34,15,Net Banking,Returned,3.2,2022,4,19
1604,ORD01605,2022-09-15,CUST2194,Suresh,30,M,West,Books,Cookbook,10,3187.03,15,UPI,Returned,4.1,2022,9,15
1605,ORD01606,2022-07-06,CUST2760,Arjun,64,M,Central,Furniture,Bed Frame,2,4503.37,0,UPI,Pending,3.2,2022,7,6
1606,ORD01607,2022-07-18,CUST1619,Asha,29,F,South,Electronics,Laptop,3,3274.09,10,Credit Card,Cancelled,1.5,2022,7,18
1607,ORD01608,2022-09-23,CUST1594,Nikhil,46,M,East,Sports,Yoga Mat,9,1794.44,15,Credit Card,Cancelled,2.9,2022,9,23
1608,ORD01609,2022-04-29,CUST0595,Suresh,42,M,North,Sports,Badminton Set,3,492.74,0,Credit Card,Cancelled,4.6,2022,4,29
1609,ORD01610,2022-09-22,CUST0868,Suresh,62,M,North,Clothing,Jacket,1,4897.16,20,Debit Card,Returned,1.6,2022,9,22
1610,ORD01611,2022-01-11,CUST1742,Ravi,56,M,North,Sports,Badminton Set,9,376.49,0,Credit Card,Pending,1.4,2022,1,11
1612,ORD01613,2022-04-03,CUST1335,Suresh,19,M,North,Books,Cookbook,6,1201.73,20,UPI,Cancelled,,2022,4,3
1614,ORD01615,2022-04-11,CUST2306,Vijay,49,M,Central,Sports,Cricket Bat,8,4542.66,10,Credit Card,Pending,3.4,2022,4,11
1616,ORD01617,2022-03-08,CUST0834,Meera,21,F,Central,Furniture,Bookshelf,8,749.66,10,Net Banking,Delivered,1.1,2022,3,8
1618,ORD01619,2022-11-29,CUST1571,Vijay,21,M,South,Furniture,Sofa,2,4210.66,20,Debit Card,Returned,3.7,2022,11,29
1622,ORD01623,2022-02-28,CUST0964,Asha,34,F,North,Sports,Yoga Mat,10,3413.15,5,UPI,Delivered,4.1,2022,2,28
1625,ORD01626,2022-05-14,CUST0245,Dev,63,M,South,Food,Cooking Oil,3,2410.44,15,Cash,Returned,1.8,2022,5,14
1629,ORD01630,2022-03-15,CUST0080,Meera,31,F,North,Furniture,Chair,1,2140.4,0,Net Banking,Returned,4.5,2022,3,15
1630,ORD01631,2022-08-02,CUST0752,Priya,34,F,East,Food,Rice 5kg,1,1491.47,5,Net Banking,Returned,4.3,2022,8,2
1631,ORD01632,2022-09-05,CUST0911,Arjun,54,M,North,Clothing,Kurta,5,3923.47,15,Net Banking,Pending,1.0,2022,9,5
1632,ORD01633,2022-11-29,CUST2477,Priya,32,F,South,Clothing,Jacket,10,3656.21,20,Net Banking,Returned,3.4,2022,11,29
1634,ORD01635,2022-06-20,CUST0842,Divya,55,F,West,Furniture,Bookshelf,6,4129.11,15,UPI,Pending,2.2,2022,6,20
1635,ORD01636,2022-11-05,CUST2029,Arjun,41,M,West,Books,Novel,9,4302.85,15,Credit Card,Returned,2.7,2022,11,5
1637,ORD01638,2022-08-19,CUST0789,Ravi,33,M,South,Food,Biscuits,10,4573.66,20,Cash,Delivered,1.6,2022,8,19
1641,ORD01642,2022-02-28,CUST2452,Vijay,43,M,East,Toys,RC Car,5,497.81,20,Debit Card,Returned,2.3,2022,2,28
1643,ORD01644,2022-12-17,CUST2401,Rohan,26,M,South,Toys,RC Car,2,2853.47,15,Net Banking,Cancelled,4.2,2022,12,17
1644,ORD01645,2022-05-12,CUST1123,Suresh,48,M,East,Electronics,Headphones,6,1198.99,15,Cash,Cancelled,4.4,2022,5,12
1645,ORD01646,2022-05-04,CUST0109,Divya,18,F,Central,Electronics,Phone,1,4457.26,15,Debit Card,Returned,4.1,2022,5,4
1647,ORD01648,2022-11-03,CUST2120,Ravi,46,M,West,Clothing,Jeans,2,2930.34,0,Debit Card,Cancelled,4.4,2022,11,3
1648,ORD01649,2022-05-15,CUST2234,Ravi,33,M,East,Furniture,Bed Frame,3,1903.09,10,UPI,Delivered,1.4,2022,5,15
1651,ORD01652,2022-05-19,CUST2081,Dev,35,M,West,Clothing,Jacket,7,3567.48,15,Net Banking,Returned,1.7,2022,5,19
1654,ORD01655,2022-06-29,CUST2481,Vijay,62,M,West,Clothing,Jacket,2,1472.99,20,Net Banking,Returned,4.2,2022,6,29
1655,ORD01656,2022-02-23,CUST0796,Priya,29,F,North,Clothing,Saree,7,51.22,10,Net Banking,Pending,2.4,2022,2,23
1657,ORD01658,2022-08-16,CUST0192,Ravi,44,M,North,Toys,Puzzle,2,479.88,20,Debit Card,Returned,1.0,2022,8,16
1658,ORD01659,2022-04-24,CUST0225,Pooja,48,F,West,Books,Novel,6,2029.87,15,Cash,Cancelled,4.0,2022,4,24
1659,ORD01660,2022-11-30,CUST1112,Kavya,45,F,North,Books,Cookbook,6,101.1,20,Net Banking,Cancelled,1.7,2022,11,30
1661,ORD01662,2022-04-30,CUST0732,Sneha,47,F,West,Clothing,T-Shirt,7,1777.38,10,Net Banking,Pending,1.8,2022,4,30
1662,ORD01663,2022-09-15,CUST0185,Divya,35,F,West,Toys,LEGO Set,7,4300.33,5,Credit Card,Cancelled,1.7,2022,9,15
1664,ORD01665,2022-03-21,CUST1101,Asha,40,F,West,Clothing,Saree,5,1369.71,10,UPI,Returned,1.7,2022,3,21
1665,ORD01666,2022-06-19,CUST2196,Ritu,41,F,South,Food,Dal 2kg,10,3816.23,0,Net Banking,Returned,2.2,2022,6,19
1666,ORD01667,2022-07-22,CUST1091,Asha,22,F,North,Sports,Cricket Bat,5,3456.66,5,Credit Card,Pending,3.9,2022,7,22
1667,ORD01668,2022-06-28,CUST2975,Dev,35,M,South,Toys,RC Car,6,2434.46,10,UPI,Delivered,,2022,6,28
1669,ORD01670,2022-02-22,CUST2221,Arjun,46,M,East,Sports,Dumbbells,5,1415.25,15,Net Banking,Pending,2.5,2022,2,22
1671,ORD01672,2022-01-12,CUST0168,Vijay,62,M,West,Furniture,Bookshelf,3,2905.48,0,Debit Card,Cancelled,2.2,2022,1,12
1672,ORD01673,2022-02-04,CUST2892,Ravi,33,M,West,Clothing,Jacket,7,3776.85,15,UPI,Cancelled,1.1,2022,2,4
1673,ORD01674,2022-01-23,CUST0493,Suresh,53,M,South,Electronics,Headphones,8,3240.83,5,Cash,Returned,2.9,2022,1,23
1677,ORD01678,2022-07-30,CUST0286,Dev,43,M,South,Toys,Puzzle,8,197.21,15,Debit Card,Delivered,1.2,2022,7,30
1682,ORD01683,2022-06-16,CUST2300,Kavya,50,F,East,Electronics,Tablet,5,4981.36,20,Cash,Delivered,2.1,2022,6,16
1683,ORD01684,2022-01-06,CUST2626,Amit,35,M,South,Furniture,Bed Frame,2,2100.71,20,Credit Card,Pending,2.5,2022,1,6
1685,ORD01686,2022-07-28,CUST2577,Rohan,52,M,North,Clothing,Saree,5,260.53,0,Debit Card,Delivered,,2022,7,28
1688,ORD01689,2022-04-23,CUST1606,Nikhil,26,M,North,Sports,Cricket Bat,10,4428.56,15,Debit Card,Delivered,2.9,2022,4,23
1690,ORD01691,2022-01-07,CUST0045,Sneha,65,F,East,Books,Comics,6,4991.68,15,Cash,Pending,,2022,1,7
1691,ORD01692,2022-06-09,CUST1019,Karan,18,M,South,Clothing,Saree,10,141.91,0,Debit Card,Pending,2.8,2022,6,9
1692,ORD01693,2022-01-01,CUST0993,Divya,42,F,East,Toys,LEGO Set,4,3069.72,15,Cash,Pending,4.0,2022,1,1
1696,ORD01697,2022-05-19,CUST0762,Ritu,56,F,Central,Food,Biscuits,8,4840.56,5,Net Banking,Returned,4.8,2022,5,19
1701,ORD01702,2022-10-24,CUST2697,Vijay,62,M,West,Furniture,Chair,1,71.87,0,Net Banking,Returned,3.6,2022,10,24
1702,ORD01703,2022-03-14,CUST0837,Ravi,51,M,Central,Books,Textbook,1,4360.04,20,Net Banking,Pending,1.5,2022,3,14
1704,ORD01705,2022-12-11,CUST1985,Karan,45,M,West,Sports,Football,1,2617.02,5,Debit Card,Delivered,1.1,2022,12,11
1708,ORD01709,2022-07-21,CUST1433,Divya,21,F,South,Electronics,Laptop,1,2506.19,15,Net Banking,Delivered,1.3,2022,7,21
1710,ORD01711,2022-10-09,CUST2495,Suresh,18,M,East,Food,Cooking Oil,5,4266.33,10,Net Banking,Cancelled,2.1,2022,10,9
1711,ORD01712,2022-11-19,CUST0022,Arjun,62,M,West,Books,Cookbook,7,4336.71,5,Net Banking,Pending,4.7,2022,11,19
1715,ORD01716,2022-11-15,CUST2211,Priya,35,F,North,Electronics,Tablet,1,2959.77,0,Cash,Returned,2.2,2022,11,15
1717,ORD01718,2022-06-05,CUST2859,Meera,39,F,North,Books,Novel,8,2694.18,0,Net Banking,Pending,1.6,2022,6,5
1718,ORD01719,2022-05-16,CUST2478,Ritu,47,F,East,Clothing,Jeans,4,1745.6,15,UPI,Delivered,4.7,2022,5,16
1721,ORD01722,2022-04-25,CUST1210,Sneha,47,F,South,Toys,Puzzle,4,973.03,0,Cash,Delivered,2.6,2022,4,25
1725,ORD01726,2022-08-10,CUST0199,Vijay,39,M,North,Food,Dal 2kg,9,4540.72,0,Net Banking,Returned,3.1,2022,8,10
1726,ORD01727,2022-02-15,CUST2626,Nikhil,23,M,West,Furniture,Table,7,4154.71,10,UPI,Delivered,3.1,2022,2,15
1727,ORD01728,2022-06-18,CUST0972,Rahul,58,M,North,Toys,Doll,10,266.82,0,Cash,Pending,,2022,6,18
1729,ORD01730,2022-02-14,CUST1429,Nikhil,49,M,East,Electronics,Laptop,10,3597.21,15,UPI,Pending,4.9,2022,2,14
1733,ORD01734,2022-02-01,CUST2623,Anita,27,F,West,Toys,Puzzle,3,1582.5,15,Net Banking,Delivered,2.2,2022,2,1
1734,ORD01735,2022-03-14,CUST0018,Suresh,22,M,West,Food,Rice 5kg,6,2544.64,0,Cash,Delivered,1.8,2022,3,14
1736,ORD01737,2022-02-27,CUST2998,Suresh,65,M,East,Sports,Badminton Set,5,2239.57,10,Cash,Delivered,4.9,2022,2,27
1739,ORD01740,2022-07-10,CUST2843,Divya,48,F,West,Sports,Cricket Bat,6,3448.99,0,Credit Card,Pending,5.0,2022,7,10
1741,ORD01742,2022-07-10,CUST1320,Vijay,33,M,South,Clothing,Kurta,7,1481.02,0,Net Banking,Cancelled,4.7,2022,7,10
1743,ORD01744,2022-09-15,CUST1734,Rahul,57,M,South,Clothing,Jeans,3,157.37,0,Cash,Returned,1.0,2022,9,15
1745,ORD01746,2022-02-28,CUST1788,Karan,54,M,Central,Toys,RC Car,6,677.85,15,Debit Card,Delivered,2.8,2022,2,28
1746,ORD01747,2022-10-19,CUST0634,Dev,29,M,West,Clothing,T-Shirt,1,68.71,15,Cash,Returned,1.9,2022,10,19
1749,ORD01750,2022-02-24,CUST0076,Ravi,61,M,West,Electronics,Laptop,8,3965.87,10,Net Banking,Pending,3.0,2022,2,24
1751,ORD01752,2022-11-19,CUST0856,Meera,24,F,Central,Furniture,Chair,5,2889.7,10,Cash,Cancelled,3.6,2022,11,19
1753,ORD01754,2022-05-15,CUST1054,Vijay,42,M,North,Toys,Puzzle,7,1518.16,5,Cash,Delivered,4.9,2022,5,15
1754,ORD01755,2022-12-04,CUST1391,Dev,32,M,East,Sports,Dumbbells,2,3319.64,0,Credit Card,Delivered,3.2,2022,12,4
1755,ORD01756,2022-05-21,CUST2176,Vijay,63,M,East,Books,Self-Help,7,3719.5,5,Net Banking,Pending,4.3,2022,5,21
1756,ORD01757,2022-03-07,CUST2156,Vijay,27,M,South,Food,Dal 2kg,8,3745.29,15,Cash,Cancelled,4.1,2022,3,7
1757,ORD01758,2022-02-20,CUST2996,Priya,30,F,East,Food,Biscuits,5,383.59,20,Debit Card,Pending,1.3,2022,2,20
1759,ORD01760,2022-09-05,CUST1822,Ritu,27,F,South,Toys,Puzzle,4,4423.79,20,Net Banking,Delivered,4.4,2022,9,5
1763,ORD01764,2022-09-20,CUST2099,Divya,55,F,Central,Food,Spices Pack,6,577.23,5,Net Banking,Pending,2.0,2022,9,20
1765,ORD01766,2022-11-02,CUST0870,Priya,50,F,West,Clothing,Saree,4,275.63,20,Credit Card,Returned,2.1,2022,11,2
1766,ORD01767,2022-08-17,CUST2494,Karan,35,M,North,Books,Novel,9,3076.74,20,Cash,Pending,,2022,8,17
1768,ORD01769,2022-10-04,CUST0174,Dev,47,M,South,Food,Rice 5kg,4,1844.76,20,UPI,Cancelled,2.2,2022,10,4
1770,ORD01771,2022-08-27,CUST2173,Priya,56,F,South,Clothing,Kurta,5,1387.81,0,UPI,Pending,2.4,2022,8,27
1772,ORD01773,2022-10-01,CUST2956,Ritu,28,F,South,Food,Rice 5kg,5,380.13,15,Credit Card,Returned,3.7,2022,10,1
1773,ORD01774,2022-04-19,CUST2649,Asha,32,F,South,Toys,Puzzle,9,4039.61,10,Net Banking,Delivered,1.6,2022,4,19
1778,ORD01779,2022-02-26,CUST1909,Nikhil,46,M,Central,Food,Spices Pack,9,3157.05,15,UPI,Pending,3.2,2022,2,26
1782,ORD01783,2022-04-28,CUST2469,Vijay,19,M,East,Clothing,Kurta,7,3422.23,5,Credit Card,Delivered,4.1,2022,4,28
1784,ORD01785,2022-08-13,CUST2273,Ritu,27,F,West,Electronics,Laptop,1,2300.67,5,Debit Card,Returned,1.6,2022,8,13
1786,ORD01787,2022-07-15,CUST0055,Asha,49,F,West,Sports,Yoga Mat,9,3925.56,5,Cash,Delivered,3.8,2022,7,15
1788,ORD01789,2022-09-27,CUST1506,Ritu,50,F,Central,Sports,Football,9,1405.55,10,Cash,Delivered,,2022,9,27
1789,ORD01790,2022-06-06,CUST1322,Ravi,21,M,South,Electronics,Tablet,8,4757.32,0,Net Banking,Cancelled,4.9,2022,6,6
1791,ORD01792,2022-10-26,CUST2354,Suresh,36,M,North,Books,Comics,5,1817.94,20,Cash,Cancelled,4.9,2022,10,26
1794,ORD01795,2022-08-21,CUST1528,Karan,22,M,Central,Sports,Badminton Set,5,3230.54,5,UPI,Pending,1.4,2022,8,21
1795,ORD01796,2022-11-04,CUST1929,Rohan,63,M,East,Furniture,Bookshelf,1,4736.33,5,Net Banking,Returned,2.5,2022,11,4
1798,ORD01799,2022-07-28,CUST1179,Divya,19,F,South,Books,Novel,10,1312.97,20,Debit Card,Returned,4.2,2022,7,28
1799,ORD01800,2022-06-05,CUST1425,Meera,65,F,North,Books,Textbook,4,3864.72,0,Debit Card,Cancelled,4.4,2022,6,5
1800,ORD01801,2022-05-07,CUST1702,Amit,44,M,West,Sports,Football,7,1916.7,15,Credit Card,Delivered,2.5,2022,5,7
1801,ORD01802,2022-05-18,CUST0548,Karan,61,M,South,Books,Self-Help,4,1425.53,0,UPI,Delivered,4.4,2022,5,18
1803,ORD01804,2022-10-08,CUST0866,Sneha,33,F,East,Books,Comics,5,4080.55,0,Credit Card,Cancelled,3.5,2022,10,8
1804,ORD01805,2022-02-23,CUST2006,Divya,26,F,West,Food,Dal 2kg,5,743.56,15,Cash,Delivered,2.5,2022,2,23
1806,ORD01807,2022-12-09,CUST0854,Suresh,35,M,East,Toys,Board Game,6,62.28,5,UPI,Cancelled,3.9,2022,12,9
1807,ORD01808,2022-11-04,CUST0957,Sneha,22,F,East,Clothing,Kurta,9,1182.03,0,UPI,Pending,2.0,2022,11,4
1808,ORD01809,2022-06-02,CUST2854,Anita,55,F,West,Food,Dal 2kg,5,2922.29,5,Debit Card,Cancelled,1.5,2022,6,2
1809,ORD01810,2022-11-26,CUST2665,Kavya,45,F,West,Electronics,Phone,1,1483.09,20,Credit Card,Returned,2.8,2022,11,26
1812,ORD01813,2022-05-12,CUST0217,Rahul,44,M,Central,Sports,Yoga Mat,9,1634.41,10,Credit Card,Returned,2.8,2022,5,12
1817,ORD01818,2022-05-24,CUST2717,Rohan,65,M,Central,Clothing,Jeans,3,283.6,15,Credit Card,Delivered,1.4,2022,5,24
1818,ORD01819,2022-04-14,CUST1490,Suresh,29,M,Central,Food,Biscuits,5,1084.93,20,Net Banking,Delivered,3.6,2022,4,14
1821,ORD01822,2022-10-11,CUST2561,Nikhil,41,M,South,Toys,Puzzle,8,3144.26,5,Debit Card,Cancelled,3.2,2022,10,11
1825,ORD01826,2022-06-04,CUST0336,Vijay,28,M,West,Food,Cooking Oil,7,2494.58,20,Net Banking,Returned,2.4,2022,6,4
1829,ORD01830,2022-04-08,CUST1975,Sneha,53,F,North,Furniture,Chair,8,3471.11,0,Debit Card,Returned,3.5,2022,4,8
1830,ORD01831,2022-10-20,CUST1220,Meera,46,F,West,Sports,Football,2,702.48,0,Cash,Pending,1.8,2022,10,20
1831,ORD01832,2022-12-19,CUST0784,Sneha,56,F,North,Books,Cookbook,3,1973.57,10,Net Banking,Returned,1.8,2022,12,19
1833,ORD01834,2022-08-18,CUST0455,Rohan,20,M,North,Furniture,Bookshelf,1,2087.88,20,Net Banking,Delivered,1.9,2022,8,18
1836,ORD01837,2022-03-17,CUST0374,Rahul,24,M,West,Electronics,Headphones,8,3022.45,0,Credit Card,Pending,4.6,2022,3,17
1837,ORD01838,2022-06-04,CUST1709,Rahul,44,M,North,Electronics,Tablet,3,4473.48,0,Net Banking,Delivered,4.3,2022,6,4
1838,ORD01839,2022-07-25,CUST1349,Rohan,37,M,Central,Sports,Cricket Bat,4,1495.29,0,UPI,Returned,4.6,2022,7,25
1842,ORD01843,2022-08-07,CUST2090,Nisha,41,F,West,Clothing,Saree,2,3874.4,20,Net Banking,Pending,2.9,2022,8,7
1843,ORD01844,2022-02-08,CUST2518,Kavya,25,F,West,Sports,Cricket Bat,4,2792.83,0,Credit Card,Pending,3.0,2022,2,8
1844,ORD01845,2022-03-19,CUST1375,Suresh,31,M,East,Books,Textbook,2,1774.34,0,Credit Card,Cancelled,1.3,2022,3,19
1845,ORD01846,2022-12-12,CUST2687,Sneha,49,F,East,Furniture,Chair,7,2761.94,10,Credit Card,Delivered,2.3,2022,12,12
1847,ORD01848,2022-08-15,CUST0435,Ritu,55,F,East,Food,Biscuits,10,4910.78,20,Net Banking,Cancelled,1.1,2022,8,15
1848,ORD01849,2022-05-30,CUST2614,Divya,64,F,North,Clothing,Jacket,6,3902.57,10,Net Banking,Returned,1.7,2022,5,30
1850,ORD01851,2022-07-04,CUST2097,Suresh,46,M,North,Electronics,Headphones,9,3259.0,15,Credit Card,Delivered,4.1,2022,7,4
1852,ORD01853,2022-06-01,CUST1163,Karan,18,M,Central,Toys,Doll,3,1185.37,20,UPI,Cancelled,3.2,2022,6,1
1855,ORD01856,2022-10-24,CUST2724,Dev,41,M,West,Sports,Football,1,3968.15,15,Debit Card,Delivered,3.8,2022,10,24
1856,ORD01857,2022-03-16,CUST1230,Asha,24,F,Central,Clothing,T-Shirt,3,4636.84,0,UPI,Pending,,2022,3,16
1859,ORD01860,2022-04-29,CUST2707,Pooja,57,F,West,Sports,Cricket Bat,4,2350.06,20,UPI,Returned,1.4,2022,4,29
1860,ORD01861,2022-11-27,CUST1525,Ritu,55,F,Central,Sports,Cricket Bat,6,4080.89,20,UPI,Delivered,4.7,2022,11,27
1862,ORD01863,2022-09-04,CUST1521,Nikhil,46,M,North,Electronics,Laptop,7,1691.22,15,Credit Card,Cancelled,4.0,2022,9,4
1865,ORD01866,2022-09-04,CUST0714,Sneha,31,F,East,Food,Rice 5kg,9,1445.82,5,Debit Card,Delivered,4.6,2022,9,4
1866,ORD01867,2022-12-17,CUST2460,Ravi,24,M,East,Electronics,Headphones,3,1573.68,10,Debit Card,Pending,4.5,2022,12,17
1868,ORD01869,2022-10-26,CUST0339,Suresh,38,M,Central,Clothing,Jeans,10,3984.4,20,Cash,Cancelled,4.7,2022,10,26
1869,ORD01870,2022-07-08,CUST2458,Rahul,23,M,West,Food,Rice 5kg,3,3045.25,15,Cash,Delivered,3.8,2022,7,8
1870,ORD01871,2022-11-06,CUST1901,Meera,52,F,South,Clothing,Kurta,3,4154.64,0,Credit Card,Pending,,2022,11,6
1871,ORD01872,2022-01-06,CUST1454,Rohan,20,M,South,Clothing,Saree,7,3040.41,15,Credit Card,Returned,4.9,2022,1,6
1872,ORD01873,2022-01-08,CUST0391,Dev,60,M,Central,Electronics,Tablet,9,3912.16,10,Credit Card,Delivered,1.2,2022,1,8
1875,ORD01876,2022-05-27,CUST1410,Ritu,64,F,South,Food,Rice 5kg,8,2917.87,20,Cash,Returned,2.1,2022,5,27
1876,ORD01877,2022-03-19,CUST1807,Nikhil,64,M,East,Books,Self-Help,8,4584.44,20,Cash,Cancelled,2.5,2022,3,19
1878,ORD01879,2022-03-10,CUST0656,Nisha,53,F,North,Electronics,Tablet,3,3311.23,15,UPI,Cancelled,4.1,2022,3,10
1879,ORD01880,2022-09-09,CUST0467,Nikhil,43,M,West,Books,Novel,10,346.38,5,Debit Card,Cancelled,,2022,9,9
1880,ORD01881,2022-05-19,CUST0505,Nikhil,52,M,East,Books,Self-Help,7,1062.26,5,Debit Card,Returned,3.7,2022,5,19
1882,ORD01883,2022-09-09,CUST2855,Rahul,27,M,South,Electronics,Laptop,4,2295.1,10,Credit Card,Returned,3.2,2022,9,9
1884,ORD01885,2022-08-04,CUST0387,Arjun,24,M,East,Furniture,Sofa,10,404.31,10,Credit Card,Cancelled,1.6,2022,8,4
1888,ORD01889,2022-12-01,CUST0450,Priya,27,F,North,Furniture,Bed Frame,3,4854.94,15,Net Banking,Returned,4.7,2022,12,1
1889,ORD01890,2022-11-24,CUST2394,Divya,31,F,East,Books,Self-Help,3,3006.52,5,UPI,Returned,3.5,2022,11,24
1890,ORD01891,2022-01-05,CUST1199,Vijay,49,M,West,Sports,Cricket Bat,5,2213.58,10,Debit Card,Delivered,4.1,2022,1,5
1894,ORD01895,2022-06-05,CUST0201,Dev,64,M,Central,Furniture,Table,1,608.48,5,UPI,Pending,,2022,6,5
1897,ORD01898,2022-05-30,CUST0384,Divya,54,F,South,Food,Biscuits,1,612.94,5,UPI,Delivered,2.5,2022,5,30
1898,ORD01899,2022-12-20,CUST2831,Amit,63,M,North,Electronics,Tablet,5,1987.95,15,Debit Card,Delivered,3.1,2022,12,20
1899,ORD01900,2022-10-20,CUST1155,Dev,21,M,East,Books,Cookbook,10,3212.67,0,Cash,Delivered,1.3,2022,10,20
1900,ORD01901,2022-12-05,CUST0423,Divya,35,F,Central,Furniture,Bed Frame,6,425.45,5,Cash,Cancelled,3.5,2022,12,5
1904,ORD01905,2022-06-13,CUST0171,Pooja,64,F,East,Food,Biscuits,9,1049.72,5,Credit Card,Pending,2.9,2022,6,13
1906,ORD01907,2022-06-17,CUST2702,Kavya,27,F,North,Clothing,Kurta,10,3863.8,20,Net Banking,Cancelled,2.6,2022,6,17
1911,ORD01912,2022-01-02,CUST1813,Sneha,23,F,South,Books,Self-Help,9,4611.63,5,Credit Card,Delivered,1.2,2022,1,2
1912,ORD01913,2022-08-10,CUST1429,Ravi,65,M,West,Clothing,Jeans,5,3391.92,15,Net Banking,Cancelled,4.9,2022,8,10
1917,ORD01918,2022-02-08,CUST0284,Amit,43,M,South,Food,Dal 2kg,10,615.73,10,Net Banking,Delivered,1.4,2022,2,8
1918,ORD01919,2022-08-02,CUST1378,Dev,56,M,West,Electronics,Phone,7,1775.81,20,Debit Card,Returned,4.4,2022,8,2
1920,ORD01921,2022-10-18,CUST0639,Ravi,19,M,South,Furniture,Table,9,4624.43,15,Credit Card,Cancelled,2.0,2022,10,18
1921,ORD01922,2022-11-14,CUST2426,Nikhil,28,M,West,Furniture,Sofa,3,3904.47,5,Cash,Pending,2.3,2022,11,14
1924,ORD01925,2022-01-14,CUST0239,Divya,21,F,North,Toys,Doll,7,3011.45,5,Debit Card,Delivered,,2022,1,14
1925,ORD01926,2022-11-14,CUST0184,Amit,29,M,Central,Sports,Yoga Mat,9,614.09,0,Cash,Pending,3.1,2022,11,14
1928,ORD01929,2022-12-22,CUST0362,Ritu,20,F,East,Food,Dal 2kg,5,3857.06,0,Debit Card,Returned,1.9,2022,12,22
1930,ORD01931,2022-12-31,CUST0426,Sneha,43,F,West,Books,Self-Help,10,1202.26,15,Net Banking,Cancelled,4.0,2022,12,31
1932,ORD01933,2022-06-26,CUST1771,Amit,45,M,West,Books,Self-Help,3,2326.46,15,Debit Card,Delivered,1.7,2022,6,26
1933,ORD01934,2022-06-23,CUST2467,Arjun,61,M,Central,Books,Self-Help,2,4750.53,10,Debit Card,Delivered,4.7,2022,6,23
1935,ORD01936,2022-07-12,CUST2180,Nisha,19,F,East,Sports,Yoga Mat,7,1517.11,20,Credit Card,Delivered,2.5,2022,7,12
1936,ORD01937,2022-12-04,CUST2342,Anita,22,F,South,Toys,Puzzle,2,4465.11,15,Debit Card,Pending,3.3,2022,12,4
1939,ORD01940,2022-05-07,CUST1393,Suresh,58,M,North,Books,Novel,3,2968.77,0,Credit Card,Cancelled,4.5,2022,5,7
1941,ORD01942,2022-02-12,CUST2042,Ritu,58,F,South,Clothing,T-Shirt,9,127.6,5,Credit Card,Returned,,2022,2,12
1944,ORD01945,2022-09-18,CUST1560,Karan,59,M,West,Books,Comics,5,4701.73,5,Debit Card,Cancelled,1.3,2022,9,18
1946,ORD01947,2022-11-17,CUST2716,Pooja,47,F,West,Clothing,Saree,7,4157.86,20,UPI,Cancelled,1.1,2022,11,17
1948,ORD01949,2022-11-23,CUST2953,Asha,20,F,Central,Electronics,Tablet,1,3827.64,10,Cash,Pending,2.4,2022,11,23
1949,ORD01950,2022-06-26,CUST0804,Pooja,54,F,North,Clothing,T-Shirt,1,2316.53,10,Net Banking,Cancelled,4.0,2022,6,26
1954,ORD01955,2022-04-24,CUST2032,Sneha,32,F,Central,Sports,Yoga Mat,7,4535.25,10,Cash,Pending,3.1,2022,4,24
1955,ORD01956,2022-02-11,CUST2564,Meera,23,F,Central,Food,Rice 5kg,5,3178.01,15,Cash,Pending,4.3,2022,2,11
1957,ORD01958,2022-04-08,CUST0356,Nikhil,60,M,East,Furniture,Table,4,2239.2,15,Net Banking,Pending,1.6,2022,4,8
1961,ORD01962,2022-10-15,CUST2176,Kavya,53,F,Central,Books,Novel,3,4763.73,5,Credit Card,Pending,4.3,2022,10,15
1965,ORD01966,2022-11-25,CUST0603,Vijay,61,M,Central,Books,Cookbook,8,2444.04,0,Credit Card,Cancelled,,2022,11,25
1966,ORD01967,2022-06-15,CUST0579,Nikhil,61,M,Central,Toys,RC Car,2,4553.02,5,Credit Card,Delivered,4.4,2022,6,15
1969,ORD01970,2022-07-01,CUST2647,Kavya,42,F,Central,Electronics,Tablet,5,1623.09,0,Cash,Cancelled,,2022,7,1
1972,ORD01973,2022-06-26,CUST1285,Rahul,24,M,South,Electronics,Phone,9,3341.9,15,Cash,Pending,,2022,6,26
1973,ORD01974,2022-04-11,CUST0693,Priya,41,F,South,Electronics,Smartwatch,5,840.43,0,Cash,Delivered,3.6,2022,4,11
1974,ORD01975,2022-08-16,CUST2202,Amit,54,M,North,Toys,Puzzle,9,651.71,15,Net Banking,Returned,1.0,2022,8,16
1977,ORD01978,2022-04-23,CUST0330,Vijay,57,M,East,Clothing,Saree,1,2668.98,0,UPI,Pending,3.3,2022,4,23
1978,ORD01979,2022-12-19,CUST2458,Nisha,29,F,West,Furniture,Bed Frame,8,751.75,15,Net Banking,Cancelled,4.3,2022,12,19
1981,ORD01982,2022-06-19,CUST2685,Dev,63,M,East,Toys,Board Game,8,3749.83,0,Net Banking,Delivered,1.9,2022,6,19
1982,ORD01983,2022-07-29,CUST2786,Meera,25,F,North,Toys,Puzzle,7,920.75,15,Net Banking,Cancelled,1.0,2022,7,29
1983,ORD01984,2022-08-21,CUST2179,Ravi,65,M,West,Clothing,T-Shirt,6,968.57,20,Cash,Cancelled,2.6,2022,8,21
1986,ORD01987,2022-12-04,CUST0179,Rohan,34,M,North,Electronics,Phone,8,4678.46,15,Net Banking,Returned,2.1,2022,12,4
1987,ORD01988,2022-10-15,CUST0084,Amit,23,M,Central,Sports,Yoga Mat,3,685.0,5,Credit Card,Cancelled,3.1,2022,10,15
1989,ORD01990,2022-06-15,CUST2009,Ritu,25,F,North,Sports,Yoga Mat,10,3021.32,10,UPI,Cancelled,1.5,2022,6,15
1991,ORD01992,2022-04-07,CUST1502,Divya,40,F,West,Toys,Doll,2,4966.11,5,Cash,Cancelled,2.8,2022,4,7
1994,ORD01995,2022-03-20,CUST1350,Kavya,35,F,Central,Toys,Doll,7,4608.57,5,Credit Card,Delivered,4.4,2022,3,20
1996,ORD01997,2022-06-06,CUST0893,Kavya,56,F,South,Books,Cookbook,10,2763.39,0,Cash,Pending,2.1,2022,6,6
1997,ORD01998,2022-11-27,CUST2578,Anita,65,F,East,Furniture,Sofa,2,4176.45,5,Net Banking,Cancelled,4.5,2022,11,27
1998,ORD01999,2022-05-05,CUST2341,Amit,56,M,East,Toys,Doll,4,2058.79,0,UPI,Pending,2.6,2022,5,5
1999,ORD02000,2022-11-18,CUST2471,Suresh,33,M,North,Books,Cookbook,5,1625.78,0,Net Banking,Cancelled,4.1,2022,11,18
2003,ORD02004,2022-03-04,CUST0758,Anita,64,F,South,Books,Cookbook,9,4403.82,5,Net Banking,Pending,4.6,2022,3,4
2004,ORD02005,2022-10-25,CUST2265,Priya,35,F,South,Electronics,Smartwatch,2,3261.63,10,Credit Card,Returned,2.2,2022,10,25
2006,ORD02007,2022-04-16,CUST2544,Divya,52,F,Central,Food,Rice 5kg,10,4023.4,10,Credit Card,Returned,2.4,2022,4,16
2007,ORD02008,2022-04-06,CUST2084,Priya,29,F,West,Food,Spices Pack,3,1535.41,10,Credit Card,Delivered,3.5,2022,4,6
2010,ORD02011,2022-08-25,CUST1149,Dev,59,M,South,Toys,Doll,10,3400.2,20,UPI,Delivered,2.2,2022,8,25
2013,ORD02014,2022-05-17,CUST1843,Sneha,35,F,South,Food,Cooking Oil,9,924.15,20,UPI,Delivered,2.4,2022,5,17
2018,ORD02019,2022-03-24,CUST0881,Amit,51,M,East,Toys,RC Car,10,2229.56,0,Net Banking,Delivered,,2022,3,24
2019,ORD02020,2022-01-01,CUST2982,Divya,50,F,West,Furniture,Sofa,7,2189.07,10,Credit Card,Delivered,1.3,2022,1,1
2020,ORD02021,2022-07-29,CUST1508,Pooja,57,F,West,Books,Comics,5,2836.73,5,Debit Card,Pending,1.8,2022,7,29
2024,ORD02025,2022-07-20,CUST0078,Ritu,64,F,North,Clothing,Saree,9,4347.45,15,Credit Card,Delivered,2.4,2022,7,20
2026,ORD02027,2022-08-10,CUST0212,Pooja,30,F,West,Food,Biscuits,7,3806.98,0,Cash,Pending,2.7,2022,8,10
2031,ORD02032,2022-09-03,CUST2284,Arjun,48,M,East,Books,Self-Help,5,4396.98,0,Credit Card,Pending,2.9,2022,9,3
2032,ORD02033,2022-11-12,CUST1221,Rahul,23,M,North,Toys,Puzzle,7,2362.87,0,UPI,Cancelled,2.4,2022,11,12
2034,ORD02035,2022-09-27,CUST1367,Nisha,59,F,West,Books,Cookbook,3,1248.73,10,UPI,Returned,3.1,2022,9,27
2041,ORD02042,2022-09-17,CUST0276,Rohan,31,M,North,Sports,Yoga Mat,3,4577.4,0,Debit Card,Cancelled,,2022,9,17
2042,ORD02043,2022-08-07,CUST1038,Priya,47,F,Central,Food,Dal 2kg,5,2282.78,5,UPI,Returned,4.4,2022,8,7
2045,ORD02046,2022-11-22,CUST0861,Vijay,57,M,Central,Food,Biscuits,6,1018.2,15,Debit Card,Pending,1.3,2022,11,22
2048,ORD02049,2022-07-13,CUST0709,Rahul,37,M,South,Clothing,Kurta,2,4104.66,15,Credit Card,Pending,3.8,2022,7,13
2049,ORD02050,2022-06-27,CUST1288,Kavya,27,F,West,Toys,LEGO Set,10,3690.75,0,Cash,Pending,,2022,6,27
2050,ORD02051,2022-12-07,CUST0802,Amit,21,M,North,Food,Dal 2kg,2,1023.38,0,UPI,Returned,2.4,2022,12,7
2053,ORD02054,2022-02-26,CUST2532,Vijay,64,M,North,Furniture,Bed Frame,10,1371.16,5,Credit Card,Cancelled,3.7,2022,2,26
2057,ORD02058,2022-02-20,CUST0125,Karan,20,M,West,Furniture,Table,3,2778.78,15,UPI,Pending,1.6,2022,2,20
2058,ORD02059,2022-05-29,CUST1371,Sneha,29,F,North,Food,Cooking Oil,9,2342.25,0,UPI,Delivered,1.4,2022,5,29
2059,ORD02060,2022-01-30,CUST0746,Dev,34,M,North,Furniture,Chair,7,267.39,20,Net Banking,Pending,4.7,2022,1,30
2060,ORD02061,2022-12-16,CUST2374,Pooja,19,F,East,Food,Dal 2kg,7,3478.32,20,Credit Card,Pending,,2022,12,16
2061,ORD02062,2022-12-04,CUST0552,Divya,32,F,Central,Books,Comics,4,224.62,15,Debit Card,Cancelled,2.4,2022,12,4
2062,ORD02063,2022-03-17,CUST0215,Divya,44,F,South,Food,Dal 2kg,10,3136.03,5,Cash,Delivered,3.6,2022,3,17
2065,ORD02066,2022-02-18,CUST1805,Meera,26,F,Central,Electronics,Smartwatch,2,1335.1,20,Cash,Pending,1.9,2022,2,18
2066,ORD02067,2022-08-15,CUST2022,Nikhil,18,M,Central,Furniture,Table,1,4109.36,10,UPI,Cancelled,3.9,2022,8,15
2069,ORD02070,2022-11-28,CUST1102,Pooja,64,F,East,Sports,Cricket Bat,10,4748.0,10,Debit Card,Pending,1.9,2022,11,28
2070,ORD02071,2022-03-25,CUST1412,Nisha,61,F,East,Clothing,T-Shirt,4,1819.2,5,Debit Card,Returned,2.3,2022,3,25
2072,ORD02073,2022-09-21,CUST1665,Anita,40,F,East,Toys,LEGO Set,10,3113.15,15,Credit Card,Pending,2.1,2022,9,21
2076,ORD02077,2022-11-04,CUST1367,Dev,32,M,West,Electronics,Tablet,1,3978.49,5,Cash,Pending,1.3,2022,11,4
2077,ORD02078,2022-09-25,CUST1414,Divya,33,F,Central,Books,Self-Help,2,4646.29,10,Cash,Cancelled,4.5,2022,9,25
2087,ORD02088,2022-02-22,CUST1365,Karan,59,M,East,Clothing,Jacket,10,2345.87,0,Net Banking,Cancelled,1.4,2022,2,22
2089,ORD02090,2022-11-13,CUST2188,Meera,39,F,East,Electronics,Phone,6,1388.3,15,Net Banking,Returned,,2022,11,13
2090,ORD02091,2022-12-24,CUST2762,Sneha,65,F,Central,Clothing,Jeans,9,1865.26,10,UPI,Cancelled,4.3,2022,12,24
2091,ORD02092,2022-02-15,CUST2175,Pooja,34,F,North,Food,Biscuits,2,3285.42,15,Cash,Cancelled,4.6,2022,2,15
2094,ORD02095,2022-04-14,CUST1885,Priya,40,F,Central,Electronics,Headphones,1,995.27,15,Credit Card,Delivered,,2022,4,14
2098,ORD02099,2022-08-07,CUST0437,Sneha,30,F,Central,Clothing,Kurta,9,1111.27,0,Credit Card,Delivered,2.4,2022,8,7
2099,ORD02100,2022-06-18,CUST2517,Kavya,32,F,West,Electronics,Smartwatch,8,4558.34,10,Net Banking,Returned,2.2,2022,6,18
2102,ORD02103,2022-04-17,CUST0518,Anita,61,F,South,Clothing,Kurta,9,1982.18,20,Cash,Returned,,2022,4,17
2103,ORD02104,2022-03-26,CUST2630,Ravi,52,M,Central,Books,Textbook,6,4340.35,15,Cash,Pending,3.3,2022,3,26
2105,ORD02106,2022-03-29,CUST0769,Amit,50,M,North,Sports,Cricket Bat,9,3345.38,10,UPI,Returned,4.7,2022,3,29
2107,ORD02108,2022-09-25,CUST0996,Anita,38,F,East,Food,Dal 2kg,3,870.77,0,Credit Card,Delivered,2.0,2022,9,25
2108,ORD02109,2022-01-12,CUST1618,Vijay,36,M,West,Furniture,Table,9,1074.94,15,Net Banking,Delivered,3.0,2022,1,12
2109,ORD02110,2022-08-31,CUST2473,Nikhil,41,M,North,Books,Self-Help,7,586.62,20,Net Banking,Cancelled,2.5,2022,8,31
2110,ORD02111,2022-05-31,CUST2235,Anita,51,F,Central,Books,Self-Help,3,4794.38,15,Net Banking,Delivered,,2022,5,31
2112,ORD02113,2022-11-27,CUST0945,Meera,56,F,North,Electronics,Smartwatch,10,462.41,0,Net Banking,Pending,3.7,2022,11,27
2113,ORD02114,2022-12-11,CUST2889,Rohan,56,M,West,Books,Self-Help,1,1185.87,5,Credit Card,Delivered,5.0,2022,12,11
2114,ORD02115,2022-05-26,CUST0045,Karan,47,M,East,Sports,Dumbbells,2,979.75,20,Cash,Delivered,2.9,2022,5,26
2115,ORD02116,2022-05-22,CUST0704,Kavya,43,F,North,Electronics,Smartwatch,4,3206.2,15,Cash,Returned,2.4,2022,5,22
2120,ORD02121,2022-03-25,CUST0788,Karan,20,M,East,Toys,Board Game,8,544.83,15,Net Banking,Cancelled,3.8,2022,3,25
2121,ORD02122,2022-01-05,CUST1038,Rohan,52,M,South,Food,Rice 5kg,3,1305.56,15,Debit Card,Pending,4.9,2022,1,5
2124,ORD02125,2022-12-08,CUST1082,Suresh,39,M,North,Clothing,Jacket,10,3966.66,15,Credit Card,Pending,4.9,2022,12,8
2125,ORD02126,2022-08-11,CUST1411,Asha,42,F,North,Toys,LEGO Set,10,1552.18,15,UPI,Pending,3.2,2022,8,11
2128,ORD02129,2022-10-02,CUST0833,Vijay,55,M,North,Furniture,Bed Frame,4,1515.41,10,Debit Card,Pending,3.7,2022,10,2
2131,ORD02132,2022-03-13,CUST1794,Nikhil,33,M,East,Clothing,Saree,8,2966.83,15,Credit Card,Returned,1.3,2022,3,13
2132,ORD02133,2022-10-22,CUST2804,Sneha,33,F,North,Clothing,T-Shirt,7,2721.21,5,Cash,Returned,1.9,2022,10,22
2134,ORD02135,2022-05-24,CUST2072,Suresh,39,M,South,Food,Dal 2kg,9,4405.78,10,Net Banking,Delivered,1.4,2022,5,24
2135,ORD02136,2022-12-11,CUST1396,Nikhil,33,M,North,Toys,RC Car,5,2678.76,20,Credit Card,Delivered,2.9,2022,12,11
2136,ORD02137,2022-01-07,CUST1681,Sneha,37,F,South,Food,Spices Pack,5,4527.35,20,UPI,Pending,4.9,2022,1,7
2142,ORD02143,2022-03-10,CUST2538,Amit,26,M,North,Books,Self-Help,6,1522.91,10,Credit Card,Pending,3.1,2022,3,10
2143,ORD02144,2022-04-11,CUST2788,Divya,54,F,West,Clothing,Saree,6,3268.66,0,UPI,Pending,2.6,2022,4,11
2144,ORD02145,2022-10-27,CUST0773,Rahul,30,M,North,Clothing,Saree,1,2432.34,10,Debit Card,Pending,4.7,2022,10,27
2146,ORD02147,2022-12-17,CUST2598,Vijay,47,M,North,Furniture,Bookshelf,2,1376.06,20,Credit Card,Pending,1.4,2022,12,17
2149,ORD02150,2022-11-27,CUST0865,Asha,56,F,West,Clothing,Kurta,2,1751.17,10,Credit Card,Pending,1.3,2022,11,27
2150,ORD02151,2022-11-06,CUST1269,Rahul,29,M,East,Toys,Puzzle,6,4160.93,15,Debit Card,Cancelled,1.4,2022,11,6
2151,ORD02152,2022-03-23,CUST2839,Rohan,22,M,South,Furniture,Table,7,694.92,20,UPI,Cancelled,3.2,2022,3,23
2152,ORD02153,2022-11-01,CUST2580,Kavya,39,F,East,Toys,Puzzle,8,2426.08,10,Debit Card,Cancelled,2.2,2022,11,1
2156,ORD02157,2022-08-25,CUST0347,Ritu,63,F,East,Clothing,T-Shirt,4,2092.33,20,Credit Card,Delivered,,2022,8,25
2158,ORD02159,2022-09-30,CUST0913,Ritu,31,F,East,Toys,LEGO Set,1,3188.97,20,Debit Card,Pending,3.4,2022,9,30
2164,ORD02165,2022-11-24,CUST2752,Ravi,55,M,South,Clothing,Kurta,7,2958.04,10,UPI,Returned,4.0,2022,11,24
2167,ORD02168,2022-12-22,CUST0298,Kavya,43,F,North,Books,Self-Help,3,322.08,5,Cash,Returned,,2022,12,22
2169,ORD02170,2022-03-22,CUST1525,Vijay,23,M,South,Books,Comics,6,1996.69,0,UPI,Returned,1.6,2022,3,22
2170,ORD02171,2022-12-20,CUST0915,Arjun,64,M,East,Toys,Board Game,2,2952.59,5,Debit Card,Pending,2.4,2022,12,20
2171,ORD02172,2022-11-18,CUST1607,Rohan,45,M,South,Books,Self-Help,2,1699.25,15,Cash,Returned,4.8,2022,11,18
2172,ORD02173,2022-05-18,CUST2743,Divya,52,F,East,Clothing,T-Shirt,7,645.61,15,Net Banking,Returned,1.3,2022,5,18
2173,ORD02174,2022-11-17,CUST0631,Sneha,21,F,East,Electronics,Laptop,8,2207.3,0,Debit Card,Cancelled,,2022,11,17
2174,ORD02175,2022-07-14,CUST1731,Divya,19,F,Central,Sports,Yoga Mat,8,4392.46,10,Credit Card,Delivered,3.8,2022,7,14
2175,ORD02176,2022-08-10,CUST2104,Rahul,51,M,Central,Electronics,Tablet,7,3677.03,0,Debit Card,Delivered,2.9,2022,8,10
2178,ORD02179,2022-06-10,CUST2270,Dev,25,M,East,Electronics,Laptop,8,4748.77,15,Net Banking,Returned,3.9,2022,6,10
2182,ORD02183,2022-12-26,CUST1648,Anita,31,F,East,Electronics,Headphones,5,1803.9,0,Cash,Delivered,4.2,2022,12,26
2183,ORD02184,2022-05-18,CUST1418,Arjun,45,M,East,Clothing,Kurta,3,130.47,0,Cash,Returned,4.3,2022,5,18
2185,ORD02186,2022-05-28,CUST1536,Meera,36,F,East,Sports,Yoga Mat,3,112.45,0,UPI,Delivered,1.2,2022,5,28
2190,ORD02191,2022-05-11,CUST1176,Sneha,20,F,East,Furniture,Sofa,7,325.65,5,Net Banking,Cancelled,1.5,2022,5,11
2192,ORD02193,2022-04-28,CUST0521,Anita,49,F,Central,Furniture,Bookshelf,7,265.05,20,Debit Card,Pending,1.9,2022,4,28
2193,ORD02194,2022-07-18,CUST1941,Pooja,43,F,Central,Books,Cookbook,1,2939.33,15,UPI,Pending,2.3,2022,7,18
2195,ORD02196,2022-03-17,CUST2184,Kavya,20,F,South,Furniture,Chair,5,1866.61,5,Net Banking,Cancelled,4.5,2022,3,17
2198,ORD02199,2022-07-22,CUST0455,Anita,53,F,North,Electronics,Phone,5,438.54,0,UPI,Delivered,3.1,2022,7,22
2201,ORD02202,2022-10-06,CUST0625,Suresh,47,M,East,Electronics,Tablet,6,3826.49,15,Net Banking,Pending,1.5,2022,10,6
2202,ORD02203,2022-09-29,CUST2513,Arjun,51,M,West,Books,Comics,1,1151.3,15,Credit Card,Returned,3.5,2022,9,29
2203,ORD02204,2022-10-23,CUST2581,Rohan,43,M,East,Electronics,Phone,7,3751.58,20,Credit Card,Delivered,,2022,10,23
2204,ORD02205,2022-12-26,CUST2646,Priya,53,F,North,Clothing,Jeans,7,3807.43,15,UPI,Cancelled,1.3,2022,12,26
2206,ORD02207,2022-10-25,CUST2456,Priya,37,F,Central,Furniture,Sofa,1,354.09,15,Net Banking,Pending,2.6,2022,10,25
2209,ORD02210,2022-10-12,CUST0381,Arjun,35,M,East,Electronics,Smartwatch,7,4169.13,0,UPI,Delivered,1.7,2022,10,12
2210,ORD02211,2022-08-26,CUST1242,Nisha,60,F,Central,Toys,Board Game,7,2266.31,5,Net Banking,Pending,3.6,2022,8,26
2211,ORD02212,2022-08-05,CUST0006,Sneha,21,F,East,Clothing,Kurta,2,2426.22,0,Debit Card,Returned,2.4,2022,8,5
2213,ORD02214,2022-07-20,CUST1430,Sneha,51,F,West,Food,Biscuits,8,3602.4,5,UPI,Returned,4.2,2022,7,20
2214,ORD02215,2022-09-25,CUST0989,Arjun,35,M,Central,Books,Self-Help,9,2293.51,0,Cash,Delivered,5.0,2022,9,25
2221,ORD02222,2022-02-22,CUST2904,Dev,53,M,West,Toys,RC Car,7,4169.43,20,Net Banking,Returned,3.7,2022,2,22
2222,ORD02223,2022-05-08,CUST1910,Suresh,58,M,South,Electronics,Laptop,5,3343.29,20,Net Banking,Pending,4.6,2022,5,8
2224,ORD02225,2022-01-30,CUST0477,Anita,62,F,West,Furniture,Bookshelf,2,3208.47,5,Debit Card,Returned,2.7,2022,1,30
2227,ORD02228,2022-09-21,CUST1141,Sneha,33,F,West,Clothing,Jacket,3,4539.64,15,Debit Card,Cancelled,3.7,2022,9,21
2228,ORD02229,2022-09-21,CUST2899,Amit,51,M,North,Electronics,Tablet,4,1142.89,15,UPI,Cancelled,,2022,9,21
2230,ORD02231,2022-09-30,CUST1917,Vijay,28,M,North,Food,Biscuits,2,3456.07,0,Net Banking,Returned,4.8,2022,9,30
2232,ORD02233,2022-07-20,CUST2003,Pooja,55,F,East,Toys,Doll,8,4852.35,20,UPI,Delivered,2.4,2022,7,20
2233,ORD02234,2022-03-07,CUST1604,Ravi,47,M,North,Books,Self-Help,5,3426.84,0,Cash,Cancelled,1.9,2022,3,7
2238,ORD02239,2022-08-03,CUST0644,Nikhil,57,M,East,Books,Textbook,8,3084.71,15,UPI,Pending,2.3,2022,8,3
2241,ORD02242,2022-12-05,CUST1781,Ravi,54,M,South,Books,Textbook,5,1027.58,15,Debit Card,Delivered,3.3,2022,12,5
2243,ORD02244,2022-01-20,CUST1081,Rahul,55,M,West,Food,Spices Pack,5,4553.91,0,Credit Card,Delivered,2.7,2022,1,20
2246,ORD02247,2022-06-13,CUST0546,Suresh,60,M,Central,Electronics,Tablet,3,3556.32,10,Credit Card,Pending,3.8,2022,6,13
2247,ORD02248,2022-02-28,CUST1254,Arjun,49,M,West,Books,Self-Help,5,1213.31,10,Cash,Pending,4.4,2022,2,28
2248,ORD02249,2022-06-12,CUST2810,Rohan,45,M,South,Food,Rice 5kg,2,480.35,10,Net Banking,Cancelled,2.3,2022,6,12
2250,ORD02251,2022-05-15,CUST0902,Anita,41,F,East,Toys,Board Game,7,383.66,10,UPI,Pending,5.0,2022,5,15
2253,ORD02254,2022-12-23,CUST0744,Asha,25,F,South,Sports,Yoga Mat,1,4000.06,0,Cash,Cancelled,4.9,2022,12,23
2258,ORD02259,2022-10-11,CUST2632,Ritu,60,F,East,Food,Biscuits,10,4902.08,10,UPI,Pending,3.7,2022,10,11
2260,ORD02261,2022-09-13,CUST2112,Ritu,31,F,Central,Electronics,Headphones,1,4686.58,10,Debit Card,Pending,3.6,2022,9,13
2262,ORD02263,2022-11-10,CUST2841,Nikhil,31,M,North,Furniture,Bed Frame,5,4980.19,5,Net Banking,Delivered,3.0,2022,11,10
2264,ORD02265,2022-07-13,CUST1393,Suresh,26,M,Central,Clothing,Kurta,6,1448.48,5,UPI,Delivered,3.4,2022,7,13
2266,ORD02267,2022-09-09,CUST1197,Ravi,45,M,Central,Sports,Cricket Bat,4,741.29,5,UPI,Delivered,2.9,2022,9,9
2267,ORD02268,2022-06-02,CUST1684,Karan,25,M,West,Food,Spices Pack,6,3489.56,0,UPI,Delivered,,2022,6,2
2271,ORD02272,2022-01-07,CUST2208,Priya,56,F,East,Clothing,Saree,4,3543.18,15,Cash,Returned,2.9,2022,1,7
2272,ORD02273,2022-09-27,CUST0120,Arjun,51,M,South,Furniture,Table,10,3629.72,0,Cash,Cancelled,2.6,2022,9,27
2273,ORD02274,2022-06-03,CUST1820,Sneha,41,F,East,Furniture,Bed Frame,1,959.52,5,Credit Card,Cancelled,,2022,6,3
2274,ORD02275,2022-01-25,CUST1396,Arjun,61,M,North,Toys,Board Game,1,2186.75,15,Cash,Delivered,1.3,2022,1,25
2277,ORD02278,2022-02-13,CUST0516,Kavya,27,F,Central,Electronics,Headphones,2,840.1,15,Cash,Cancelled,4.6,2022,2,13
2280,ORD02281,2022-05-21,CUST1673,Meera,18,F,Central,Furniture,Bookshelf,6,2541.18,10,Net Banking,Delivered,2.1,2022,5,21
2281,ORD02282,2022-07-01,CUST2254,Meera,47,F,East,Furniture,Table,5,4588.24,10,Net Banking,Cancelled,1.9,2022,7,1
2283,ORD02284,2022-05-20,CUST1643,Dev,61,M,North,Food,Cooking Oil,7,2636.14,20,Net Banking,Pending,5.0,2022,5,20
2284,ORD02285,2022-03-18,CUST0137,Arjun,39,M,West,Electronics,Laptop,6,1019.58,15,Net Banking,Delivered,4.8,2022,3,18
2286,ORD02287,2022-09-01,CUST1107,Vijay,23,M,West,Toys,RC Car,3,2805.39,10,Credit Card,Delivered,3.7,2022,9,1
2287,ORD02288,2022-01-03,CUST0005,Rohan,62,M,Central,Sports,Badminton Set,9,147.62,15,Net Banking,Cancelled,1.5,2022,1,3
2288,ORD02289,2022-02-26,CUST1168,Karan,32,M,South,Clothing,T-Shirt,8,2363.33,0,Net Banking,Pending,2.1,2022,2,26
2293,ORD02294,2022-12-21,CUST2788,Ritu,57,F,East,Toys,Puzzle,5,1309.3,5,Cash,Delivered,3.7,2022,12,21
2296,ORD02297,2022-11-05,CUST1488,Dev,51,M,East,Food,Spices Pack,8,3845.77,15,Debit Card,Cancelled,1.2,2022,11,5
2297,ORD02298,2022-08-05,CUST2062,Ravi,43,M,South,Food,Biscuits,10,222.56,0,UPI,Delivered,4.2,2022,8,5
2302,ORD02303,2022-05-25,CUST1155,Rohan,48,M,East,Sports,Yoga Mat,9,4329.09,20,Debit Card,Pending,4.4,2022,5,25
2304,ORD02305,2022-02-18,CUST0591,Divya,57,F,South,Electronics,Headphones,3,2520.23,20,Net Banking,Cancelled,2.4,2022,2,18
2306,ORD02307,2022-05-20,CUST2835,Meera,31,F,West,Electronics,Phone,5,71.14,20,Credit Card,Pending,3.3,2022,5,20
2309,ORD02310,2022-03-05,CUST0116,Divya,60,F,West,Sports,Yoga Mat,3,3540.99,5,UPI,Pending,4.2,2022,3,5
2311,ORD02312,2022-12-27,CUST0431,Anita,26,F,North,Sports,Yoga Mat,3,1457.13,15,Cash,Delivered,4.4,2022,12,27
2312,ORD02313,2022-02-18,CUST1307,Asha,62,F,East,Toys,Doll,9,4525.19,20,UPI,Pending,2.7,2022,2,18
2313,ORD02314,2022-03-23,CUST2575,Divya,53,F,Central,Clothing,Jacket,7,1664.21,10,Cash,Pending,1.1,2022,3,23
2314,ORD02315,2022-02-12,CUST2513,Amit,35,M,West,Clothing,Kurta,9,1937.07,20,Debit Card,Pending,2.3,2022,2,12
2315,ORD02316,2022-02-06,CUST0325,Dev,60,M,South,Sports,Football,9,4951.23,15,Cash,Cancelled,1.2,2022,2,6
2321,ORD02322,2022-12-06,CUST1682,Ravi,51,M,Central,Books,Textbook,5,256.71,5,Cash,Cancelled,2.2,2022,12,6
2323,ORD02324,2022-10-13,CUST1084,Dev,65,M,West,Furniture,Sofa,7,3063.17,10,Net Banking,Returned,4.7,2022,10,13
2324,ORD02325,2022-10-18,CUST2190,Vijay,47,M,West,Books,Textbook,10,4248.3,5,Credit Card,Delivered,2.3,2022,10,18
2326,ORD02327,2022-03-29,CUST0924,Priya,33,F,Central,Books,Cookbook,10,1649.0,0,Debit Card,Delivered,3.9,2022,3,29
2327,ORD02328,2022-05-28,CUST1738,Suresh,53,M,Central,Books,Cookbook,8,501.03,15,Credit Card,Pending,2.0,2022,5,28
2328,ORD02329,2022-07-31,CUST0810,Rahul,38,M,West,Sports,Cricket Bat,2,1861.58,5,Net Banking,Delivered,4.4,2022,7,31
2329,ORD02330,2022-11-23,CUST1768,Arjun,60,M,Central,Furniture,Table,9,3846.39,0,UPI,Cancelled,2.5,2022,11,23
2331,ORD02332,2022-03-18,CUST0658,Arjun,62,M,East,Electronics,Tablet,9,1854.52,10,Cash,Pending,3.5,2022,3,18
2333,ORD02334,2022-02-11,CUST1940,Pooja,58,F,West,Food,Spices Pack,6,787.24,5,Debit Card,Pending,3.7,2022,2,11
2334,ORD02335,2022-07-13,CUST0992,Kavya,29,F,North,Electronics,Smartwatch,9,750.41,0,Cash,Pending,2.4,2022,7,13
2335,ORD02336,2022-08-28,CUST0091,Priya,54,F,East,Books,Textbook,10,1041.36,15,Credit Card,Returned,4.3,2022,8,28
2336,ORD02337,2022-11-21,CUST0111,Dev,36,M,West,Electronics,Tablet,3,1800.23,20,Debit Card,Pending,1.2,2022,11,21
2337,ORD02338,2022-01-09,CUST2435,Vijay,23,M,North,Toys,Doll,3,1658.34,15,Cash,Pending,,2022,1,9
2338,ORD02339,2022-08-08,CUST1772,Ravi,62,M,South,Toys,Board Game,6,2391.31,5,Net Banking,Cancelled,3.7,2022,8,8
2339,ORD02340,2022-04-29,CUST0678,Anita,57,F,North,Clothing,Saree,4,1487.25,5,Cash,Delivered,1.6,2022,4,29
2340,ORD02341,2022-02-05,CUST2468,Rahul,21,M,Central,Electronics,Tablet,10,4303.52,20,Debit Card,Delivered,3.1,2022,2,5
2341,ORD02342,2022-04-21,CUST0148,Divya,50,F,South,Food,Spices Pack,3,981.87,20,Credit Card,Returned,4.5,2022,4,21
2342,ORD02343,2022-08-28,CUST2565,Karan,43,M,West,Furniture,Bed Frame,4,515.8,5,Credit Card,Pending,4.5,2022,8,28
2343,ORD02344,2022-04-05,CUST1963,Arjun,36,M,North,Electronics,Laptop,4,3469.37,20,UPI,Delivered,4.6,2022,4,5
2344,ORD02345,2022-10-06,CUST1507,Suresh,45,M,North,Books,Textbook,3,163.48,5,Net Banking,Delivered,2.1,2022,10,6
2347,ORD02348,2022-03-03,CUST0094,Priya,18,F,East,Clothing,Kurta,10,1926.62,5,Debit Card,Pending,4.5,2022,3,3
2348,ORD02349,2022-05-21,CUST2827,Ritu,47,F,North,Toys,Puzzle,7,3447.77,5,Credit Card,Cancelled,2.0,2022,5,21
2349,ORD02350,2022-10-08,CUST0811,Karan,33,M,South,Sports,Cricket Bat,1,2920.99,0,Cash,Pending,3.2,2022,10,8
2350,ORD02351,2022-10-28,CUST2841,Rahul,51,M,Central,Toys,Puzzle,6,4453.28,15,Cash,Returned,3.8,2022,10,28
2351,ORD02352,2022-07-10,CUST1332,Arjun,52,M,South,Food,Biscuits,1,4211.61,15,UPI,Pending,4.4,2022,7,10
2353,ORD02354,2022-07-20,CUST2601,Pooja,30,F,South,Sports,Dumbbells,4,2761.63,15,Cash,Delivered,3.3,2022,7,20
2355,ORD02356,2022-08-22,CUST0691,Nikhil,54,M,West,Clothing,Saree,2,694.83,15,Net Banking,Cancelled,2.3,2022,8,22
2356,ORD02357,2022-04-16,CUST1037,Amit,23,M,East,Food,Spices Pack,9,1544.45,20,Net Banking,Returned,4.1,2022,4,16
2358,ORD02359,2022-12-07,CUST1105,Amit,42,M,East,Sports,Dumbbells,3,2028.36,0,UPI,Returned,3.8,2022,12,7
2360,ORD02361,2022-01-30,CUST0029,Nisha,23,F,North,Toys,Board Game,6,3389.11,15,Debit Card,Cancelled,,2022,1,30
2363,ORD02364,2022-02-03,CUST1687,Rohan,62,M,East,Sports,Cricket Bat,7,3430.69,10,Credit Card,Returned,1.3,2022,2,3
2365,ORD02366,2022-10-19,CUST2360,Anita,39,F,East,Food,Cooking Oil,10,4775.54,10,Cash,Delivered,2.5,2022,10,19
2370,ORD02371,2022-11-17,CUST2220,Anita,30,F,South,Books,Comics,3,3146.29,5,Net Banking,Returned,4.1,2022,11,17
2371,ORD02372,2022-05-08,CUST0568,Nisha,44,F,East,Toys,Puzzle,8,2890.2,20,Net Banking,Pending,1.2,2022,5,8
2372,ORD02373,2022-03-08,CUST1920,Pooja,20,F,Central,Electronics,Laptop,6,2612.38,5,Debit Card,Pending,4.5,2022,3,8
2373,ORD02374,2022-05-03,CUST1644,Rahul,34,M,East,Furniture,Bed Frame,2,624.17,15,Net Banking,Delivered,,2022,5,3
2376,ORD02377,2022-02-01,CUST0680,Kavya,43,F,West,Clothing,Jacket,2,826.28,20,Debit Card,Delivered,1.7,2022,2,1
2377,ORD02378,2022-07-28,CUST2340,Divya,59,F,East,Furniture,Chair,3,2728.66,10,Net Banking,Delivered,1.9,2022,7,28
2378,ORD02379,2022-01-15,CUST1935,Meera,18,F,Central,Furniture,Bed Frame,3,4876.7,0,Credit Card,Cancelled,5.0,2022,1,15
2381,ORD02382,2022-10-21,CUST1394,Sneha,43,F,East,Sports,Yoga Mat,6,343.36,15,Net Banking,Returned,2.1,2022,10,21
2383,ORD02384,2022-03-04,CUST1627,Rahul,57,M,South,Clothing,Jacket,6,3835.34,5,Credit Card,Returned,4.9,2022,3,4
2387,ORD02388,2022-05-13,CUST2856,Vijay,43,M,South,Furniture,Bookshelf,4,1124.64,10,Debit Card,Returned,4.8,2022,5,13
2388,ORD02389,2022-12-12,CUST0145,Sneha,32,F,South,Toys,Doll,8,3387.14,5,Net Banking,Delivered,1.8,2022,12,12
2389,ORD02390,2022-09-15,CUST1826,Dev,18,M,East,Books,Cookbook,5,755.75,5,Cash,Returned,1.1,2022,9,15
2390,ORD02391,2022-08-04,CUST2600,Suresh,23,M,South,Books,Novel,9,4441.83,20,UPI,Cancelled,2.5,2022,8,4
2392,ORD02393,2022-11-11,CUST0591,Asha,24,F,East,Electronics,Headphones,5,1879.17,10,Net Banking,Returned,4.3,2022,11,11
2393,ORD02394,2022-07-31,CUST1845,Ritu,30,F,Central,Books,Textbook,7,1482.36,10,Net Banking,Pending,3.5,2022,7,31
2400,ORD02401,2022-07-23,CUST0239,Meera,50,F,West,Furniture,Sofa,7,3904.54,10,Cash,Delivered,,2022,7,23
2401,ORD02402,2022-07-28,CUST2798,Vijay,65,M,South,Books,Novel,1,3327.82,15,UPI,Cancelled,2.5,2022,7,28
2402,ORD02403,2022-10-19,CUST2312,Kavya,31,F,Central,Books,Textbook,3,4738.01,5,Credit Card,Cancelled,2.8,2022,10,19
2403,ORD02404,2022-01-11,CUST1624,Priya,64,F,North,Toys,LEGO Set,10,663.02,20,Net Banking,Returned,3.1,2022,1,11
2406,ORD02407,2022-09-10,CUST2354,Asha,37,F,East,Electronics,Laptop,5,1782.84,15,Net Banking,Returned,2.7,2022,9,10
2407,ORD02408,2022-05-14,CUST2701,Dev,39,M,West,Furniture,Bed Frame,1,3733.79,10,Net Banking,Pending,3.3,2022,5,14
2409,ORD02410,2022-11-23,CUST1619,Ravi,28,M,East,Food,Rice 5kg,10,4106.09,20,Credit Card,Returned,3.0,2022,11,23
2410,ORD02411,2022-10-15,CUST2621,Rahul,28,M,East,Sports,Dumbbells,10,4152.06,15,Cash,Pending,3.4,2022,10,15
2411,ORD02412,2022-04-25,CUST1457,Karan,42,M,North,Food,Biscuits,7,2994.58,5,Cash,Cancelled,1.4,2022,4,25
2413,ORD02414,2022-05-06,CUST1746,Divya,23,F,South,Food,Dal 2kg,5,2324.8,20,Cash,Delivered,4.5,2022,5,6
2415,ORD02416,2022-08-10,CUST1704,Ravi,63,M,West,Electronics,Tablet,9,3030.78,5,Credit Card,Delivered,4.4,2022,8,10
2416,ORD02417,2022-06-21,CUST1974,Dev,30,M,Central,Food,Spices Pack,1,3843.78,0,Credit Card,Delivered,4.1,2022,6,21
2422,ORD02423,2022-06-08,CUST0029,Arjun,42,M,West,Furniture,Sofa,9,2800.57,15,Credit Card,Delivered,2.0,2022,6,8
2427,ORD02428,2022-04-02,CUST0201,Asha,31,F,West,Electronics,Tablet,6,202.67,5,Credit Card,Delivered,,2022,4,2
2428,ORD02429,2022-09-19,CUST0175,Meera,52,F,North,Toys,LEGO Set,9,3854.96,10,Debit Card,Cancelled,4.2,2022,9,19
2429,ORD02430,2022-11-30,CUST1444,Ravi,19,M,West,Electronics,Smartwatch,4,1402.22,20,Credit Card,Pending,3.3,2022,11,30
2436,ORD02437,2022-05-16,CUST0605,Priya,38,F,South,Clothing,T-Shirt,6,4118.21,15,UPI,Returned,3.9,2022,5,16
2438,ORD02439,2022-01-09,CUST0933,Sneha,39,F,South,Electronics,Tablet,1,1730.42,5,Credit Card,Returned,4.6,2022,1,9
2440,ORD02441,2022-04-22,CUST2861,Vijay,59,M,North,Sports,Badminton Set,5,4451.07,5,UPI,Delivered,2.1,2022,4,22
2443,ORD02444,2022-12-19,CUST2526,Rohan,45,M,South,Furniture,Table,5,854.99,15,UPI,Pending,3.1,2022,12,19
2445,ORD02446,2022-12-01,CUST2157,Meera,61,F,Central,Books,Textbook,3,3215.0,5,Cash,Delivered,4.6,2022,12,1
2449,ORD02450,2022-08-14,CUST0499,Rahul,18,M,West,Furniture,Sofa,2,1321.78,10,Credit Card,Pending,,2022,8,14
2450,ORD02451,2022-12-27,CUST0839,Nisha,31,F,North,Clothing,Kurta,10,1940.66,10,Debit Card,Cancelled,2.2,2022,12,27
2451,ORD02452,2022-10-11,CUST0675,Amit,57,M,West,Books,Comics,4,1174.05,5,Debit Card,Cancelled,4.7,2022,10,11
2452,ORD02453,2022-08-20,CUST2033,Amit,41,M,Central,Electronics,Laptop,4,3969.53,10,UPI,Cancelled,3.4,2022,8,20
2455,ORD02456,2022-02-11,CUST1188,Vijay,46,M,South,Clothing,Jeans,10,1641.39,20,Credit Card,Pending,2.8,2022,2,11
2456,ORD02457,2022-09-19,CUST0074,Nikhil,32,M,West,Sports,Yoga Mat,5,2326.17,15,Net Banking,Cancelled,,2022,9,19
2457,ORD02458,2022-06-15,CUST0634,Divya,25,F,South,Electronics,Laptop,8,1919.24,5,Debit Card,Returned,3.2,2022,6,15
2458,ORD02459,2022-06-18,CUST1804,Rohan,26,M,West,Toys,Doll,9,2105.92,20,UPI,Returned,4.2,2022,6,18
2460,ORD02461,2022-07-06,CUST1084,Priya,31,F,East,Food,Biscuits,6,4943.26,0,Debit Card,Pending,3.6,2022,7,6
2461,ORD02462,2022-09-25,CUST1593,Amit,65,M,South,Sports,Badminton Set,7,1789.85,5,Net Banking,Delivered,1.1,2022,9,25
2463,ORD02464,2022-03-17,CUST0809,Asha,24,F,South,Toys,RC Car,10,4663.65,5,Net Banking,Returned,3.0,2022,3,17
2465,ORD02466,2022-03-16,CUST2275,Suresh,19,M,Central,Toys,RC Car,2,2453.36,20,Debit Card,Pending,1.9,2022,3,16
2467,ORD02468,2022-11-12,CUST1160,Amit,29,M,South,Electronics,Laptop,4,3068.46,10,Net Banking,Pending,1.0,2022,11,12
2468,ORD02469,2022-01-14,CUST2975,Ritu,51,F,West,Clothing,T-Shirt,5,4964.47,20,Credit Card,Cancelled,,2022,1,14
2471,ORD02472,2022-02-28,CUST2325,Arjun,54,M,West,Clothing,Saree,5,1157.42,5,Cash,Pending,4.2,2022,2,28
2478,ORD02479,2022-09-05,CUST2652,Nisha,18,F,Central,Books,Novel,3,1303.28,10,UPI,Cancelled,1.7,2022,9,5
2479,ORD02480,2022-08-31,CUST1146,Kavya,53,F,North,Books,Cookbook,5,1697.19,0,Net Banking,Delivered,4.3,2022,8,31
2481,ORD02482,2022-08-03,CUST1126,Asha,23,F,East,Electronics,Tablet,1,2399.86,15,Credit Card,Cancelled,,2022,8,3
2482,ORD02483,2022-05-25,CUST2184,Vijay,46,M,Central,Toys,RC Car,1,1605.42,0,Net Banking,Returned,3.1,2022,5,25
2484,ORD02485,2022-12-10,CUST2903,Arjun,54,M,East,Clothing,Kurta,10,2398.96,0,Credit Card,Delivered,4.1,2022,12,10
2485,ORD02486,2022-04-23,CUST0471,Rahul,43,M,East,Clothing,Saree,7,272.36,20,Debit Card,Pending,3.4,2022,4,23
2486,ORD02487,2022-01-23,CUST0881,Pooja,38,F,West,Sports,Yoga Mat,4,2615.93,5,UPI,Pending,2.1,2022,1,23
2488,ORD02489,2022-03-03,CUST2866,Nikhil,52,M,North,Toys,Board Game,8,1703.89,15,Cash,Returned,3.5,2022,3,3
2493,ORD02494,2022-01-11,CUST2270,Ritu,50,F,South,Clothing,Saree,3,2594.66,20,Net Banking,Pending,4.5,2022,1,11
2497,ORD02498,2022-09-08,CUST2447,Karan,59,M,Central,Toys,Puzzle,6,1360.45,0,Credit Card,Pending,,2022,9,8
2498,ORD02499,2022-01-27,CUST2573,Priya,56,F,East,Toys,Doll,8,1081.98,5,Cash,Delivered,4.5,2022,1,27
2499,ORD02500,2022-05-24,CUST2838,Priya,42,F,Central,Electronics,Tablet,3,1042.37,20,Cash,Delivered,4.0,2022,5,24
2500,ORD02501,2022-12-21,CUST1837,Asha,31,F,Central,Toys,LEGO Set,1,2854.75,0,UPI,Cancelled,2.2,2022,12,21
2501,ORD02502,2022-10-05,CUST2785,Ritu,38,F,South,Furniture,Table,10,4066.18,5,Debit Card,Delivered,2.3,2022,10,5
2504,ORD02505,2022-12-03,CUST2056,Rahul,47,M,West,Sports,Cricket Bat,10,2144.95,20,Credit Card,Pending,2.0,2022,12,3
2505,ORD02506,2022-11-30,CUST0558,Ravi,59,M,East,Sports,Dumbbells,5,2946.76,0,UPI,Cancelled,3.0,2022,11,30
2507,ORD02508,2022-11-04,CUST2571,Rahul,49,M,West,Sports,Football,3,2260.85,10,UPI,Pending,4.3,2022,11,4
2508,ORD02509,2022-06-01,CUST1018,Karan,48,M,Central,Food,Rice 5kg,3,1123.28,15,Net Banking,Delivered,3.9,2022,6,1
2509,ORD02510,2022-10-19,CUST2819,Arjun,65,M,West,Electronics,Tablet,6,4468.9,20,Net Banking,Pending,2.2,2022,10,19
2511,ORD02512,2022-01-22,CUST0635,Priya,27,F,West,Clothing,Saree,7,2261.42,20,Cash,Cancelled,1.5,2022,1,22
2513,ORD02514,2022-12-31,CUST1490,Nisha,45,F,South,Food,Biscuits,4,3962.01,10,Credit Card,Cancelled,2.3,2022,12,31
2515,ORD02516,2022-12-04,CUST0650,Priya,23,F,Central,Food,Cooking Oil,2,2394.56,10,Net Banking,Returned,3.2,2022,12,4
2517,ORD02518,2022-07-21,CUST1514,Amit,31,M,South,Electronics,Tablet,6,3960.77,20,Credit Card,Returned,1.4,2022,7,21
2520,ORD02521,2022-05-19,CUST1225,Pooja,50,F,North,Furniture,Bookshelf,4,3751.27,10,Cash,Pending,3.2,2022,5,19
2521,ORD02522,2022-11-11,CUST1897,Nikhil,59,M,Central,Furniture,Sofa,8,1426.57,15,Cash,Returned,1.1,2022,11,11
2524,ORD02525,2022-11-15,CUST1144,Amit,18,M,South,Toys,RC Car,6,4050.03,15,Net Banking,Delivered,1.8,2022,11,15
2525,ORD02526,2022-03-07,CUST2203,Meera,29,F,South,Toys,Board Game,7,1982.84,20,Debit Card,Returned,1.5,2022,3,7
2526,ORD02527,2022-02-23,CUST1991,Vijay,63,M,Central,Food,Dal 2kg,9,2478.69,5,UPI,Delivered,1.8,2022,2,23
2530,ORD02531,2022-04-20,CUST0791,Nikhil,34,M,East,Clothing,Jeans,8,230.28,15,Cash,Delivered,2.7,2022,4,20
2536,ORD02537,2022-04-08,CUST0883,Priya,38,F,Central,Books,Textbook,6,3101.29,15,Cash,Delivered,4.2,2022,4,8
2537,ORD02538,2022-05-07,CUST0045,Priya,56,F,South,Books,Self-Help,8,3671.29,10,Cash,Delivered,2.7,2022,5,7
2539,ORD02540,2022-07-03,CUST1631,Rohan,20,M,South,Clothing,Saree,5,1282.11,0,Cash,Returned,2.6,2022,7,3
2540,ORD02541,2022-05-30,CUST1386,Anita,27,F,West,Furniture,Sofa,6,2575.45,15,Net Banking,Returned,2.3,2022,5,30
2541,ORD02542,2022-04-26,CUST1460,Suresh,65,M,West,Furniture,Bookshelf,1,762.67,10,Debit Card,Cancelled,,2022,4,26
2542,ORD02543,2022-03-14,CUST2141,Nikhil,23,M,West,Sports,Cricket Bat,6,2338.68,0,Net Banking,Returned,1.3,2022,3,14
2543,ORD02544,2022-01-18,CUST2170,Suresh,36,M,Central,Food,Cooking Oil,10,4027.14,5,UPI,Delivered,2.5,2022,1,18
2544,ORD02545,2022-05-29,CUST0931,Nisha,20,F,South,Furniture,Chair,8,2929.32,5,UPI,Returned,3.8,2022,5,29
2545,ORD02546,2022-04-24,CUST0142,Meera,37,F,North,Furniture,Bed Frame,6,3159.0,10,Credit Card,Pending,1.6,2022,4,24
2546,ORD02547,2022-08-15,CUST1496,Asha,64,F,South,Sports,Cricket Bat,6,537.7,20,Cash,Cancelled,2.6,2022,8,15
2548,ORD02549,2022-02-03,CUST1895,Nikhil,18,M,East,Toys,RC Car,4,2281.64,15,Net Banking,Delivered,1.6,2022,2,3
2549,ORD02550,2022-08-06,CUST2316,Vijay,65,M,West,Food,Biscuits,3,2781.41,5,Credit Card,Cancelled,3.5,2022,8,6
2551,ORD02552,2022-03-27,CUST2246,Amit,30,M,South,Electronics,Tablet,6,4467.78,20,Credit Card,Cancelled,3.4,2022,3,27
2552,ORD02553,2022-11-04,CUST1436,Nikhil,63,M,East,Food,Dal 2kg,1,2619.7,10,UPI,Returned,,2022,11,4
2555,ORD02556,2022-08-14,CUST2660,Asha,22,F,Central,Toys,LEGO Set,2,180.63,20,UPI,Delivered,1.0,2022,8,14
2560,ORD02561,2022-09-30,CUST1705,Priya,58,F,West,Electronics,Headphones,6,573.91,15,Cash,Pending,3.9,2022,9,30
2564,ORD02565,2022-09-09,CUST0888,Suresh,20,M,East,Food,Cooking Oil,1,1103.79,0,Net Banking,Returned,2.9,2022,9,9
2569,ORD02570,2022-07-31,CUST2850,Vijay,22,M,North,Books,Comics,4,1543.96,10,UPI,Cancelled,3.0,2022,7,31
2570,ORD02571,2022-06-11,CUST1113,Priya,50,F,North,Toys,Board Game,3,4504.66,15,Cash,Cancelled,,2022,6,11
2571,ORD02572,2022-09-20,CUST1667,Pooja,52,F,West,Books,Comics,7,972.94,20,Net Banking,Delivered,3.3,2022,9,20
2573,ORD02574,2022-12-24,CUST0470,Arjun,18,M,North,Toys,Board Game,8,1339.19,5,Debit Card,Delivered,3.3,2022,12,24
2574,ORD02575,2022-09-09,CUST1315,Ritu,31,F,Central,Sports,Cricket Bat,4,4798.96,20,UPI,Delivered,4.9,2022,9,9
2576,ORD02577,2022-01-04,CUST0945,Ravi,39,M,East,Toys,RC Car,6,1454.97,5,Net Banking,Returned,4.8,2022,1,4
2579,ORD02580,2022-07-01,CUST0699,Kavya,28,F,East,Food,Cooking Oil,2,1335.8,0,Credit Card,Cancelled,,2022,7,1
2580,ORD02581,2022-12-12,CUST0352,Divya,51,F,East,Electronics,Headphones,9,255.95,20,UPI,Delivered,3.7,2022,12,12
2581,ORD02582,2022-05-24,CUST2447,Suresh,22,M,East,Books,Textbook,7,1990.73,0,Net Banking,Pending,4.9,2022,5,24
2588,ORD02589,2022-04-11,CUST0563,Vijay,31,M,North,Books,Novel,9,3290.43,0,UPI,Cancelled,3.1,2022,4,11
2589,ORD02590,2022-05-09,CUST1032,Suresh,43,M,South,Food,Cooking Oil,9,1290.99,0,Net Banking,Cancelled,3.9,2022,5,9
2590,ORD02591,2022-09-10,CUST1037,Suresh,28,M,South,Toys,Doll,1,4975.21,10,Debit Card,Cancelled,4.9,2022,9,10
2591,ORD02592,2022-05-18,CUST2670,Priya,58,F,Central,Toys,Puzzle,8,1955.08,10,Debit Card,Cancelled,3.9,2022,5,18
2593,ORD02594,2022-03-16,CUST2758,Rahul,56,M,West,Clothing,Jeans,1,4418.23,10,Cash,Pending,,2022,3,16
2594,ORD02595,2022-03-08,CUST2179,Sneha,55,F,South,Food,Spices Pack,3,2189.69,10,Debit Card,Returned,4.2,2022,3,8
2595,ORD02596,2022-08-13,CUST2259,Divya,28,F,Central,Toys,Doll,10,2776.99,5,Debit Card,Returned,1.4,2022,8,13
2597,ORD02598,2022-08-29,CUST0331,Kavya,64,F,West,Electronics,Smartwatch,10,3030.32,20,Debit Card,Returned,,2022,8,29
2598,ORD02599,2022-12-21,CUST1923,Suresh,59,M,North,Food,Cooking Oil,5,3550.19,0,Net Banking,Cancelled,,2022,12,21
2601,ORD02602,2022-12-07,CUST0774,Nisha,63,F,North,Food,Cooking Oil,3,4506.11,20,UPI,Delivered,1.8,2022,12,7
2602,ORD02603,2022-04-23,CUST0408,Meera,19,F,Central,Electronics,Smartwatch,7,1080.44,10,Net Banking,Cancelled,3.8,2022,4,23
2606,ORD02607,2022-11-21,CUST2040,Sneha,31,F,North,Toys,LEGO Set,2,4520.63,15,Credit Card,Pending,2.7,2022,11,21
2607,ORD02608,2022-09-04,CUST1770,Suresh,64,M,East,Electronics,Laptop,9,2544.15,5,Debit Card,Pending,,2022,9,4
2608,ORD02609,2022-09-07,CUST1525,Rahul,63,M,North,Clothing,Kurta,2,2571.69,0,Credit Card,Delivered,2.2,2022,9,7
2609,ORD02610,2022-01-25,CUST0552,Amit,51,M,East,Sports,Football,5,425.22,10,Net Banking,Delivered,2.8,2022,1,25
2610,ORD02611,2022-07-08,CUST2485,Asha,54,F,West,Furniture,Bed Frame,8,3225.57,5,Credit Card,Returned,2.1,2022,7,8
2611,ORD02612,2022-08-07,CUST0532,Rahul,24,M,North,Food,Cooking Oil,5,3338.24,10,Net Banking,Pending,2.2,2022,8,7
2612,ORD02613,2022-03-09,CUST1198,Rahul,25,M,South,Toys,LEGO Set,5,4225.1,0,Credit Card,Returned,,2022,3,9
2616,ORD02617,2022-08-19,CUST1480,Rohan,25,M,Central,Furniture,Table,1,1424.79,15,UPI,Pending,,2022,8,19
2617,ORD02618,2022-08-17,CUST2809,Asha,19,F,West,Furniture,Bed Frame,2,3243.74,15,Debit Card,Cancelled,3.2,2022,8,17
2619,ORD02620,2022-07-15,CUST1836,Sneha,23,F,Central,Electronics,Tablet,5,4144.83,20,UPI,Pending,3.3,2022,7,15
2620,ORD02621,2022-01-09,CUST1918,Nikhil,58,M,North,Clothing,Kurta,6,4244.83,15,UPI,Returned,1.2,2022,1,9
2623,ORD02624,2022-10-11,CUST2534,Rahul,37,M,West,Books,Novel,8,3909.15,0,Credit Card,Delivered,,2022,10,11
2625,ORD02626,2022-06-02,CUST1198,Pooja,37,F,West,Electronics,Smartwatch,7,1322.71,10,Credit Card,Pending,1.5,2022,6,2
2629,ORD02630,2022-05-05,CUST0785,Ritu,21,F,North,Clothing,Jacket,8,160.54,20,Debit Card,Cancelled,4.7,2022,5,5
2631,ORD02632,2022-10-05,CUST1451,Arjun,42,M,West,Electronics,Laptop,4,1392.57,15,UPI,Delivered,4.4,2022,10,5
2632,ORD02633,2022-07-30,CUST1057,Kavya,24,F,North,Furniture,Table,6,502.48,5,Credit Card,Delivered,4.3,2022,7,30
2635,ORD02636,2022-11-15,CUST2875,Nikhil,23,M,Central,Electronics,Tablet,10,2875.83,20,UPI,Pending,1.6,2022,11,15
2641,ORD02642,2022-08-22,CUST2304,Arjun,40,M,East,Food,Spices Pack,4,2509.35,20,Net Banking,Delivered,4.3,2022,8,22
2643,ORD02644,2022-05-25,CUST1920,Nikhil,19,M,West,Electronics,Smartwatch,10,4279.45,5,Debit Card,Returned,4.0,2022,5,25
2648,ORD02649,2022-08-02,CUST0530,Vijay,48,M,West,Books,Comics,1,848.94,20,Credit Card,Cancelled,3.7,2022,8,2
2656,ORD02657,2022-03-29,CUST0212,Amit,28,M,West,Clothing,Kurta,8,4945.08,10,UPI,Delivered,3.1,2022,3,29
2657,ORD02658,2022-06-04,CUST2574,Nikhil,48,M,North,Sports,Cricket Bat,1,3057.1,15,Cash,Delivered,3.2,2022,6,4
2659,ORD02660,2022-07-22,CUST2257,Anita,51,F,Central,Furniture,Sofa,8,3958.32,0,Credit Card,Cancelled,1.1,2022,7,22
2660,ORD02661,2022-10-14,CUST0099,Rohan,21,M,West,Food,Rice 5kg,8,1714.29,5,Debit Card,Cancelled,1.9,2022,10,14
2661,ORD02662,2022-12-13,CUST1388,Nisha,54,F,North,Sports,Yoga Mat,6,1736.34,20,UPI,Pending,1.0,2022,12,13
2663,ORD02664,2022-02-10,CUST0926,Anita,59,F,Central,Sports,Cricket Bat,5,3847.5,5,UPI,Pending,4.9,2022,2,10
2664,ORD02665,2022-09-25,CUST2478,Ravi,30,M,Central,Furniture,Table,2,2460.62,15,UPI,Delivered,4.7,2022,9,25
2667,ORD02668,2022-03-16,CUST0872,Asha,25,F,West,Sports,Badminton Set,4,2299.84,0,UPI,Pending,2.1,2022,3,16
2668,ORD02669,2022-01-03,CUST2414,Ravi,30,M,West,Clothing,Saree,9,122.22,15,UPI,Delivered,2.9,2022,1,3
2669,ORD02670,2022-05-23,CUST0904,Nisha,60,F,South,Furniture,Bed Frame,3,4929.46,20,Net Banking,Returned,4.3,2022,5,23
2670,ORD02671,2022-07-09,CUST1021,Pooja,18,F,North,Electronics,Phone,6,1977.49,15,Debit Card,Pending,1.6,2022,7,9
2672,ORD02673,2022-08-06,CUST2859,Rohan,31,M,North,Sports,Cricket Bat,6,4588.52,20,Cash,Pending,3.4,2022,8,6
2675,ORD02676,2022-11-13,CUST1588,Ravi,53,M,West,Books,Cookbook,2,3661.38,15,Credit Card,Cancelled,2.1,2022,11,13
2679,ORD02680,2022-05-06,CUST0059,Suresh,47,M,North,Sports,Dumbbells,9,4490.42,5,Cash,Returned,4.1,2022,5,6
2681,ORD02682,2022-08-25,CUST1647,Divya,61,F,East,Electronics,Tablet,6,2117.56,20,UPI,Cancelled,4.6,2022,8,25
2683,ORD02684,2022-12-04,CUST0290,Rahul,49,M,East,Sports,Badminton Set,3,2951.27,10,Credit Card,Pending,4.7,2022,12,4
2686,ORD02687,2022-07-27,CUST0360,Pooja,34,F,South,Clothing,Jacket,7,4311.16,15,Credit Card,Returned,2.0,2022,7,27
2687,ORD02688,2022-09-05,CUST0445,Dev,25,M,Central,Books,Textbook,10,4112.77,5,UPI,Delivered,4.6,2022,9,5
2689,ORD02690,2022-09-17,CUST2144,Karan,31,M,East,Electronics,Tablet,4,2089.74,15,Credit Card,Cancelled,3.8,2022,9,17
2694,ORD02695,2022-11-17,CUST0522,Arjun,18,M,South,Toys,LEGO Set,10,3807.06,20,Debit Card,Cancelled,4.0,2022,11,17
2695,ORD02696,2022-02-12,CUST2995,Amit,42,M,South,Clothing,T-Shirt,6,3202.86,20,UPI,Pending,4.6,2022,2,12
2698,ORD02699,2022-06-13,CUST1160,Ritu,51,F,East,Toys,Board Game,5,374.45,10,Cash,Pending,,2022,6,13
2699,ORD02700,2022-08-06,CUST0755,Arjun,50,M,North,Food,Spices Pack,1,3811.84,20,Debit Card,Cancelled,2.0,2022,8,6
2700,ORD02701,2022-03-30,CUST2539,Vijay,18,M,West,Food,Spices Pack,1,1546.29,5,Net Banking,Delivered,,2022,3,30
2702,ORD02703,2022-08-19,CUST0438,Divya,36,F,West,Electronics,Headphones,3,2246.87,15,Credit Card,Returned,2.2,2022,8,19
2704,ORD02705,2022-08-01,CUST0912,Vijay,58,M,South,Electronics,Tablet,1,4672.0,0,Debit Card,Delivered,4.3,2022,8,1
2707,ORD02708,2022-04-02,CUST0727,Pooja,20,F,West,Books,Novel,5,4020.1,0,UPI,Delivered,3.7,2022,4,2
2708,ORD02709,2022-08-09,CUST0862,Rahul,28,M,Central,Books,Comics,5,988.47,10,Net Banking,Delivered,2.2,2022,8,9
2709,ORD02710,2022-06-19,CUST1631,Sneha,63,F,Central,Clothing,T-Shirt,1,2343.77,5,Cash,Pending,4.8,2022,6,19
2714,ORD02715,2022-11-17,CUST0279,Meera,50,F,East,Books,Self-Help,4,1697.84,15,Credit Card,Cancelled,2.3,2022,11,17
2718,ORD02719,2022-11-11,CUST1933,Divya,20,F,Central,Electronics,Tablet,2,1459.46,15,Credit Card,Returned,1.7,2022,11,11
2723,ORD02724,2022-01-17,CUST0741,Dev,39,M,West,Furniture,Bed Frame,3,4400.04,10,Cash,Cancelled,2.3,2022,1,17
2724,ORD02725,2022-12-02,CUST1999,Nikhil,33,M,East,Furniture,Bed Frame,3,1093.04,5,Net Banking,Returned,4.3,2022,12,2
2725,ORD02726,2022-09-17,CUST1764,Priya,44,F,West,Books,Comics,8,925.34,5,Credit Card,Delivered,4.5,2022,9,17
2728,ORD02729,2022-02-18,CUST0934,Divya,62,F,South,Toys,LEGO Set,4,3352.74,10,Credit Card,Returned,4.9,2022,2,18
2730,ORD02731,2022-06-13,CUST1580,Rohan,31,M,North,Sports,Cricket Bat,2,3890.68,5,Debit Card,Pending,1.1,2022,6,13
2731,ORD02732,2022-06-05,CUST0993,Rahul,43,M,South,Electronics,Phone,4,2920.7,10,Credit Card,Pending,4.7,2022,6,5
2732,ORD02733,2022-07-07,CUST1747,Rohan,48,M,South,Sports,Football,2,881.41,0,Credit Card,Delivered,3.2,2022,7,7
2733,ORD02734,2022-04-11,CUST2604,Rohan,38,M,West,Food,Biscuits,1,4492.95,5,Debit Card,Delivered,2.8,2022,4,11
2735,ORD02736,2022-11-17,CUST1784,Kavya,57,F,North,Toys,Board Game,8,612.98,0,Credit Card,Cancelled,3.0,2022,11,17
2736,ORD02737,2022-07-10,CUST0219,Dev,20,M,Central,Furniture,Chair,3,2439.03,20,Cash,Delivered,4.4,2022,7,10
2737,ORD02738,2022-06-21,CUST0052,Ravi,19,M,East,Books,Cookbook,2,934.67,5,Debit Card,Returned,3.7,2022,6,21
2738,ORD02739,2022-07-11,CUST1479,Ravi,27,M,North,Books,Novel,9,1205.51,10,Cash,Delivered,2.5,2022,7,11
2739,ORD02740,2022-06-19,CUST0882,Amit,28,M,West,Electronics,Headphones,8,2841.8,10,Net Banking,Delivered,4.6,2022,6,19
2741,ORD02742,2022-06-23,CUST0065,Karan,28,M,South,Electronics,Tablet,4,2560.65,10,Credit Card,Pending,1.9,2022,6,23
2742,ORD02743,2022-10-17,CUST0809,Arjun,22,M,Central,Books,Comics,4,3221.55,0,Debit Card,Pending,1.0,2022,10,17
2743,ORD02744,2022-01-03,CUST0671,Rahul,53,M,East,Books,Comics,1,2264.43,10,Net Banking,Cancelled,3.0,2022,1,3
2745,ORD02746,2022-08-26,CUST0032,Meera,23,F,West,Books,Comics,1,1731.73,20,Cash,Cancelled,3.9,2022,8,26
2747,ORD02748,2022-01-29,CUST1571,Anita,52,F,North,Electronics,Phone,2,4140.76,10,Credit Card,Delivered,1.8,2022,1,29
2748,ORD02749,2022-03-09,CUST1119,Priya,48,F,North,Clothing,Jacket,1,2036.09,0,Credit Card,Cancelled,3.6,2022,3,9
2755,ORD02756,2022-08-09,CUST1936,Arjun,61,M,North,Clothing,Kurta,10,4388.22,5,Cash,Pending,2.4,2022,8,9
2756,ORD02757,2022-07-20,CUST1263,Rohan,42,M,East,Clothing,Kurta,9,2034.38,15,Debit Card,Pending,4.2,2022,7,20
2757,ORD02758,2022-11-23,CUST2774,Sneha,40,F,South,Books,Self-Help,4,2948.4,5,Cash,Delivered,2.6,2022,11,23
2758,ORD02759,2022-08-20,CUST0013,Pooja,42,F,South,Furniture,Table,3,2392.94,10,Credit Card,Delivered,4.4,2022,8,20
2759,ORD02760,2022-09-26,CUST1534,Divya,43,F,South,Clothing,Jeans,5,3908.74,0,UPI,Pending,1.5,2022,9,26
2761,ORD02762,2022-07-28,CUST0604,Meera,23,F,North,Food,Spices Pack,2,3713.97,10,Credit Card,Cancelled,2.2,2022,7,28
2763,ORD02764,2022-03-18,CUST1671,Ravi,35,M,West,Furniture,Table,9,592.82,10,Debit Card,Returned,1.4,2022,3,18
2765,ORD02766,2022-03-04,CUST1070,Ritu,41,F,North,Toys,LEGO Set,6,1237.33,0,Debit Card,Returned,4.2,2022,3,4
2770,ORD02771,2022-06-18,CUST0783,Pooja,23,F,West,Electronics,Tablet,10,94.49,0,Credit Card,Delivered,1.6,2022,6,18
2773,ORD02774,2022-10-04,CUST2629,Sneha,48,F,South,Electronics,Laptop,2,1465.29,10,Net Banking,Returned,2.6,2022,10,4
2777,ORD02778,2022-08-24,CUST1397,Rohan,45,M,North,Food,Biscuits,2,1616.47,10,Cash,Pending,4.9,2022,8,24
2784,ORD02785,2022-03-03,CUST1391,Meera,35,F,North,Books,Cookbook,10,3101.97,5,Net Banking,Delivered,3.7,2022,3,3
2785,ORD02786,2022-05-12,CUST1311,Dev,48,M,East,Food,Rice 5kg,6,2873.23,0,Cash,Pending,2.7,2022,5,12
2786,ORD02787,2022-12-08,CUST0289,Suresh,37,M,South,Books,Cookbook,8,1906.82,5,Net Banking,Returned,2.1,2022,12,8
2787,ORD02788,2022-09-09,CUST0313,Ravi,22,M,Central,Electronics,Smartwatch,6,746.65,15,Debit Card,Cancelled,4.5,2022,9,9
2788,ORD02789,2022-12-24,CUST0773,Kavya,60,F,South,Furniture,Table,9,938.81,15,Debit Card,Delivered,4.6,2022,12,24
2789,ORD02790,2022-02-19,CUST2775,Anita,32,F,North,Books,Cookbook,2,2430.77,15,Debit Card,Pending,1.8,2022,2,19
2790,ORD02791,2022-02-25,CUST2583,Meera,56,F,South,Electronics,Smartwatch,5,1286.52,15,Credit Card,Returned,3.7,2022,2,25
2791,ORD02792,2022-02-02,CUST1989,Asha,64,F,West,Sports,Cricket Bat,3,3436.56,0,Net Banking,Cancelled,4.7,2022,2,2
2793,ORD02794,2022-04-21,CUST2557,Rohan,31,M,Central,Food,Spices Pack,4,1823.23,0,UPI,Pending,1.6,2022,4,21
2794,ORD02795,2022-07-16,CUST0337,Suresh,31,M,East,Toys,LEGO Set,9,3110.43,5,Credit Card,Pending,1.8,2022,7,16
2795,ORD02796,2022-09-14,CUST0568,Nisha,45,F,North,Books,Novel,8,163.05,15,Net Banking,Cancelled,,2022,9,14
2800,ORD02801,2022-01-07,CUST0298,Meera,41,F,South,Furniture,Sofa,6,764.68,20,UPI,Returned,,2022,1,7
2801,ORD02802,2022-03-12,CUST2000,Pooja,56,F,East,Sports,Badminton Set,6,1315.45,0,Credit Card,Delivered,2.9,2022,3,12
2808,ORD02809,2022-11-18,CUST0294,Meera,32,F,South,Furniture,Chair,6,2864.94,10,Debit Card,Pending,2.7,2022,11,18
2812,ORD02813,2022-01-05,CUST1154,Ritu,43,F,Central,Books,Novel,7,1289.68,5,Credit Card,Delivered,1.5,2022,1,5
2815,ORD02816,2022-11-13,CUST1221,Divya,18,F,North,Sports,Badminton Set,3,3843.44,20,Cash,Returned,1.0,2022,11,13
2816,ORD02817,2022-06-28,CUST2846,Kavya,42,F,South,Electronics,Phone,3,1577.26,20,UPI,Returned,2.2,2022,6,28
2820,ORD02821,2022-01-11,CUST2013,Vijay,57,M,North,Furniture,Sofa,10,2601.34,10,Cash,Pending,4.9,2022,1,11
2822,ORD02823,2022-02-18,CUST2997,Nisha,33,F,North,Furniture,Bookshelf,2,2931.13,10,UPI,Cancelled,4.3,2022,2,18
2823,ORD02824,2022-12-04,CUST2551,Asha,36,F,Central,Electronics,Headphones,2,672.72,15,Debit Card,Delivered,4.4,2022,12,4
2824,ORD02825,2022-06-23,CUST0303,Sneha,38,F,North,Toys,Board Game,9,1227.9,20,UPI,Cancelled,4.6,2022,6,23
2825,ORD02826,2022-03-28,CUST1696,Pooja,40,F,South,Furniture,Sofa,10,491.81,15,Debit Card,Returned,2.4,2022,3,28
2831,ORD02832,2022-01-12,CUST1749,Suresh,43,M,West,Sports,Dumbbells,2,4720.34,5,Net Banking,Returned,3.3,2022,1,12
2834,ORD02835,2022-03-19,CUST0024,Karan,55,M,East,Food,Dal 2kg,8,1046.07,5,UPI,Cancelled,3.9,2022,3,19
2840,ORD02841,2022-12-25,CUST2219,Anita,58,F,East,Sports,Football,3,590.59,0,Cash,Pending,4.7,2022,12,25
2842,ORD02843,2022-02-07,CUST0572,Vijay,33,M,Central,Food,Biscuits,8,3126.17,20,Debit Card,Cancelled,1.9,2022,2,7
2843,ORD02844,2022-06-19,CUST1312,Pooja,22,F,South,Furniture,Bookshelf,1,4969.04,15,UPI,Delivered,3.1,2022,6,19
2844,ORD02845,2022-10-21,CUST0797,Rohan,19,M,Central,Sports,Yoga Mat,9,1128.44,15,Credit Card,Returned,3.8,2022,10,21
2846,ORD02847,2022-11-30,CUST0432,Arjun,22,M,West,Electronics,Tablet,5,2818.24,20,Debit Card,Cancelled,1.9,2022,11,30
2847,ORD02848,2022-03-15,CUST2724,Karan,53,M,Central,Furniture,Bookshelf,7,4218.97,15,Debit Card,Returned,5.0,2022,3,15
2848,ORD02849,2022-11-24,CUST1465,Suresh,50,M,Central,Electronics,Phone,9,4852.11,15,Cash,Returned,2.1,2022,11,24
2850,ORD02851,2022-10-16,CUST1060,Nisha,62,F,East,Food,Dal 2kg,2,987.25,15,Credit Card,Pending,2.7,2022,10,16
2851,ORD02852,2022-11-01,CUST2123,Kavya,52,F,South,Furniture,Sofa,3,1809.45,10,UPI,Returned,4.8,2022,11,1
2852,ORD02853,2022-04-17,CUST0460,Ritu,38,F,West,Sports,Cricket Bat,2,4091.04,10,Net Banking,Returned,1.4,2022,4,17
2853,ORD02854,2022-10-21,CUST0152,Dev,59,M,East,Toys,RC Car,2,1632.85,15,Credit Card,Cancelled,3.0,2022,10,21
2855,ORD02856,2022-07-31,CUST1001,Priya,37,F,Central,Clothing,Jacket,6,1915.27,5,UPI,Returned,3.3,2022,7,31
2858,ORD02859,2022-08-03,CUST1144,Pooja,48,F,Central,Furniture,Table,4,3181.35,0,Net Banking,Returned,2.4,2022,8,3
2859,ORD02860,2022-06-08,CUST1150,Asha,23,F,South,Electronics,Smartwatch,4,4594.13,20,Cash,Returned,3.3,2022,6,8
2860,ORD02861,2022-04-08,CUST1400,Nikhil,41,M,East,Clothing,Jacket,4,3441.76,10,Credit Card,Returned,2.4,2022,4,8
2861,ORD02862,2022-02-22,CUST0921,Asha,19,F,South,Sports,Football,2,1343.33,0,Cash,Returned,2.4,2022,2,22
2862,ORD02863,2022-11-12,CUST2240,Pooja,42,F,East,Clothing,Jacket,5,4361.84,0,Net Banking,Delivered,3.3,2022,11,12
2870,ORD02871,2022-03-23,CUST2995,Amit,44,M,North,Books,Novel,9,1595.38,15,Credit Card,Returned,,2022,3,23
2874,ORD02875,2022-06-22,CUST1418,Arjun,58,M,North,Toys,Doll,10,2603.26,0,Net Banking,Cancelled,3.6,2022,6,22
2877,ORD02878,2022-05-23,CUST1608,Karan,53,M,North,Toys,Doll,1,2569.6,10,Credit Card,Returned,2.8,2022,5,23
2878,ORD02879,2022-02-28,CUST2919,Ritu,26,F,East,Furniture,Table,6,4826.06,10,Debit Card,Delivered,1.9,2022,2,28
2880,ORD02881,2022-02-18,CUST2782,Suresh,32,M,West,Sports,Football,9,4803.4,10,Net Banking,Pending,4.7,2022,2,18
2881,ORD02882,2022-12-31,CUST0921,Kavya,19,F,Central,Sports,Dumbbells,10,1366.78,20,Net Banking,Pending,1.1,2022,12,31
2889,ORD02890,2022-02-22,CUST1751,Sneha,30,F,West,Books,Self-Help,7,2825.16,20,Net Banking,Delivered,4.0,2022,2,22
2890,ORD02891,2022-09-07,CUST0642,Nisha,57,F,Central,Clothing,Jacket,9,381.93,10,Cash,Returned,4.5,2022,9,7
2894,ORD02895,2022-12-11,CUST0955,Asha,57,F,West,Electronics,Smartwatch,5,1854.74,15,Credit Card,Delivered,4.8,2022,12,11
2896,ORD02897,2022-02-02,CUST0662,Arjun,24,M,Central,Food,Dal 2kg,10,3213.68,5,Debit Card,Cancelled,3.9,2022,2,2
2897,ORD02898,2022-11-24,CUST1681,Anita,33,F,East,Books,Self-Help,10,2961.56,15,Credit Card,Delivered,1.7,2022,11,24
2902,ORD02903,2022-01-05,CUST1114,Asha,20,F,West,Books,Novel,5,3761.19,0,UPI,Cancelled,,2022,1,5
2903,ORD02904,2022-02-11,CUST1992,Vijay,28,M,Central,Clothing,T-Shirt,1,3646.6,10,Net Banking,Returned,5.0,2022,2,11
2904,ORD02905,2022-10-01,CUST1989,Dev,54,M,Central,Sports,Badminton Set,5,811.65,5,Cash,Pending,3.4,2022,10,1
2905,ORD02906,2022-10-10,CUST2084,Rohan,47,M,Central,Furniture,Table,7,2068.93,10,Cash,Cancelled,4.8,2022,10,10
2906,ORD02907,2022-12-30,CUST1762,Rahul,62,M,West,Toys,RC Car,4,4870.9,5,Net Banking,Delivered,3.4,2022,12,30
2909,ORD02910,2022-04-16,CUST1335,Anita,18,F,West,Clothing,Saree,10,4964.77,15,UPI,Returned,1.9,2022,4,16
2913,ORD02914,2022-02-03,CUST0265,Nikhil,33,M,East,Books,Novel,6,3564.64,10,Credit Card,Cancelled,1.7,2022,2,3
2916,ORD02917,2022-09-03,CUST1364,Asha,46,F,South,Books,Novel,6,2792.4,0,Cash,Delivered,3.1,2022,9,3
2918,ORD02919,2022-01-09,CUST2552,Rahul,41,M,North,Furniture,Chair,6,3344.69,15,Debit Card,Cancelled,4.8,2022,1,9
2920,ORD02921,2022-11-18,CUST2655,Asha,29,F,East,Furniture,Bed Frame,3,4377.57,5,UPI,Delivered,1.1,2022,11,18
2921,ORD02922,2022-03-19,CUST2134,Anita,34,F,Central,Furniture,Bed Frame,8,3489.2,10,UPI,Returned,1.8,2022,3,19
2922,ORD02923,2022-12-09,CUST0271,Vijay,57,M,West,Furniture,Table,5,3837.89,10,Net Banking,Returned,1.1,2022,12,9
2923,ORD02924,2022-03-20,CUST1768,Suresh,39,M,South,Food,Dal 2kg,2,2013.72,15,Cash,Returned,4.8,2022,3,20
2924,ORD02925,2022-04-08,CUST1105,Ravi,51,M,North,Toys,Puzzle,1,3720.24,20,Cash,Cancelled,1.0,2022,4,8
2926,ORD02927,2022-09-13,CUST0059,Nikhil,51,M,North,Sports,Cricket Bat,8,3782.68,20,UPI,Delivered,,2022,9,13
2927,ORD02928,2022-08-10,CUST1393,Asha,20,F,Central,Electronics,Smartwatch,2,1375.47,5,Credit Card,Delivered,4.4,2022,8,10
2929,ORD02930,2022-05-21,CUST1191,Amit,45,M,West,Furniture,Bookshelf,10,1552.13,0,Net Banking,Pending,1.3,2022,5,21
2931,ORD02932,2022-06-02,CUST0918,Ritu,23,F,East,Electronics,Phone,7,72.27,20,Net Banking,Pending,,2022,6,2
2934,ORD02935,2022-10-05,CUST2264,Vijay,49,M,West,Toys,Doll,1,2385.23,5,UPI,Delivered,4.9,2022,10,5
2936,ORD02937,2022-05-25,CUST2173,Ravi,40,M,Central,Electronics,Smartwatch,4,1876.52,10,Debit Card,Delivered,2.9,2022,5,25
2937,ORD02938,2022-07-20,CUST2450,Rahul,44,M,South,Furniture,Bed Frame,7,1895.8,20,Net Banking,Cancelled,3.7,2022,7,20
2941,ORD02942,2022-07-10,CUST0507,Ravi,51,M,West,Books,Textbook,10,412.46,5,Net Banking,Cancelled,3.9,2022,7,10
2942,ORD02943,2022-02-22,CUST2712,Nikhil,21,M,East,Furniture,Bookshelf,5,2379.94,5,Credit Card,Returned,1.4,2022,2,22
2943,ORD02944,2022-03-28,CUST2915,Kavya,48,F,Central,Books,Self-Help,9,908.41,0,UPI,Returned,2.8,2022,3,28
2945,ORD02946,2022-06-18,CUST2135,Pooja,51,F,East,Food,Spices Pack,8,3388.54,0,Cash,Delivered,3.6,2022,6,18
2948,ORD02949,2022-09-05,CUST0616,Ritu,38,F,East,Books,Textbook,10,929.41,10,Net Banking,Delivered,3.6,2022,9,5
2951,ORD02952,2022-03-31,CUST2025,Pooja,49,F,Central,Clothing,Jeans,6,4808.1,0,Net Banking,Returned,2.8,2022,3,31
2952,ORD02953,2022-10-27,CUST2549,Kavya,49,F,West,Sports,Dumbbells,7,4422.54,10,Debit Card,Delivered,3.3,2022,10,27
2957,ORD02958,2022-09-20,CUST1342,Sneha,32,F,West,Books,Comics,2,941.2,5,Net Banking,Pending,4.8,2022,9,20
2959,ORD02960,2022-01-02,CUST2579,Rahul,61,M,South,Food,Biscuits,8,3016.36,10,Debit Card,Delivered,2.9,2022,1,2
2962,ORD02963,2022-11-30,CUST1556,Kavya,49,F,South,Furniture,Bed Frame,6,3589.89,10,UPI,Delivered,3.9,2022,11,30
2964,ORD02965,2022-07-29,CUST0969,Vijay,24,M,Central,Books,Self-Help,2,1338.53,20,Net Banking,Returned,3.7,2022,7,29
2966,ORD02967,2022-02-25,CUST1061,Nikhil,21,M,West,Clothing,Saree,3,3569.48,0,Debit Card,Cancelled,1.3,2022,2,25
2967,ORD02968,2022-07-20,CUST1952,Ravi,65,M,South,Toys,Board Game,2,497.51,10,Debit Card,Cancelled,3.8,2022,7,20
2969,ORD02970,2022-04-09,CUST0750,Anita,48,F,North,Clothing,Kurta,10,1951.69,20,Credit Card,Returned,3.8,2022,4,9
2973,ORD02974,2022-11-27,CUST1791,Suresh,30,M,North,Books,Comics,6,4420.4,20,Cash,Returned,3.7,2022,11,27
2975,ORD02976,2022-09-30,CUST1315,Pooja,20,F,West,Clothing,Saree,9,3337.73,15,Cash,Returned,3.7,2022,9,30
2977,ORD02978,2022-04-22,CUST2629,Karan,53,M,West,Sports,Cricket Bat,1,1634.3,0,Net Banking,Cancelled,,2022,4,22
2980,ORD02981,2022-12-20,CUST0896,Nikhil,49,M,East,Clothing,Kurta,2,3099.85,0,Cash,Cancelled,,2022,12,20
2982,ORD02983,2022-03-19,CUST1994,Priya,46,F,South,Sports,Yoga Mat,10,2163.98,20,Net Banking,Cancelled,4.8,2022,3,19
2983,ORD02984,2022-04-06,CUST2952,Rohan,32,M,West,Sports,Badminton Set,10,618.52,20,Net Banking,Pending,2.2,2022,4,6
2984,ORD02985,2022-11-03,CUST2786,Rohan,40,M,East,Furniture,Bed Frame,9,1782.87,15,Net Banking,Delivered,3.4,2022,11,3
2985,ORD02986,2022-09-28,CUST1599,Amit,22,M,West,Toys,Board Game,9,1303.17,10,Cash,Pending,3.9,2022,9,28
2986,ORD02987,2022-08-31,CUST0581,Karan,32,M,Central,Furniture,Sofa,8,2409.82,10,UPI,Cancelled,1.6,2022,8,31
2988,ORD02989,2022-03-03,CUST1175,Vijay,40,M,North,Toys,Board Game,1,3214.29,0,Net Banking,Returned,1.0,2022,3,3
2989,ORD02990,2022-03-10,CUST0758,Nisha,36,F,West,Sports,Badminton Set,5,210.46,20,Cash,Cancelled,2.1,2022,3,10
2992,ORD02993,2022-05-30,CUST0780,Nisha,47,F,West,Books,Self-Help,9,3275.62,20,Cash,Delivered,4.1,2022,5,30
2996,ORD02997,2022-12-26,CUST1880,Divya,46,F,East,Clothing,T-Shirt,6,3124.7,0,Cash,Cancelled,1.5,2022,12,26
2999,ORD03000,2022-12-24,CUST0778,Rohan,20,M,West,Food,Rice 5kg,8,3716.76,0,Debit Card,Cancelled,,2022,12,24
3001,ORD03002,2022-06-24,CUST0424,Arjun,48,M,South,Sports,Dumbbells,3,602.61,20,Credit Card,Cancelled,1.9,2022,6,24
3004,ORD03005,2022-11-23,CUST2741,Kavya,46,F,West,Books,Comics,5,547.39,0,Cash,Pending,4.0,2022,11,23
3008,ORD03009,2022-08-25,CUST1129,Karan,46,M,East,Books,Comics,7,4847.57,0,Credit Card,Delivered,1.1,2022,8,25
3011,ORD03012,2022-11-08,CUST0399,Dev,49,M,North,Clothing,Saree,5,2461.83,5,Debit Card,Returned,4.1,2022,11,8
3013,ORD03014,2022-01-19,CUST2967,Ravi,53,M,Central,Food,Cooking Oil,10,4540.55,20,Net Banking,Cancelled,4.9,2022,1,19
3014,ORD03015,2022-04-23,CUST2374,Karan,50,M,West,Electronics,Tablet,1,3452.75,15,Cash,Delivered,1.2,2022,4,23
3016,ORD03017,2022-09-16,CUST1578,Vijay,27,M,East,Sports,Cricket Bat,6,320.51,15,Net Banking,Returned,4.7,2022,9,16
3018,ORD03019,2022-03-03,CUST2527,Ritu,46,F,North,Food,Dal 2kg,5,1851.11,20,Net Banking,Returned,3.6,2022,3,3
3019,ORD03020,2022-02-07,CUST0338,Amit,34,M,East,Toys,RC Car,8,515.54,15,Net Banking,Delivered,1.7,2022,2,7
3020,ORD03021,2022-07-09,CUST1414,Nisha,61,F,Central,Electronics,Tablet,5,3842.0,10,Cash,Cancelled,2.1,2022,7,9
3021,ORD03022,2022-08-13,CUST2285,Nisha,20,F,East,Food,Rice 5kg,10,4000.9,0,Debit Card,Cancelled,4.3,2022,8,13
3023,ORD03024,2022-11-15,CUST1107,Divya,18,F,South,Electronics,Headphones,5,3316.48,0,Net Banking,Delivered,4.4,2022,11,15
3031,ORD03032,2022-08-03,CUST0310,Karan,43,M,North,Clothing,Saree,7,4492.94,20,Cash,Delivered,1.1,2022,8,3
3032,ORD03033,2022-08-01,CUST0776,Pooja,30,F,North,Sports,Cricket Bat,6,1254.46,0,UPI,Delivered,3.1,2022,8,1
3033,ORD03034,2022-06-11,CUST0239,Amit,25,M,Central,Furniture,Bookshelf,5,2725.73,0,Cash,Pending,1.5,2022,6,11
3035,ORD03036,2022-01-13,CUST0966,Ritu,63,F,West,Toys,LEGO Set,1,3385.06,15,UPI,Delivered,4.4,2022,1,13
3036,ORD03037,2022-05-27,CUST2262,Divya,58,F,Central,Electronics,Phone,7,4568.6,5,Cash,Returned,4.8,2022,5,27
3040,ORD03041,2022-08-20,CUST2153,Asha,61,F,West,Toys,Doll,2,1490.01,15,Credit Card,Pending,1.8,2022,8,20
3041,ORD03042,2022-01-27,CUST2724,Rohan,43,M,South,Electronics,Phone,10,99.56,5,Net Banking,Delivered,2.4,2022,1,27
3042,ORD03043,2022-12-01,CUST2144,Priya,63,F,Central,Books,Textbook,5,2487.57,20,Debit Card,Returned,2.8,2022,12,1
3043,ORD03044,2022-06-28,CUST0849,Suresh,29,M,South,Clothing,Saree,4,2688.1,10,Debit Card,Cancelled,4.1,2022,6,28
3048,ORD03049,2022-08-31,CUST2758,Karan,44,M,Central,Sports,Dumbbells,1,1449.63,5,Net Banking,Pending,4.0,2022,8,31
3050,ORD03051,2022-03-21,CUST0535,Vijay,42,M,West,Toys,Puzzle,1,3448.55,5,Cash,Returned,4.0,2022,3,21
3051,ORD03052,2022-07-14,CUST0352,Nikhil,62,M,West,Electronics,Tablet,1,4525.49,5,Credit Card,Pending,1.3,2022,7,14
3054,ORD03055,2022-06-03,CUST2160,Sneha,42,F,West,Food,Rice 5kg,4,3278.19,0,Credit Card,Delivered,4.2,2022,6,3
3055,ORD03056,2022-06-21,CUST1826,Divya,46,F,West,Food,Dal 2kg,1,884.23,20,UPI,Delivered,2.5,2022,6,21
3056,ORD03057,2022-07-16,CUST2795,Ritu,57,F,Central,Electronics,Tablet,8,472.98,10,Net Banking,Pending,3.9,2022,7,16
3058,ORD03059,2022-06-16,CUST1200,Arjun,62,M,Central,Electronics,Tablet,2,513.4,10,UPI,Pending,1.5,2022,6,16
3064,ORD03065,2022-10-25,CUST1726,Priya,35,F,South,Books,Self-Help,9,4108.53,5,UPI,Returned,,2022,10,25
3065,ORD03066,2022-11-21,CUST1788,Anita,27,F,East,Toys,LEGO Set,5,4398.75,15,Debit Card,Returned,3.6,2022,11,21
3066,ORD03067,2022-05-10,CUST1732,Suresh,50,M,East,Toys,LEGO Set,7,4478.05,10,Net Banking,Delivered,4.2,2022,5,10
3068,ORD03069,2022-04-11,CUST1108,Arjun,55,M,East,Food,Dal 2kg,5,1657.52,5,Credit Card,Cancelled,4.0,2022,4,11
3071,ORD03072,2022-04-20,CUST1140,Amit,58,M,East,Sports,Dumbbells,4,4920.43,10,Net Banking,Pending,2.3,2022,4,20
3073,ORD03074,2022-11-24,CUST0017,Karan,54,M,South,Toys,Doll,2,3345.52,15,Net Banking,Delivered,,2022,11,24
3075,ORD03076,2022-06-06,CUST1831,Nisha,64,F,South,Electronics,Smartwatch,6,2441.31,20,Net Banking,Cancelled,3.1,2022,6,6
3076,ORD03077,2022-10-22,CUST2603,Nikhil,24,M,North,Clothing,Kurta,10,3193.77,5,Debit Card,Pending,,2022,10,22
3082,ORD03083,2022-05-27,CUST2714,Asha,39,F,Central,Furniture,Chair,10,3559.1,10,Cash,Pending,4.9,2022,5,27
3084,ORD03085,2022-08-16,CUST1730,Arjun,61,M,North,Clothing,Saree,10,1773.77,5,Cash,Returned,3.5,2022,8,16
3085,ORD03086,2022-09-03,CUST0121,Suresh,48,M,East,Food,Rice 5kg,2,3315.54,0,Cash,Pending,1.2,2022,9,3
3088,ORD03089,2022-12-28,CUST2127,Rohan,31,M,West,Toys,LEGO Set,4,2426.19,20,Debit Card,Returned,2.8,2022,12,28
3095,ORD03096,2022-08-10,CUST0067,Karan,42,M,West,Furniture,Sofa,2,1639.58,5,Net Banking,Cancelled,2.8,2022,8,10
3097,ORD03098,2022-08-24,CUST1911,Arjun,18,M,South,Clothing,T-Shirt,4,1315.39,0,Net Banking,Returned,3.5,2022,8,24
3098,ORD03099,2022-01-15,CUST2120,Nikhil,26,M,North,Electronics,Smartwatch,10,728.78,0,Net Banking,Returned,4.7,2022,1,15
3099,ORD03100,2022-05-11,CUST1959,Nikhil,33,M,South,Clothing,Jacket,8,4870.18,10,UPI,Pending,3.2,2022,5,11
3100,ORD03101,2022-12-10,CUST1807,Nikhil,57,M,North,Food,Cooking Oil,10,3319.82,0,Cash,Delivered,1.9,2022,12,10
3103,ORD03104,2022-03-28,CUST2829,Meera,60,F,East,Clothing,T-Shirt,6,1338.48,10,Net Banking,Cancelled,4.7,2022,3,28
3106,ORD03107,2022-01-14,CUST1204,Divya,20,F,North,Food,Spices Pack,9,1324.05,0,UPI,Cancelled,,2022,1,14
3107,ORD03108,2022-10-30,CUST1806,Nisha,40,F,South,Food,Biscuits,8,1955.97,5,UPI,Cancelled,3.1,2022,10,30
3109,ORD03110,2022-06-24,CUST1574,Ritu,40,F,South,Food,Rice 5kg,2,4939.32,0,UPI,Delivered,1.4,2022,6,24
3110,ORD03111,2022-04-22,CUST0290,Karan,49,M,East,Sports,Badminton Set,10,161.35,5,Credit Card,Cancelled,1.1,2022,4,22
3112,ORD03113,2022-04-13,CUST1199,Pooja,35,F,West,Electronics,Phone,6,1571.08,15,Debit Card,Cancelled,2.0,2022,4,13
3113,ORD03114,2022-09-15,CUST2721,Nisha,52,F,South,Toys,Board Game,10,4517.69,5,Cash,Delivered,1.3,2022,9,15
3115,ORD03116,2022-11-10,CUST0021,Ravi,54,M,East,Toys,RC Car,9,4551.97,20,Net Banking,Pending,,2022,11,10
3118,ORD03119,2022-05-10,CUST1256,Anita,46,F,West,Sports,Cricket Bat,9,2300.16,15,Net Banking,Cancelled,3.3,2022,5,10
3122,ORD03123,2022-02-26,CUST0075,Ravi,62,M,North,Electronics,Tablet,8,4237.06,15,UPI,Pending,2.5,2022,2,26
3124,ORD03125,2022-12-11,CUST1599,Arjun,61,M,West,Food,Spices Pack,9,1381.98,10,Cash,Returned,3.6,2022,12,11
3125,ORD03126,2022-12-16,CUST2810,Meera,46,F,South,Clothing,T-Shirt,6,180.6,20,Net Banking,Cancelled,4.1,2022,12,16
3128,ORD03129,2022-02-27,CUST1631,Rohan,24,M,West,Toys,RC Car,4,3475.22,0,UPI,Returned,3.4,2022,2,27
3130,ORD03131,2022-06-27,CUST0148,Nikhil,24,M,West,Sports,Badminton Set,1,4279.92,15,Debit Card,Delivered,1.7,2022,6,27
3136,ORD03137,2022-07-13,CUST1973,Ritu,40,F,East,Food,Cooking Oil,4,2891.09,10,Cash,Pending,1.8,2022,7,13
3138,ORD03139,2022-06-12,CUST1352,Amit,40,M,South,Furniture,Bed Frame,4,4079.4,15,Cash,Cancelled,4.8,2022,6,12
3141,ORD03142,2022-03-27,CUST0074,Pooja,46,F,West,Food,Dal 2kg,9,1948.57,20,Cash,Cancelled,,2022,3,27
3142,ORD03143,2022-08-14,CUST2105,Nisha,21,F,South,Clothing,Jacket,2,3731.1,15,Credit Card,Pending,,2022,8,14
3143,ORD03144,2022-03-12,CUST1147,Ravi,33,M,South,Electronics,Laptop,8,4038.08,20,Net Banking,Delivered,4.1,2022,3,12
3149,ORD03150,2022-06-25,CUST0349,Meera,35,F,South,Toys,Board Game,7,4636.37,0,UPI,Delivered,2.3,2022,6,25
3150,ORD03151,2022-02-03,CUST0340,Pooja,38,F,South,Electronics,Laptop,9,3570.54,0,Credit Card,Delivered,2.4,2022,2,3
3154,ORD03155,2022-11-04,CUST0398,Dev,42,M,North,Clothing,Saree,8,591.38,0,UPI,Delivered,4.3,2022,11,4
3156,ORD03157,2022-09-24,CUST2023,Meera,58,F,North,Electronics,Tablet,5,3745.67,20,Debit Card,Delivered,4.0,2022,9,24
3159,ORD03160,2022-08-14,CUST0632,Priya,60,F,South,Electronics,Headphones,9,435.15,10,Debit Card,Cancelled,3.3,2022,8,14
3162,ORD03163,2022-02-16,CUST2819,Divya,23,F,Central,Electronics,Smartwatch,7,4608.84,15,Cash,Returned,3.0,2022,2,16
3163,ORD03164,2022-06-04,CUST0724,Ravi,65,M,East,Sports,Cricket Bat,5,1066.24,20,Debit Card,Cancelled,1.6,2022,6,4
3170,ORD03171,2022-01-19,CUST1897,Nisha,31,F,Central,Electronics,Smartwatch,1,1966.69,10,Net Banking,Delivered,3.2,2022,1,19
3173,ORD03174,2022-10-19,CUST0209,Ritu,58,F,East,Toys,Doll,8,1896.17,0,Debit Card,Returned,4.5,2022,10,19
3175,ORD03176,2022-05-02,CUST1343,Rahul,49,M,East,Books,Novel,6,4609.6,0,UPI,Cancelled,3.2,2022,5,2
3176,ORD03177,2022-11-11,CUST0656,Dev,50,M,South,Sports,Cricket Bat,9,1449.61,15,Debit Card,Pending,,2022,11,11
3179,ORD03180,2022-04-05,CUST0091,Dev,63,M,North,Books,Comics,2,2588.77,10,Net Banking,Pending,1.4,2022,4,5
3185,ORD03186,2022-10-28,CUST2676,Priya,24,F,Central,Toys,Board Game,10,1632.09,0,Net Banking,Cancelled,1.9,2022,10,28
3186,ORD03187,2022-06-09,CUST0910,Kavya,62,F,Central,Clothing,T-Shirt,3,1032.45,10,Debit Card,Returned,1.8,2022,6,9
3189,ORD03190,2022-07-18,CUST2154,Kavya,27,F,South,Furniture,Bed Frame,1,1816.77,15,Cash,Delivered,4.4,2022,7,18
3191,ORD03192,2022-07-12,CUST2809,Amit,29,M,Central,Electronics,Smartwatch,9,3318.13,15,Credit Card,Cancelled,3.1,2022,7,12
3193,ORD03194,2022-01-24,CUST2776,Karan,46,M,Central,Clothing,Kurta,5,1918.29,20,Cash,Returned,4.1,2022,1,24
3195,ORD03196,2022-09-22,CUST1868,Asha,53,F,Central,Books,Novel,10,2753.04,10,Credit Card,Pending,3.1,2022,9,22
3199,ORD03200,2022-08-29,CUST2927,Ravi,22,M,East,Electronics,Tablet,6,2458.73,0,Cash,Delivered,2.8,2022,8,29
3200,ORD03201,2022-10-10,CUST0805,Nisha,25,F,West,Furniture,Table,5,2428.35,20,Debit Card,Returned,2.0,2022,10,10
3203,ORD03204,2022-06-03,CUST1729,Nisha,43,F,West,Books,Textbook,6,4519.65,10,Cash,Returned,3.2,2022,6,3
3204,ORD03205,2022-02-14,CUST1288,Arjun,34,M,North,Clothing,Jeans,7,2387.29,10,Cash,Returned,1.1,2022,2,14
3206,ORD03207,2022-07-11,CUST0356,Vijay,21,M,South,Food,Spices Pack,7,3263.46,15,UPI,Cancelled,4.6,2022,7,11
3207,ORD03208,2022-07-25,CUST2892,Pooja,37,F,Central,Food,Biscuits,1,2819.82,10,Cash,Cancelled,4.7,2022,7,25
3208,ORD03209,2022-02-23,CUST1753,Arjun,44,M,East,Clothing,Jacket,1,3255.26,0,Net Banking,Delivered,1.6,2022,2,23
3209,ORD03210,2022-01-07,CUST0436,Anita,45,F,West,Food,Biscuits,1,2854.5,0,UPI,Pending,,2022,1,7
3215,ORD03216,2022-03-23,CUST1685,Kavya,18,F,South,Food,Dal 2kg,8,3375.96,10,Debit Card,Pending,,2022,3,23
3217,ORD03218,2022-06-18,CUST0406,Anita,43,F,East,Books,Comics,6,860.07,20,Cash,Delivered,1.2,2022,6,18
3219,ORD03220,2022-10-30,CUST1862,Asha,26,F,East,Furniture,Bookshelf,5,4396.87,0,Net Banking,Pending,4.6,2022,10,30
3220,ORD03221,2022-04-16,CUST1846,Sneha,58,F,North,Toys,Board Game,4,3324.41,10,Credit Card,Delivered,1.0,2022,4,16
3222,ORD03223,2022-02-21,CUST0738,Nikhil,36,M,Central,Food,Biscuits,6,4804.01,15,Debit Card,Delivered,4.5,2022,2,21
3223,ORD03224,2022-04-01,CUST2166,Karan,65,M,East,Books,Comics,8,2840.58,20,Cash,Pending,4.4,2022,4,1
3224,ORD03225,2022-10-21,CUST0229,Divya,63,F,West,Food,Rice 5kg,3,4969.81,5,Credit Card,Delivered,2.1,2022,10,21
3225,ORD03226,2022-09-02,CUST2687,Kavya,35,F,East,Electronics,Phone,10,1677.45,10,Debit Card,Delivered,2.8,2022,9,2
3229,ORD03230,2022-09-19,CUST2103,Pooja,57,F,South,Clothing,T-Shirt,8,3051.52,0,Net Banking,Cancelled,1.2,2022,9,19
3230,ORD03231,2022-07-19,CUST2127,Nisha,37,F,East,Clothing,Jeans,10,2965.14,15,UPI,Pending,4.2,2022,7,19
3232,ORD03233,2022-06-19,CUST2226,Nisha,65,F,West,Electronics,Tablet,10,3631.32,10,Credit Card,Pending,2.1,2022,6,19
3236,ORD03237,2022-07-17,CUST2868,Karan,18,M,East,Clothing,Kurta,1,4379.21,15,Cash,Cancelled,,2022,7,17
3238,ORD03239,2022-03-20,CUST2738,Asha,34,F,South,Books,Cookbook,8,1620.43,0,Debit Card,Cancelled,2.4,2022,3,20
3239,ORD03240,2022-11-14,CUST2680,Rahul,56,M,East,Furniture,Sofa,8,3032.83,0,Credit Card,Cancelled,2.2,2022,11,14
3242,ORD03243,2022-01-20,CUST1122,Rahul,35,M,East,Clothing,T-Shirt,9,2201.08,5,Net Banking,Cancelled,3.3,2022,1,20
3243,ORD03244,2022-04-05,CUST1108,Rohan,33,M,East,Furniture,Bookshelf,8,3447.17,0,Credit Card,Delivered,1.2,2022,4,5
3247,ORD03248,2022-06-18,CUST2011,Kavya,63,F,Central,Toys,LEGO Set,6,1059.01,10,Credit Card,Cancelled,1.0,2022,6,18
3248,ORD03249,2022-04-25,CUST0457,Rohan,21,M,West,Clothing,T-Shirt,10,4025.28,15,Net Banking,Delivered,1.2,2022,4,25
3249,ORD03250,2022-03-01,CUST0486,Ritu,25,F,West,Electronics,Phone,7,4244.45,15,Debit Card,Cancelled,1.2,2022,3,1
3251,ORD03252,2022-08-13,CUST2743,Ritu,49,F,Central,Furniture,Chair,3,790.39,20,Debit Card,Pending,,2022,8,13
3252,ORD03253,2022-06-06,CUST1427,Pooja,57,F,West,Toys,Board Game,9,2566.78,20,Debit Card,Cancelled,1.9,2022,6,6
3253,ORD03254,2022-01-13,CUST2335,Sneha,63,F,West,Furniture,Sofa,9,977.61,5,Credit Card,Pending,4.8,2022,1,13
3254,ORD03255,2022-04-29,CUST0886,Pooja,42,F,West,Toys,RC Car,10,4940.55,0,Cash,Delivered,1.8,2022,4,29
3255,ORD03256,2022-01-19,CUST0748,Karan,36,M,West,Furniture,Bookshelf,9,4836.96,10,UPI,Delivered,4.6,2022,1,19
3257,ORD03258,2022-03-06,CUST0306,Arjun,63,M,South,Sports,Cricket Bat,4,634.9,20,Net Banking,Delivered,3.1,2022,3,6
3258,ORD03259,2022-10-16,CUST1422,Ravi,61,M,Central,Furniture,Bed Frame,1,1554.13,10,Credit Card,Pending,1.2,2022,10,16
3263,ORD03264,2022-07-22,CUST0265,Pooja,65,F,Central,Clothing,Jacket,1,215.73,0,Net Banking,Delivered,,2022,7,22
3265,ORD03266,2022-02-08,CUST0559,Asha,43,F,South,Clothing,Jeans,6,422.65,20,Cash,Pending,,2022,2,8
3267,ORD03268,2022-04-04,CUST0481,Meera,25,F,East,Clothing,Jacket,5,2714.13,5,UPI,Cancelled,3.5,2022,4,4
3268,ORD03269,2022-08-04,CUST1485,Ritu,41,F,South,Food,Rice 5kg,6,4356.97,0,Cash,Returned,4.1,2022,8,4
3269,ORD03270,2022-05-01,CUST1310,Nisha,27,F,South,Electronics,Smartwatch,4,3068.48,5,Cash,Pending,4.6,2022,5,1
3270,ORD03271,2022-12-24,CUST2360,Ravi,45,M,East,Books,Textbook,2,3706.88,20,Net Banking,Returned,2.9,2022,12,24
3272,ORD03273,2022-06-13,CUST1423,Rohan,51,M,West,Food,Rice 5kg,8,4296.7,20,Cash,Returned,1.7,2022,6,13
3275,ORD03276,2022-11-04,CUST1170,Kavya,46,F,West,Toys,Doll,8,3748.96,5,UPI,Cancelled,4.3,2022,11,4
3279,ORD03280,2022-05-05,CUST0308,Meera,53,F,West,Toys,Doll,10,2850.6,15,Credit Card,Cancelled,1.2,2022,5,5
3282,ORD03283,2022-06-30,CUST2381,Karan,42,M,Central,Furniture,Bed Frame,6,3274.14,15,UPI,Delivered,1.1,2022,6,30
3285,ORD03286,2022-10-21,CUST0858,Asha,49,F,South,Electronics,Smartwatch,6,4908.72,20,Credit Card,Returned,4.1,2022,10,21
3288,ORD03289,2022-10-13,CUST2923,Dev,62,M,South,Toys,LEGO Set,2,4063.14,15,Credit Card,Delivered,3.4,2022,10,13
3289,ORD03290,2022-08-11,CUST2811,Nikhil,31,M,North,Food,Biscuits,8,1580.39,0,Cash,Delivered,,2022,8,11
3290,ORD03291,2022-05-24,CUST2231,Asha,53,F,North,Electronics,Headphones,1,1576.68,5,Credit Card,Pending,2.3,2022,5,24
3292,ORD03293,2022-03-13,CUST0741,Rohan,38,M,North,Food,Cooking Oil,2,4674.22,0,Cash,Cancelled,3.6,2022,3,13
3293,ORD03294,2022-02-02,CUST2674,Vijay,53,M,North,Clothing,Kurta,1,422.05,15,Debit Card,Pending,4.4,2022,2,2
3296,ORD03297,2022-05-16,CUST1280,Karan,54,M,East,Electronics,Laptop,7,3565.77,15,Net Banking,Delivered,1.3,2022,5,16
3297,ORD03298,2022-04-13,CUST0121,Kavya,55,F,West,Electronics,Tablet,2,4060.17,10,Net Banking,Returned,3.6,2022,4,13
3298,ORD03299,2022-11-13,CUST0826,Rohan,39,M,Central,Toys,Doll,5,4878.55,15,Net Banking,Cancelled,,2022,11,13
3299,ORD03300,2022-08-19,CUST1483,Kavya,48,F,East,Clothing,Kurta,1,1150.37,15,Cash,Returned,3.1,2022,8,19
3304,ORD03305,2022-06-15,CUST1939,Nisha,58,F,East,Electronics,Headphones,6,643.92,20,Credit Card,Pending,4.6,2022,6,15
3308,ORD03309,2022-01-16,CUST0204,Amit,27,M,Central,Toys,RC Car,6,2923.32,10,Credit Card,Cancelled,4.8,2022,1,16
3309,ORD03310,2022-05-19,CUST2431,Meera,34,F,South,Furniture,Table,6,2152.39,10,Net Banking,Delivered,3.8,2022,5,19
3310,ORD03311,2022-11-28,CUST2137,Rohan,25,M,East,Electronics,Smartwatch,9,4705.04,10,Net Banking,Pending,,2022,11,28
3311,ORD03312,2022-04-26,CUST0053,Priya,28,F,South,Clothing,Jeans,7,79.85,10,UPI,Returned,4.1,2022,4,26
3315,ORD03316,2022-10-19,CUST1965,Divya,42,F,East,Electronics,Phone,1,3918.13,15,Net Banking,Pending,3.9,2022,10,19
3316,ORD03317,2022-03-01,CUST1253,Sneha,33,F,Central,Food,Rice 5kg,9,1344.34,10,Debit Card,Returned,1.3,2022,3,1
3318,ORD03319,2022-01-12,CUST2755,Dev,64,M,Central,Books,Textbook,6,3433.22,5,Net Banking,Pending,4.8,2022,1,12
3319,ORD03320,2022-02-06,CUST0841,Dev,56,M,North,Toys,LEGO Set,10,3968.7,20,UPI,Returned,1.7,2022,2,6
3320,ORD03321,2022-08-19,CUST2160,Nikhil,36,M,North,Furniture,Table,1,3683.06,20,Credit Card,Cancelled,1.9,2022,8,19
3322,ORD03323,2022-12-23,CUST1788,Priya,55,F,North,Sports,Badminton Set,8,1501.53,10,UPI,Returned,2.1,2022,12,23
3323,ORD03324,2022-04-30,CUST1301,Divya,65,F,East,Furniture,Table,9,3235.41,5,Net Banking,Cancelled,4.7,2022,4,30
3325,ORD03326,2022-03-22,CUST1338,Kavya,44,F,West,Furniture,Chair,4,3398.13,20,UPI,Delivered,5.0,2022,3,22
3327,ORD03328,2022-01-08,CUST0974,Nikhil,45,M,South,Electronics,Tablet,2,2935.92,15,Net Banking,Pending,2.1,2022,1,8
3330,ORD03331,2022-12-24,CUST1251,Kavya,46,F,South,Books,Comics,5,649.16,10,Credit Card,Delivered,2.7,2022,12,24
3331,ORD03332,2022-08-25,CUST0057,Asha,52,F,Central,Sports,Badminton Set,10,921.81,15,Debit Card,Pending,3.9,2022,8,25
3333,ORD03334,2022-10-16,CUST2932,Ravi,29,M,Central,Electronics,Smartwatch,10,236.85,5,Debit Card,Returned,2.6,2022,10,16
3340,ORD03341,2022-01-04,CUST2408,Arjun,23,M,West,Clothing,Saree,5,2677.23,0,Net Banking,Delivered,1.1,2022,1,4
3342,ORD03343,2022-12-23,CUST1728,Arjun,55,M,Central,Books,Cookbook,2,1405.78,20,Cash,Returned,2.3,2022,12,23
3343,ORD03344,2022-04-12,CUST1769,Rahul,61,M,South,Furniture,Table,5,4080.39,15,Cash,Delivered,1.3,2022,4,12
3345,ORD03346,2022-07-26,CUST2247,Meera,46,F,East,Furniture,Chair,3,233.88,20,Debit Card,Pending,1.5,2022,7,26
3349,ORD03350,2022-12-17,CUST2032,Divya,51,F,East,Toys,LEGO Set,9,1398.18,5,Debit Card,Returned,2.9,2022,12,17
3351,ORD03352,2022-12-26,CUST2624,Ravi,21,M,South,Clothing,Jacket,5,1655.75,5,Credit Card,Cancelled,2.6,2022,12,26
3353,ORD03354,2022-09-19,CUST0643,Priya,45,F,Central,Clothing,Kurta,1,1554.9,15,Debit Card,Delivered,,2022,9,19
3359,ORD03360,2022-04-04,CUST0943,Meera,62,F,West,Books,Comics,7,3024.09,20,Debit Card,Cancelled,2.2,2022,4,4
3362,ORD03363,2022-07-17,CUST1253,Asha,51,F,West,Sports,Cricket Bat,5,584.5,0,UPI,Pending,1.9,2022,7,17
3364,ORD03365,2022-10-09,CUST1354,Meera,46,F,Central,Clothing,T-Shirt,3,469.59,5,Debit Card,Delivered,3.9,2022,10,9
3366,ORD03367,2022-04-22,CUST0406,Asha,33,F,West,Clothing,Saree,2,3254.39,10,Net Banking,Cancelled,1.2,2022,4,22
3367,ORD03368,2022-05-12,CUST2464,Divya,42,F,West,Furniture,Bed Frame,6,4032.49,5,Cash,Cancelled,1.5,2022,5,12
3371,ORD03372,2022-11-28,CUST2553,Kavya,36,F,Central,Sports,Cricket Bat,5,654.9,5,Credit Card,Pending,4.0,2022,11,28
3372,ORD03373,2022-05-22,CUST2976,Meera,27,F,West,Furniture,Sofa,3,2317.31,15,Debit Card,Cancelled,2.1,2022,5,22
3375,ORD03376,2022-01-01,CUST0121,Dev,24,M,South,Books,Comics,9,2499.3,15,Debit Card,Returned,2.9,2022,1,1
3378,ORD03379,2022-05-13,CUST2113,Suresh,44,M,East,Electronics,Phone,3,3733.9,15,Credit Card,Pending,4.3,2022,5,13
3379,ORD03380,2022-11-17,CUST1018,Divya,34,F,Central,Food,Spices Pack,10,2458.23,0,UPI,Pending,2.2,2022,11,17
3381,ORD03382,2022-06-16,CUST1579,Asha,38,F,North,Clothing,Kurta,1,4589.76,20,UPI,Pending,2.4,2022,6,16
3382,ORD03383,2022-03-23,CUST0771,Asha,23,F,East,Furniture,Bed Frame,7,3013.41,0,Cash,Pending,4.5,2022,3,23
3386,ORD03387,2022-09-09,CUST1510,Suresh,26,M,South,Electronics,Smartwatch,5,361.83,15,UPI,Cancelled,3.6,2022,9,9
3387,ORD03388,2022-08-14,CUST1685,Nisha,47,F,South,Food,Dal 2kg,2,681.0,0,Net Banking,Pending,3.2,2022,8,14
3390,ORD03391,2022-09-21,CUST1120,Dev,57,M,North,Food,Dal 2kg,6,4241.73,5,Debit Card,Pending,2.9,2022,9,21
3391,ORD03392,2022-12-21,CUST1104,Karan,44,M,East,Books,Cookbook,3,3365.89,0,Credit Card,Returned,2.3,2022,12,21
3392,ORD03393,2022-12-24,CUST2619,Nikhil,46,M,South,Sports,Cricket Bat,7,587.82,20,UPI,Returned,2.8,2022,12,24
3393,ORD03394,2022-08-22,CUST1026,Suresh,35,M,South,Electronics,Tablet,9,1400.71,10,Debit Card,Delivered,3.4,2022,8,22
3394,ORD03395,2022-08-04,CUST0196,Meera,48,F,Central,Books,Novel,1,2943.06,5,Net Banking,Returned,2.4,2022,8,4
3395,ORD03396,2022-09-03,CUST2591,Karan,31,M,South,Books,Textbook,10,183.51,0,Debit Card,Returned,3.5,2022,9,3
3397,ORD03398,2022-08-23,CUST1185,Divya,31,F,North,Toys,RC Car,8,2754.51,5,Credit Card,Pending,3.4,2022,8,23
3400,ORD03401,2022-06-11,CUST1545,Priya,58,F,West,Toys,Puzzle,5,1740.29,15,Credit Card,Returned,3.7,2022,6,11
3402,ORD03403,2022-02-18,CUST0853,Nisha,55,F,North,Books,Textbook,1,1297.81,20,Net Banking,Pending,4.9,2022,2,18
3403,ORD03404,2022-11-02,CUST1102,Pooja,18,F,West,Furniture,Table,10,880.35,5,Cash,Delivered,2.0,2022,11,2
3404,ORD03405,2022-03-01,CUST2001,Anita,29,F,Central,Sports,Dumbbells,1,647.92,5,Credit Card,Cancelled,4.0,2022,3,1
3405,ORD03406,2022-10-09,CUST2002,Sneha,62,F,Central,Furniture,Chair,7,2104.79,15,Cash,Pending,5.0,2022,10,9
3407,ORD03408,2022-02-17,CUST2017,Dev,36,M,North,Clothing,Jeans,2,1686.12,20,Net Banking,Cancelled,,2022,2,17
3408,ORD03409,2022-06-01,CUST0395,Kavya,43,F,West,Electronics,Smartwatch,7,169.79,10,Cash,Returned,3.7,2022,6,1
3410,ORD03411,2022-05-06,CUST1881,Pooja,28,F,Central,Sports,Dumbbells,10,864.38,10,Credit Card,Pending,1.2,2022,5,6
3413,ORD03414,2022-01-22,CUST2934,Ritu,57,F,Central,Toys,RC Car,8,4661.75,0,Cash,Cancelled,4.0,2022,1,22
3415,ORD03416,2022-02-03,CUST0631,Ravi,43,M,West,Sports,Dumbbells,3,178.9,15,UPI,Pending,,2022,2,3
3420,ORD03421,2022-08-27,CUST1368,Rohan,27,M,West,Sports,Cricket Bat,8,4996.24,15,Net Banking,Returned,1.5,2022,8,27
3422,ORD03423,2022-12-10,CUST0761,Kavya,39,F,South,Food,Biscuits,5,2167.27,20,UPI,Cancelled,2.9,2022,12,10
3424,ORD03425,2022-04-13,CUST2520,Suresh,40,M,North,Books,Textbook,4,3300.11,0,Net Banking,Delivered,3.9,2022,4,13
3425,ORD03426,2022-05-25,CUST1998,Anita,49,F,South,Sports,Dumbbells,7,3655.56,5,UPI,Cancelled,3.6,2022,5,25
3426,ORD03427,2022-08-24,CUST1193,Amit,23,M,West,Food,Biscuits,6,3449.16,5,Cash,Delivered,3.0,2022,8,24
3428,ORD03429,2022-10-08,CUST1023,Anita,38,F,West,Books,Cookbook,4,1352.14,5,Debit Card,Delivered,1.8,2022,10,8
3430,ORD03431,2022-05-14,CUST1601,Kavya,51,F,South,Electronics,Smartwatch,7,1465.95,10,UPI,Cancelled,1.8,2022,5,14
3432,ORD03433,2022-07-30,CUST0767,Asha,39,F,Central,Toys,Doll,7,742.29,15,Credit Card,Returned,4.4,2022,7,30
3434,ORD03435,2022-04-28,CUST1953,Vijay,41,M,North,Food,Dal 2kg,10,2035.52,10,Net Banking,Delivered,1.7,2022,4,28
3436,ORD03437,2022-11-16,CUST0472,Nisha,32,F,Central,Books,Cookbook,1,2449.25,15,Cash,Delivered,3.1,2022,11,16
3437,ORD03438,2022-07-21,CUST0723,Arjun,58,M,South,Furniture,Chair,8,2702.09,5,UPI,Pending,2.1,2022,7,21
3442,ORD03443,2022-01-03,CUST2204,Meera,56,F,South,Furniture,Bed Frame,5,119.35,20,Cash,Delivered,1.1,2022,1,3
3443,ORD03444,2022-11-30,CUST0634,Meera,62,F,Central,Toys,LEGO Set,10,3107.71,15,Cash,Cancelled,2.2,2022,11,30
3447,ORD03448,2022-03-06,CUST0697,Suresh,28,M,South,Electronics,Headphones,2,354.0,20,Debit Card,Cancelled,2.7,2022,3,6
3449,ORD03450,2022-11-12,CUST2713,Arjun,53,M,West,Books,Textbook,10,3332.61,20,Cash,Pending,4.7,2022,11,12
3452,ORD03453,2022-03-25,CUST1316,Kavya,53,F,West,Books,Cookbook,10,532.36,15,UPI,Returned,1.1,2022,3,25
3455,ORD03456,2022-10-14,CUST2196,Dev,65,M,West,Sports,Cricket Bat,8,3150.36,20,UPI,Pending,3.1,2022,10,14
3457,ORD03458,2022-10-20,CUST2694,Karan,60,M,East,Furniture,Chair,2,2870.73,15,Net Banking,Pending,4.9,2022,10,20
3462,ORD03463,2022-04-07,CUST0152,Sneha,63,F,West,Books,Cookbook,10,196.6,20,Cash,Pending,3.7,2022,4,7
3463,ORD03464,2022-05-18,CUST0631,Meera,28,F,South,Books,Novel,9,121.08,10,Credit Card,Pending,,2022,5,18
3465,ORD03466,2022-11-28,CUST1475,Nisha,19,F,West,Food,Cooking Oil,6,2569.17,20,Net Banking,Pending,4.5,2022,11,28
3469,ORD03470,2022-07-22,CUST1491,Amit,59,M,Central,Sports,Cricket Bat,10,1999.81,0,UPI,Pending,2.8,2022,7,22
3470,ORD03471,2022-09-10,CUST1183,Sneha,22,F,Central,Clothing,Kurta,9,4699.08,5,Debit Card,Cancelled,3.6,2022,9,10
3474,ORD03475,2022-10-27,CUST1697,Divya,58,F,East,Food,Spices Pack,9,3385.78,20,Cash,Delivered,4.2,2022,10,27
3478,ORD03479,2022-07-26,CUST2115,Vijay,21,M,South,Books,Textbook,5,1672.52,5,UPI,Pending,2.5,2022,7,26
3479,ORD03480,2022-10-04,CUST1160,Pooja,56,F,South,Electronics,Laptop,7,4969.39,15,Debit Card,Cancelled,2.3,2022,10,4
3480,ORD03481,2022-09-20,CUST0532,Vijay,51,M,North,Furniture,Chair,3,1067.39,15,Credit Card,Cancelled,4.8,2022,9,20
3481,ORD03482,2022-10-14,CUST2661,Arjun,65,M,West,Furniture,Table,5,1405.28,5,Cash,Returned,1.0,2022,10,14
3484,ORD03485,2022-09-09,CUST0630,Asha,28,F,East,Food,Cooking Oil,7,303.89,5,Credit Card,Pending,3.6,2022,9,9
3488,ORD03489,2022-12-20,CUST0855,Asha,30,F,Central,Toys,Puzzle,10,2824.7,0,Credit Card,Cancelled,3.0,2022,12,20
3489,ORD03490,2022-01-11,CUST1517,Nikhil,19,M,North,Books,Self-Help,1,2911.13,10,Net Banking,Pending,2.8,2022,1,11
3491,ORD03492,2022-09-16,CUST0980,Sneha,62,F,North,Clothing,Jeans,3,1482.89,0,Debit Card,Delivered,1.2,2022,9,16
3492,ORD03493,2022-09-10,CUST2424,Nikhil,23,M,North,Toys,Board Game,8,4198.73,0,UPI,Returned,2.0,2022,9,10
3493,ORD03494,2022-08-10,CUST0495,Vijay,35,M,North,Sports,Yoga Mat,2,711.2,5,Cash,Pending,2.6,2022,8,10
3494,ORD03495,2022-06-24,CUST0948,Meera,62,F,South,Clothing,Jeans,5,3704.31,5,Credit Card,Delivered,1.1,2022,6,24
3495,ORD03496,2022-06-25,CUST1085,Amit,60,M,South,Clothing,Jeans,8,2655.81,20,UPI,Delivered,3.7,2022,6,25
3499,ORD03500,2022-07-22,CUST1194,Karan,38,M,Central,Furniture,Bookshelf,3,2135.91,15,Debit Card,Cancelled,3.4,2022,7,22
3501,ORD03502,2022-07-21,CUST0724,Dev,64,M,South,Toys,Doll,4,2634.12,0,Cash,Pending,4.7,2022,7,21
3502,ORD03503,2022-02-13,CUST1139,Nikhil,37,M,North,Clothing,Saree,1,3868.48,10,Cash,Pending,3.7,2022,2,13
3507,ORD03508,2022-03-13,CUST1244,Suresh,50,M,East,Electronics,Laptop,8,72.17,15,Net Banking,Cancelled,3.4,2022,3,13
3508,ORD03509,2022-10-03,CUST2648,Pooja,42,F,East,Books,Comics,3,3728.62,0,Credit Card,Cancelled,4.0,2022,10,3
3510,ORD03511,2022-05-27,CUST1724,Karan,59,M,Central,Food,Dal 2kg,3,3284.05,0,Credit Card,Pending,2.6,2022,5,27
3511,ORD03512,2022-07-25,CUST1184,Karan,38,M,South,Sports,Yoga Mat,5,2445.17,5,Cash,Delivered,2.1,2022,7,25
3512,ORD03513,2022-10-30,CUST0241,Nisha,62,F,South,Food,Cooking Oil,3,4892.67,0,Net Banking,Delivered,2.2,2022,10,30
3514,ORD03515,2022-06-17,CUST1130,Kavya,55,F,West,Books,Novel,3,859.49,10,UPI,Cancelled,4.1,2022,6,17
3516,ORD03517,2022-10-24,CUST1605,Rahul,56,M,East,Books,Novel,1,590.23,10,Cash,Delivered,1.0,2022,10,24
3517,ORD03518,2022-10-14,CUST0224,Dev,60,M,North,Furniture,Sofa,10,3281.91,0,Net Banking,Returned,1.3,2022,10,14
3518,ORD03519,2022-10-18,CUST2921,Amit,44,M,East,Books,Comics,10,906.29,0,Credit Card,Pending,1.8,2022,10,18
3525,ORD03526,2022-11-04,CUST1790,Priya,64,F,North,Sports,Badminton Set,6,4077.74,5,Debit Card,Cancelled,3.2,2022,11,4
3532,ORD03533,2022-07-15,CUST1456,Dev,47,M,Central,Sports,Football,6,462.06,5,Cash,Delivered,1.4,2022,7,15
3534,ORD03535,2022-04-24,CUST0082,Divya,53,F,East,Electronics,Smartwatch,7,4757.97,15,Credit Card,Returned,4.4,2022,4,24
3537,ORD03538,2022-02-14,CUST1478,Karan,21,M,Central,Toys,LEGO Set,10,314.03,5,Debit Card,Delivered,3.5,2022,2,14
3541,ORD03542,2022-01-24,CUST0167,Amit,35,M,South,Toys,Puzzle,7,2222.49,10,Net Banking,Pending,5.0,2022,1,24
3542,ORD03543,2022-07-01,CUST2206,Amit,33,M,Central,Food,Dal 2kg,6,3240.89,5,Net Banking,Delivered,1.2,2022,7,1
3544,ORD03545,2022-05-20,CUST0700,Karan,21,M,West,Clothing,Jacket,8,1458.05,20,Debit Card,Delivered,3.1,2022,5,20
3545,ORD03546,2022-01-04,CUST0023,Suresh,50,M,South,Furniture,Bed Frame,2,4288.42,0,Cash,Pending,1.6,2022,1,4
3546,ORD03547,2022-12-22,CUST1449,Nikhil,25,M,West,Electronics,Smartwatch,10,171.71,15,Net Banking,Delivered,3.1,2022,12,22
3547,ORD03548,2022-02-19,CUST1184,Arjun,65,M,West,Furniture,Sofa,5,1366.01,20,Credit Card,Cancelled,4.1,2022,2,19
3548,ORD03549,2022-05-16,CUST1101,Vijay,59,M,North,Books,Textbook,8,3464.6,15,Cash,Cancelled,1.1,2022,5,16
3550,ORD03551,2022-10-09,CUST0260,Ritu,52,F,North,Sports,Football,4,3359.94,15,Cash,Returned,4.5,2022,10,9
3551,ORD03552,2022-11-07,CUST0920,Asha,60,F,West,Furniture,Bookshelf,2,3935.23,10,Cash,Cancelled,3.9,2022,11,7
3552,ORD03553,2022-08-17,CUST1254,Rohan,46,M,West,Toys,LEGO Set,9,1679.98,10,Cash,Delivered,2.9,2022,8,17
3560,ORD03561,2022-06-02,CUST1031,Suresh,40,M,East,Food,Spices Pack,2,937.78,20,Credit Card,Returned,3.6,2022,6,2
3568,ORD03569,2022-11-01,CUST0498,Pooja,36,F,East,Furniture,Sofa,5,50.73,5,Credit Card,Returned,2.9,2022,11,1
3570,ORD03571,2022-12-16,CUST0960,Pooja,37,F,Central,Food,Dal 2kg,3,2298.66,10,Debit Card,Returned,2.0,2022,12,16
3573,ORD03574,2022-05-31,CUST0258,Arjun,40,M,Central,Electronics,Tablet,4,2581.64,10,Cash,Pending,3.1,2022,5,31
3574,ORD03575,2022-09-03,CUST0724,Kavya,35,F,North,Electronics,Phone,10,3118.38,15,Cash,Pending,2.2,2022,9,3
3576,ORD03577,2022-04-17,CUST1869,Sneha,30,F,West,Furniture,Table,5,2224.02,15,Debit Card,Delivered,2.8,2022,4,17
3577,ORD03578,2022-08-05,CUST0352,Divya,33,F,Central,Electronics,Headphones,3,371.64,15,Net Banking,Returned,2.9,2022,8,5
3582,ORD03583,2022-10-27,CUST1809,Rohan,33,M,East,Sports,Cricket Bat,1,3936.48,5,UPI,Pending,1.9,2022,10,27
3585,ORD03586,2022-07-17,CUST1429,Nikhil,38,M,North,Toys,RC Car,6,1256.75,5,Cash,Pending,2.2,2022,7,17
3586,ORD03587,2022-12-12,CUST1848,Suresh,38,M,Central,Books,Textbook,2,213.67,5,Credit Card,Pending,3.8,2022,12,12
3590,ORD03591,2022-05-23,CUST2907,Vijay,19,M,East,Toys,Puzzle,8,3818.72,20,Cash,Pending,2.5,2022,5,23
3591,ORD03592,2022-09-30,CUST2631,Rohan,58,M,East,Sports,Football,2,493.42,5,Credit Card,Cancelled,4.8,2022,9,30
3595,ORD03596,2022-05-02,CUST0866,Meera,33,F,West,Toys,Puzzle,9,133.88,5,Credit Card,Pending,4.6,2022,5,2
3596,ORD03597,2022-05-03,CUST2353,Meera,39,F,Central,Clothing,Jeans,2,3690.07,0,Debit Card,Returned,2.4,2022,5,3
3600,ORD03601,2022-03-02,CUST2390,Kavya,44,F,North,Books,Comics,10,2489.86,5,Credit Card,Pending,,2022,3,2
3603,ORD03604,2022-04-13,CUST2623,Ravi,54,M,South,Electronics,Tablet,8,3795.76,10,UPI,Returned,,2022,4,13
3605,ORD03606,2022-09-25,CUST1067,Asha,27,F,Central,Toys,Puzzle,9,4382.84,0,Credit Card,Delivered,1.8,2022,9,25
3608,ORD03609,2022-09-20,CUST1430,Meera,62,F,North,Sports,Yoga Mat,9,434.33,5,UPI,Delivered,3.9,2022,9,20
3609,ORD03610,2022-03-18,CUST0153,Priya,35,F,Central,Books,Novel,9,549.84,15,UPI,Pending,1.1,2022,3,18
3610,ORD03611,2022-01-09,CUST2779,Vijay,38,M,South,Books,Textbook,5,2556.37,0,UPI,Pending,3.3,2022,1,9
3611,ORD03612,2022-03-22,CUST0637,Rohan,60,M,Central,Furniture,Table,6,4217.25,15,Debit Card,Cancelled,1.4,2022,3,22
3612,ORD03613,2022-05-05,CUST0442,Amit,49,M,West,Toys,LEGO Set,10,994.24,5,Credit Card,Delivered,3.4,2022,5,5
3620,ORD03621,2022-09-10,CUST0394,Ritu,48,F,South,Food,Spices Pack,3,3132.38,10,Cash,Pending,1.6,2022,9,10
3622,ORD03623,2022-02-03,CUST2010,Nikhil,51,M,North,Food,Rice 5kg,4,3609.02,5,Cash,Delivered,2.3,2022,2,3
3623,ORD03624,2022-03-04,CUST1150,Nisha,22,F,South,Toys,Puzzle,3,3622.25,5,Credit Card,Delivered,4.5,2022,3,4
3624,ORD03625,2022-07-09,CUST1018,Amit,47,M,West,Clothing,T-Shirt,5,2150.25,10,Debit Card,Delivered,,2022,7,9
3629,ORD03630,2022-10-16,CUST1513,Amit,54,M,South,Electronics,Phone,8,4082.07,0,Cash,Returned,4.8,2022,10,16
3630,ORD03631,2022-03-18,CUST2546,Dev,60,M,West,Electronics,Tablet,4,1100.37,15,UPI,Pending,2.6,2022,3,18
3632,ORD03633,2022-05-01,CUST2113,Sneha,43,F,North,Clothing,Kurta,1,4571.85,15,Cash,Cancelled,2.5,2022,5,1
3633,ORD03634,2022-12-14,CUST1170,Sneha,63,F,West,Clothing,Saree,3,3633.32,10,Debit Card,Returned,3.2,2022,12,14
3634,ORD03635,2022-12-21,CUST0095,Anita,40,F,West,Toys,RC Car,8,3252.41,15,Credit Card,Delivered,3.1,2022,12,21
3636,ORD03637,2022-10-21,CUST1879,Arjun,25,M,North,Sports,Football,7,1979.17,0,Debit Card,Delivered,4.0,2022,10,21
3637,ORD03638,2022-10-30,CUST2409,Anita,44,F,West,Sports,Football,8,3598.4,5,Debit Card,Pending,2.9,2022,10,30
3639,ORD03640,2022-12-18,CUST2609,Meera,19,F,West,Electronics,Phone,6,1422.56,10,Debit Card,Delivered,3.4,2022,12,18
3640,ORD03641,2022-12-12,CUST0081,Pooja,22,F,West,Books,Novel,5,3173.02,10,Cash,Delivered,1.1,2022,12,12
3641,ORD03642,2022-06-29,CUST2566,Anita,53,F,East,Clothing,Saree,3,4809.62,20,Net Banking,Cancelled,1.7,2022,6,29
3642,ORD03643,2022-12-01,CUST1922,Ravi,36,M,Central,Electronics,Tablet,6,1742.55,5,UPI,Cancelled,1.4,2022,12,1
3643,ORD03644,2022-08-10,CUST0554,Sneha,27,F,North,Books,Self-Help,5,4567.05,10,Cash,Returned,1.6,2022,8,10
3646,ORD03647,2022-07-19,CUST0005,Amit,45,M,East,Books,Cookbook,6,1979.13,20,Credit Card,Cancelled,1.2,2022,7,19
3650,ORD03651,2022-07-03,CUST0192,Kavya,36,F,South,Electronics,Tablet,4,1388.89,5,Credit Card,Delivered,,2022,7,3
3653,ORD03654,2022-06-26,CUST0852,Amit,51,M,South,Electronics,Laptop,4,213.78,10,UPI,Returned,3.3,2022,6,26
3655,ORD03656,2022-06-23,CUST1501,Asha,38,F,East,Food,Dal 2kg,1,1429.76,0,Cash,Cancelled,2.6,2022,6,23
3656,ORD03657,2022-05-04,CUST1561,Suresh,22,M,West,Books,Cookbook,10,2370.7,5,Debit Card,Delivered,2.2,2022,5,4
3659,ORD03660,2022-11-30,CUST0040,Arjun,36,M,Central,Toys,Doll,5,2015.1,10,UPI,Delivered,4.2,2022,11,30
3660,ORD03661,2022-08-29,CUST1656,Rohan,49,M,Central,Sports,Cricket Bat,7,1635.12,15,Credit Card,Delivered,1.7,2022,8,29
3664,ORD03665,2022-02-18,CUST0797,Ritu,48,F,Central,Sports,Football,4,4985.55,10,Cash,Cancelled,3.9,2022,2,18
3670,ORD03671,2022-12-20,CUST2733,Sneha,44,F,North,Toys,Board Game,2,3920.8,20,Debit Card,Delivered,1.4,2022,12,20
3671,ORD03672,2022-08-01,CUST1793,Rohan,27,M,East,Sports,Dumbbells,1,1350.73,20,UPI,Pending,3.9,2022,8,1
3673,ORD03674,2022-02-21,CUST2370,Amit,30,M,South,Toys,RC Car,6,1228.66,10,Debit Card,Cancelled,2.6,2022,2,21
3675,ORD03676,2022-12-16,CUST0611,Suresh,59,M,Central,Clothing,Kurta,7,2159.17,0,Net Banking,Cancelled,2.3,2022,12,16
3678,ORD03679,2022-03-19,CUST1690,Nisha,55,F,West,Food,Biscuits,10,4698.19,20,Net Banking,Delivered,3.4,2022,3,19
3682,ORD03683,2022-04-14,CUST0724,Suresh,55,M,East,Food,Dal 2kg,4,564.59,10,Debit Card,Returned,,2022,4,14
3683,ORD03684,2022-01-25,CUST1322,Priya,23,F,South,Sports,Football,4,883.04,0,UPI,Cancelled,1.8,2022,1,25
3685,ORD03686,2022-09-06,CUST0682,Anita,38,F,East,Books,Comics,5,4333.49,5,Credit Card,Cancelled,3.5,2022,9,6
3686,ORD03687,2022-05-17,CUST2974,Asha,34,F,East,Sports,Football,3,211.4,20,Debit Card,Delivered,3.6,2022,5,17
3688,ORD03689,2022-11-26,CUST0409,Karan,30,M,South,Food,Biscuits,10,1017.6,10,Debit Card,Cancelled,2.7,2022,11,26
3692,ORD03693,2022-07-20,CUST0434,Rahul,59,M,West,Food,Rice 5kg,9,2178.66,20,Net Banking,Cancelled,,2022,7,20
3693,ORD03694,2022-04-30,CUST1490,Asha,40,F,South,Furniture,Sofa,8,4824.63,0,Credit Card,Cancelled,1.6,2022,4,30
3705,ORD03706,2022-04-11,CUST1998,Anita,28,F,South,Books,Novel,10,189.39,10,UPI,Cancelled,2.1,2022,4,11
3708,ORD03709,2022-05-10,CUST2844,Rohan,57,M,North,Sports,Cricket Bat,6,4996.13,10,UPI,Cancelled,3.0,2022,5,10
3709,ORD03710,2022-10-17,CUST0950,Pooja,30,F,South,Books,Comics,6,1914.88,20,Cash,Pending,4.3,2022,10,17
3714,ORD03715,2022-06-07,CUST2219,Amit,53,M,South,Books,Novel,9,4021.99,0,Net Banking,Cancelled,1.9,2022,6,7
3715,ORD03716,2022-09-03,CUST1108,Vijay,60,M,North,Toys,RC Car,8,3060.34,10,Credit Card,Returned,2.7,2022,9,3
3719,ORD03720,2022-11-24,CUST1211,Kavya,52,F,North,Clothing,Jeans,9,962.34,15,Cash,Pending,4.8,2022,11,24
3723,ORD03724,2022-09-04,CUST0856,Karan,29,M,North,Toys,RC Car,10,4694.12,20,UPI,Delivered,1.1,2022,9,4
3724,ORD03725,2022-02-26,CUST2448,Suresh,47,M,South,Books,Self-Help,3,2565.59,0,Debit Card,Pending,4.6,2022,2,26
3725,ORD03726,2022-02-27,CUST2488,Nisha,45,F,South,Food,Rice 5kg,3,2185.03,15,Cash,Delivered,3.0,2022,2,27
3729,ORD03730,2022-12-24,CUST2081,Arjun,40,M,Central,Furniture,Table,8,3816.18,5,Net Banking,Pending,4.7,2022,12,24
3731,ORD03732,2022-12-12,CUST1533,Nikhil,55,M,North,Furniture,Bed Frame,10,2097.11,10,UPI,Returned,,2022,12,12
3734,ORD03735,2022-04-23,CUST0919,Vijay,53,M,North,Electronics,Smartwatch,3,943.55,5,Cash,Pending,4.1,2022,4,23
3735,ORD03736,2022-04-09,CUST1901,Divya,34,F,Central,Toys,Doll,8,1921.26,10,Net Banking,Delivered,2.2,2022,4,9
3739,ORD03740,2022-04-09,CUST2743,Kavya,18,F,East,Clothing,Saree,1,2844.43,20,UPI,Cancelled,1.2,2022,4,9
3741,ORD03742,2022-10-29,CUST0766,Amit,52,M,West,Electronics,Tablet,3,132.64,20,UPI,Pending,4.5,2022,10,29
3744,ORD03745,2022-09-26,CUST1556,Anita,56,F,East,Clothing,Jacket,2,900.59,20,UPI,Pending,3.2,2022,9,26
3745,ORD03746,2022-05-20,CUST0453,Arjun,41,M,West,Furniture,Chair,7,2935.98,5,Debit Card,Pending,4.4,2022,5,20
3746,ORD03747,2022-01-20,CUST2915,Nikhil,32,M,East,Electronics,Smartwatch,3,2511.79,0,Credit Card,Returned,,2022,1,20
3749,ORD03750,2022-05-03,CUST1939,Priya,57,F,East,Electronics,Smartwatch,9,488.41,0,Cash,Returned,1.9,2022,5,3
3750,ORD03751,2022-01-13,CUST0403,Amit,27,M,West,Food,Cooking Oil,3,1413.65,15,Debit Card,Cancelled,4.5,2022,1,13
3752,ORD03753,2022-11-09,CUST2934,Rahul,33,M,East,Toys,Board Game,3,946.19,0,Credit Card,Cancelled,2.2,2022,11,9
3753,ORD03754,2022-10-25,CUST1396,Nikhil,57,M,Central,Food,Biscuits,6,2405.26,0,Credit Card,Delivered,3.7,2022,10,25
3755,ORD03756,2022-03-02,CUST1938,Pooja,54,F,South,Books,Comics,4,1324.35,5,UPI,Delivered,4.0,2022,3,2
3759,ORD03760,2022-04-18,CUST2482,Amit,42,M,Central,Toys,Doll,6,266.95,0,Debit Card,Pending,2.0,2022,4,18
3760,ORD03761,2022-10-20,CUST2431,Rohan,34,M,East,Clothing,Kurta,2,4217.16,20,UPI,Pending,3.3,2022,10,20
3761,ORD03762,2022-10-23,CUST1256,Sneha,26,F,North,Food,Spices Pack,8,4221.08,0,Net Banking,Pending,4.1,2022,10,23
3763,ORD03764,2022-11-21,CUST2093,Meera,52,F,West,Sports,Cricket Bat,5,3709.25,5,UPI,Cancelled,4.5,2022,11,21
3764,ORD03765,2022-09-01,CUST2286,Priya,36,F,South,Sports,Dumbbells,4,4480.59,10,Credit Card,Returned,2.9,2022,9,1
3765,ORD03766,2022-12-15,CUST0880,Suresh,49,M,West,Toys,Puzzle,10,3106.4,15,Net Banking,Returned,1.9,2022,12,15
3766,ORD03767,2022-06-18,CUST0007,Anita,63,F,South,Food,Spices Pack,3,857.99,0,Debit Card,Returned,4.9,2022,6,18
3769,ORD03770,2022-12-16,CUST2623,Suresh,47,M,East,Food,Cooking Oil,2,4961.55,20,UPI,Returned,1.8,2022,12,16
3770,ORD03771,2022-04-13,CUST1420,Kavya,50,F,Central,Clothing,T-Shirt,9,3037.91,10,Debit Card,Delivered,3.2,2022,4,13
3771,ORD03772,2022-05-03,CUST2295,Amit,33,M,East,Toys,Board Game,10,1387.83,20,Cash,Delivered,4.6,2022,5,3
3772,ORD03773,2022-12-14,CUST0769,Meera,36,F,Central,Clothing,Jeans,10,3738.78,10,Net Banking,Delivered,2.2,2022,12,14
3774,ORD03775,2022-10-28,CUST2113,Arjun,59,M,West,Clothing,T-Shirt,7,1003.94,5,Cash,Pending,1.0,2022,10,28
3775,ORD03776,2022-05-02,CUST0685,Pooja,41,F,West,Sports,Football,10,3696.86,15,Debit Card,Cancelled,1.3,2022,5,2
3777,ORD03778,2022-12-31,CUST0863,Arjun,23,M,North,Furniture,Bed Frame,10,3161.12,0,Debit Card,Cancelled,4.6,2022,12,31
3778,ORD03779,2022-02-27,CUST0198,Asha,21,F,East,Sports,Badminton Set,2,2159.83,10,UPI,Pending,4.5,2022,2,27
3779,ORD03780,2022-08-16,CUST0564,Vijay,39,M,West,Furniture,Bookshelf,7,342.52,5,UPI,Delivered,,2022,8,16
3780,ORD03781,2022-12-24,CUST2399,Rahul,48,M,South,Electronics,Phone,7,4308.34,20,Debit Card,Pending,2.2,2022,12,24
3782,ORD03783,2022-07-18,CUST0550,Rohan,39,M,North,Toys,LEGO Set,9,836.74,15,Credit Card,Returned,2.9,2022,7,18
3783,ORD03784,2022-08-27,CUST1572,Suresh,47,M,East,Toys,LEGO Set,1,813.44,5,Debit Card,Returned,2.5,2022,8,27
3787,ORD03788,2022-12-10,CUST1206,Meera,64,F,South,Books,Self-Help,10,108.74,10,Credit Card,Pending,4.0,2022,12,10
3788,ORD03789,2022-02-23,CUST0341,Meera,57,F,West,Clothing,Jacket,5,3041.23,20,Credit Card,Returned,1.9,2022,2,23
3789,ORD03790,2022-02-17,CUST1406,Asha,33,F,Central,Sports,Yoga Mat,4,392.02,15,Debit Card,Pending,2.5,2022,2,17
3790,ORD03791,2022-01-05,CUST0094,Amit,61,M,East,Electronics,Tablet,5,4068.28,10,Cash,Cancelled,,2022,1,5
3791,ORD03792,2022-09-04,CUST1513,Dev,40,M,Central,Furniture,Bed Frame,1,2679.56,20,Cash,Cancelled,3.9,2022,9,4
3793,ORD03794,2022-08-07,CUST1956,Sneha,38,F,West,Books,Cookbook,1,3669.53,10,Debit Card,Pending,1.7,2022,8,7
3795,ORD03796,2022-09-25,CUST2468,Dev,32,M,South,Toys,Puzzle,8,2636.07,20,UPI,Cancelled,1.4,2022,9,25
3796,ORD03797,2022-12-11,CUST0433,Anita,19,F,North,Books,Cookbook,10,2987.39,15,Cash,Pending,2.8,2022,12,11
3798,ORD03799,2022-10-08,CUST1976,Anita,28,F,Central,Clothing,T-Shirt,2,1478.13,15,UPI,Delivered,1.4,2022,10,8
3800,ORD03801,2022-09-12,CUST2536,Amit,47,M,North,Electronics,Headphones,2,4170.75,0,Debit Card,Pending,2.9,2022,9,12
3804,ORD03805,2022-04-13,CUST0614,Arjun,26,M,South,Electronics,Laptop,8,358.68,0,Credit Card,Returned,,2022,4,13
3805,ORD03806,2022-02-06,CUST0314,Asha,52,F,North,Toys,Doll,10,257.1,0,Net Banking,Returned,4.9,2022,2,6
3807,ORD03808,2022-06-03,CUST2325,Amit,42,M,East,Toys,Puzzle,4,4187.93,20,Cash,Pending,2.5,2022,6,3
3808,ORD03809,2022-01-21,CUST1339,Anita,34,F,East,Furniture,Bookshelf,3,587.31,15,Debit Card,Cancelled,1.6,2022,1,21
3809,ORD03810,2022-03-27,CUST0582,Nisha,38,F,East,Electronics,Phone,5,4621.57,5,Debit Card,Delivered,3.7,2022,3,27
3810,ORD03811,2022-10-29,CUST0567,Pooja,44,F,South,Food,Biscuits,6,59.77,5,Cash,Pending,2.0,2022,10,29
3812,ORD03813,2022-01-15,CUST1702,Anita,46,F,West,Books,Textbook,10,4019.81,5,Net Banking,Pending,4.1,2022,1,15
3813,ORD03814,2022-01-12,CUST0254,Asha,20,F,East,Clothing,Jeans,9,3740.52,20,Debit Card,Cancelled,1.8,2022,1,12
3816,ORD03817,2022-04-24,CUST1908,Nisha,50,F,Central,Furniture,Bookshelf,2,1263.33,15,Cash,Returned,2.0,2022,4,24
3817,ORD03818,2022-11-25,CUST2587,Kavya,36,F,South,Clothing,Jeans,8,3849.18,15,Net Banking,Pending,3.9,2022,11,25
3818,ORD03819,2022-07-13,CUST0115,Divya,27,F,North,Books,Comics,6,3158.66,0,UPI,Returned,1.1,2022,7,13
3820,ORD03821,2022-05-16,CUST1702,Suresh,41,M,West,Food,Dal 2kg,7,2597.74,5,UPI,Pending,3.1,2022,5,16
3821,ORD03822,2022-07-26,CUST2617,Rahul,43,M,North,Toys,Doll,10,2758.54,0,Debit Card,Delivered,3.5,2022,7,26
3822,ORD03823,2022-04-28,CUST2165,Pooja,24,F,West,Furniture,Chair,2,4575.41,0,Cash,Returned,2.4,2022,4,28
3823,ORD03824,2022-04-26,CUST2960,Karan,43,M,East,Clothing,Kurta,5,844.27,0,Credit Card,Delivered,2.9,2022,4,26
3825,ORD03826,2022-02-06,CUST0567,Rahul,18,M,West,Books,Cookbook,5,1509.76,0,UPI,Cancelled,3.0,2022,2,6
3826,ORD03827,2022-06-27,CUST0676,Sneha,43,F,West,Furniture,Bookshelf,4,2790.36,20,Net Banking,Returned,1.8,2022,6,27
3827,ORD03828,2022-12-14,CUST1949,Amit,23,M,East,Food,Cooking Oil,2,3745.69,15,Credit Card,Pending,3.4,2022,12,14
3830,ORD03831,2022-05-17,CUST1984,Meera,28,F,East,Clothing,Kurta,10,1499.45,10,UPI,Cancelled,4.8,2022,5,17
3831,ORD03832,2022-01-28,CUST0621,Vijay,25,M,North,Toys,RC Car,6,1756.88,10,Credit Card,Delivered,4.8,2022,1,28
3834,ORD03835,2022-12-09,CUST2620,Vijay,41,M,West,Books,Comics,6,4714.52,20,Cash,Cancelled,1.7,2022,12,9
3838,ORD03839,2022-10-13,CUST0714,Asha,39,F,West,Books,Cookbook,2,4569.3,10,Cash,Cancelled,4.1,2022,10,13
3839,ORD03840,2022-05-08,CUST0001,Rohan,59,M,Central,Furniture,Sofa,4,3382.91,5,Debit Card,Returned,4.1,2022,5,8
3842,ORD03843,2022-07-30,CUST0344,Meera,23,F,East,Electronics,Headphones,5,4116.97,5,Net Banking,Pending,,2022,7,30
3844,ORD03845,2022-05-29,CUST1451,Suresh,43,M,North,Books,Comics,2,2771.83,5,Cash,Delivered,1.4,2022,5,29
3847,ORD03848,2022-08-16,CUST0993,Amit,63,M,West,Furniture,Table,4,3800.95,10,Cash,Delivered,4.8,2022,8,16
3849,ORD03850,2022-01-20,CUST0607,Divya,45,F,North,Furniture,Chair,7,2899.12,10,Credit Card,Cancelled,2.4,2022,1,20
3851,ORD03852,2022-08-04,CUST1589,Ravi,21,M,North,Clothing,Kurta,7,2625.91,20,Credit Card,Delivered,4.2,2022,8,4
3860,ORD03861,2022-11-15,CUST2600,Suresh,50,M,West,Clothing,Jacket,7,111.26,15,UPI,Cancelled,2.7,2022,11,15
3861,ORD03862,2022-05-26,CUST2001,Meera,31,F,Central,Furniture,Sofa,5,3558.86,20,Debit Card,Returned,4.4,2022,5,26
3863,ORD03864,2022-11-27,CUST1757,Suresh,62,M,South,Food,Dal 2kg,6,316.74,15,Debit Card,Cancelled,3.5,2022,11,27
3864,ORD03865,2022-06-19,CUST2125,Meera,62,F,South,Furniture,Bookshelf,2,1180.94,0,UPI,Delivered,2.0,2022,6,19
3867,ORD03868,2022-01-13,CUST1128,Anita,20,F,Central,Books,Novel,9,970.75,0,Cash,Pending,4.7,2022,1,13
3868,ORD03869,2022-02-24,CUST1791,Arjun,43,M,West,Books,Novel,8,1030.58,5,UPI,Cancelled,3.7,2022,2,24
3873,ORD03874,2022-03-03,CUST1298,Rahul,26,M,East,Electronics,Phone,3,4713.23,10,Credit Card,Delivered,5.0,2022,3,3
3874,ORD03875,2022-08-17,CUST2306,Sneha,36,F,Central,Electronics,Headphones,7,1900.9,0,UPI,Cancelled,1.7,2022,8,17
3875,ORD03876,2022-02-01,CUST2592,Priya,61,F,Central,Clothing,Kurta,7,4321.26,0,Cash,Cancelled,4.1,2022,2,1
3878,ORD03879,2022-09-08,CUST0207,Ravi,20,M,Central,Sports,Dumbbells,10,3580.45,10,UPI,Delivered,1.3,2022,9,8
3879,ORD03880,2022-02-02,CUST0751,Priya,33,F,West,Toys,LEGO Set,3,1434.35,15,Cash,Returned,3.9,2022,2,2
3880,ORD03881,2022-05-07,CUST1976,Suresh,43,M,South,Food,Cooking Oil,5,359.9,15,Credit Card,Cancelled,3.3,2022,5,7
3881,ORD03882,2022-07-01,CUST0425,Ritu,49,F,South,Toys,RC Car,3,4811.01,20,Net Banking,Pending,,2022,7,1
3882,ORD03883,2022-01-21,CUST2325,Amit,44,M,South,Books,Comics,2,4519.45,10,Credit Card,Returned,3.0,2022,1,21
3885,ORD03886,2022-05-06,CUST2338,Arjun,30,M,Central,Sports,Badminton Set,8,2339.32,15,Credit Card,Cancelled,3.3,2022,5,6
3887,ORD03888,2022-08-13,CUST2610,Arjun,20,M,West,Sports,Badminton Set,4,50.39,0,UPI,Cancelled,3.0,2022,8,13
3890,ORD03891,2022-11-29,CUST1068,Pooja,65,F,West,Sports,Badminton Set,5,1672.01,15,UPI,Returned,3.3,2022,11,29
3893,ORD03894,2022-01-03,CUST2787,Divya,50,F,North,Clothing,Jeans,5,2482.0,15,Net Banking,Delivered,3.2,2022,1,3
3898,ORD03899,2022-09-19,CUST0125,Rohan,60,M,South,Sports,Dumbbells,1,1915.66,20,Cash,Pending,3.4,2022,9,19
3902,ORD03903,2022-06-11,CUST0481,Kavya,21,F,South,Books,Self-Help,5,262.37,15,Cash,Returned,1.6,2022,6,11
3903,ORD03904,2022-04-22,CUST2481,Asha,25,F,Central,Books,Self-Help,8,979.64,10,Debit Card,Cancelled,2.1,2022,4,22
3904,ORD03905,2022-09-01,CUST0748,Anita,34,F,West,Clothing,Jeans,10,1540.67,15,Net Banking,Returned,4.9,2022,9,1
3905,ORD03906,2022-11-27,CUST1905,Pooja,26,F,Central,Toys,Doll,7,3319.58,20,UPI,Returned,,2022,11,27
3908,ORD03909,2022-04-13,CUST2956,Nisha,54,F,Central,Clothing,Saree,5,3112.18,15,Net Banking,Cancelled,2.9,2022,4,13
3913,ORD03914,2022-12-13,CUST0393,Vijay,37,M,Central,Toys,RC Car,5,1628.15,15,Debit Card,Pending,1.7,2022,12,13
3915,ORD03916,2022-01-14,CUST1784,Divya,56,F,East,Sports,Badminton Set,10,4565.21,15,Credit Card,Delivered,3.6,2022,1,14
3920,ORD03921,2022-10-06,CUST0991,Meera,52,F,West,Sports,Dumbbells,2,2762.25,10,UPI,Pending,3.4,2022,10,6
3923,ORD03924,2022-12-09,CUST1617,Priya,58,F,East,Toys,LEGO Set,3,4208.26,5,Net Banking,Cancelled,,2022,12,9
3925,ORD03926,2022-11-12,CUST0623,Ritu,54,F,Central,Books,Textbook,10,526.29,20,Credit Card,Returned,1.9,2022,11,12
3928,ORD03929,2022-01-08,CUST0997,Kavya,24,F,East,Books,Cookbook,2,3924.8,5,UPI,Returned,4.9,2022,1,8
3929,ORD03930,2022-07-20,CUST1815,Arjun,34,M,South,Sports,Cricket Bat,4,1578.01,5,UPI,Cancelled,1.7,2022,7,20
3931,ORD03932,2022-04-05,CUST2805,Dev,52,M,East,Electronics,Tablet,8,4169.26,0,Net Banking,Delivered,2.1,2022,4,5
3932,ORD03933,2022-10-16,CUST0469,Arjun,40,M,North,Furniture,Bed Frame,5,3115.15,0,UPI,Pending,4.9,2022,10,16
3939,ORD03940,2022-08-21,CUST0452,Pooja,48,F,West,Toys,Board Game,4,2255.79,5,Credit Card,Cancelled,4.6,2022,8,21
3940,ORD03941,2022-10-07,CUST2600,Vijay,63,M,East,Food,Biscuits,9,1738.57,20,Net Banking,Pending,1.5,2022,10,7
3941,ORD03942,2022-07-19,CUST2575,Dev,44,M,North,Furniture,Sofa,8,1405.65,15,Net Banking,Pending,1.6,2022,7,19
3943,ORD03944,2022-03-21,CUST0517,Dev,36,M,North,Electronics,Smartwatch,6,1340.47,10,UPI,Returned,4.8,2022,3,21
3944,ORD03945,2022-03-31,CUST2663,Kavya,60,F,West,Food,Biscuits,5,80.02,15,UPI,Delivered,1.2,2022,3,31
3945,ORD03946,2022-07-03,CUST1473,Meera,42,F,Central,Food,Cooking Oil,4,2486.66,10,Credit Card,Pending,,2022,7,3
3946,ORD03947,2022-08-22,CUST2121,Anita,35,F,North,Furniture,Sofa,2,1785.98,15,Debit Card,Delivered,2.7,2022,8,22
3947,ORD03948,2022-01-06,CUST1974,Ravi,59,M,North,Electronics,Headphones,9,390.55,20,UPI,Pending,3.3,2022,1,6
3948,ORD03949,2022-12-01,CUST1993,Ravi,31,M,West,Sports,Badminton Set,2,1434.88,10,Debit Card,Delivered,1.8,2022,12,1
3949,ORD03950,2022-02-20,CUST2132,Sneha,51,F,North,Sports,Yoga Mat,7,3646.05,20,Net Banking,Pending,2.0,2022,2,20
3951,ORD03952,2022-09-25,CUST2762,Priya,57,F,Central,Clothing,T-Shirt,1,1919.42,0,Credit Card,Delivered,3.9,2022,9,25
3952,ORD03953,2022-09-02,CUST1872,Kavya,29,F,South,Clothing,T-Shirt,1,927.88,15,Cash,Cancelled,1.6,2022,9,2
3953,ORD03954,2022-05-30,CUST0184,Nikhil,39,M,Central,Sports,Badminton Set,1,1345.51,5,Credit Card,Pending,2.5,2022,5,30
3955,ORD03956,2022-04-09,CUST2518,Kavya,55,F,West,Sports,Yoga Mat,4,3855.89,10,UPI,Returned,3.6,2022,4,9
3960,ORD03961,2022-10-13,CUST2444,Asha,35,F,Central,Sports,Football,3,1663.89,15,Net Banking,Cancelled,2.3,2022,10,13
3962,ORD03963,2022-01-04,CUST0523,Divya,58,F,North,Furniture,Sofa,8,338.23,0,Cash,Returned,,2022,1,4
3963,ORD03964,2022-10-22,CUST1376,Nisha,36,F,East,Toys,Doll,5,933.84,10,Net Banking,Pending,1.9,2022,10,22
3966,ORD03967,2022-04-18,CUST0191,Pooja,60,F,North,Electronics,Tablet,8,3908.61,15,Credit Card,Returned,,2022,4,18
3968,ORD03969,2022-06-18,CUST0546,Vijay,44,M,South,Sports,Badminton Set,5,538.67,5,Credit Card,Pending,1.9,2022,6,18
3969,ORD03970,2022-10-01,CUST1609,Nisha,49,F,Central,Clothing,Saree,2,1713.57,0,Net Banking,Cancelled,4.3,2022,10,1
3970,ORD03971,2022-08-02,CUST0763,Amit,30,M,South,Books,Novel,6,3819.7,0,Net Banking,Returned,3.1,2022,8,2
3971,ORD03972,2022-08-01,CUST2305,Nisha,63,F,South,Toys,RC Car,7,3073.61,0,Credit Card,Delivered,2.5,2022,8,1
3973,ORD03974,2022-12-04,CUST2769,Sneha,55,F,South,Books,Self-Help,1,4403.42,5,Credit Card,Cancelled,1.1,2022,12,4
3975,ORD03976,2022-10-07,CUST2702,Rohan,23,M,Central,Books,Novel,10,1487.44,15,Credit Card,Delivered,1.7,2022,10,7
3979,ORD03980,2022-01-19,CUST0272,Rohan,60,M,North,Furniture,Sofa,5,3757.81,0,Cash,Delivered,2.8,2022,1,19
3981,ORD03982,2022-10-11,CUST0416,Kavya,28,F,East,Food,Cooking Oil,4,544.14,20,Debit Card,Cancelled,1.7,2022,10,11
3983,ORD03984,2022-03-03,CUST0325,Anita,63,F,South,Toys,RC Car,2,1494.46,10,UPI,Cancelled,1.1,2022,3,3
3984,ORD03985,2022-03-15,CUST1688,Sneha,37,F,West,Sports,Yoga Mat,4,3928.81,10,Cash,Pending,1.7,2022,3,15
3989,ORD03990,2022-12-16,CUST1802,Anita,21,F,South,Toys,RC Car,10,433.17,15,UPI,Returned,1.9,2022,12,16
3990,ORD03991,2022-11-12,CUST1961,Arjun,40,M,Central,Sports,Yoga Mat,1,2680.35,0,Net Banking,Returned,1.9,2022,11,12
3991,ORD03992,2022-11-28,CUST0031,Kavya,30,F,South,Furniture,Chair,8,734.87,0,UPI,Cancelled,1.9,2022,11,28
3992,ORD03993,2022-03-13,CUST2437,Meera,44,F,Central,Furniture,Sofa,2,994.68,5,Cash,Pending,2.4,2022,3,13
3993,ORD03994,2022-11-06,CUST2519,Sneha,19,F,South,Clothing,Saree,7,1027.61,10,UPI,Delivered,1.1,2022,11,6
3995,ORD03996,2022-08-06,CUST0887,Nisha,37,F,Central,Clothing,Jeans,9,3786.59,5,UPI,Returned,2.3,2022,8,6
3996,ORD03997,2022-12-30,CUST2252,Ritu,33,F,South,Sports,Football,5,3000.64,15,UPI,Returned,2.8,2022,12,30
3997,ORD03998,2022-10-23,CUST0804,Rohan,62,M,North,Furniture,Chair,7,1506.29,15,UPI,Pending,,2022,10,23
4000,ORD04001,2022-09-25,CUST0831,Sneha,42,F,West,Furniture,Table,2,978.11,15,Net Banking,Cancelled,4.8,2022,9,25
4002,ORD04003,2022-05-19,CUST0005,Vijay,28,M,West,Furniture,Bed Frame,9,3696.41,20,Net Banking,Delivered,4.3,2022,5,19
4003,ORD04004,2022-12-27,CUST1453,Anita,45,F,North,Food,Biscuits,5,3134.3,20,Net Banking,Delivered,3.9,2022,12,27
4007,ORD04008,2022-05-21,CUST2663,Ravi,26,M,South,Books,Self-Help,2,437.84,0,Debit Card,Pending,1.1,2022,5,21
4009,ORD04010,2022-04-19,CUST2567,Suresh,57,M,Central,Sports,Dumbbells,10,3394.94,0,Net Banking,Cancelled,4.8,2022,4,19
4011,ORD04012,2022-12-03,CUST1066,Sneha,50,F,West,Clothing,Kurta,7,4058.55,15,UPI,Cancelled,2.0,2022,12,3
4013,ORD04014,2022-08-02,CUST0020,Sneha,51,F,East,Electronics,Phone,10,2593.97,0,Cash,Returned,,2022,8,2
4015,ORD04016,2022-10-17,CUST0700,Arjun,46,M,North,Toys,RC Car,10,4799.42,0,Debit Card,Returned,4.4,2022,10,17
4016,ORD04017,2022-04-25,CUST2762,Vijay,42,M,Central,Books,Cookbook,5,4883.49,10,Cash,Cancelled,2.6,2022,4,25
4017,ORD04018,2022-04-28,CUST1753,Ravi,32,M,South,Toys,LEGO Set,9,3717.84,10,Cash,Delivered,3.6,2022,4,28
4018,ORD04019,2022-03-20,CUST1950,Arjun,44,M,South,Electronics,Tablet,8,3574.02,10,Cash,Cancelled,,2022,3,20
4019,ORD04020,2022-08-04,CUST1768,Ritu,32,F,East,Food,Rice 5kg,6,686.71,20,Net Banking,Delivered,1.3,2022,8,4
4020,ORD04021,2022-10-09,CUST0779,Nikhil,28,M,Central,Food,Spices Pack,7,2082.18,20,Credit Card,Delivered,1.4,2022,10,9
4023,ORD04024,2022-12-11,CUST1635,Ravi,49,M,West,Electronics,Smartwatch,2,4253.1,5,Net Banking,Delivered,4.2,2022,12,11
4025,ORD04026,2022-02-16,CUST2656,Rohan,65,M,East,Clothing,Kurta,4,1570.5,15,Net Banking,Returned,1.4,2022,2,16
4026,ORD04027,2022-08-09,CUST1221,Dev,50,M,South,Electronics,Phone,9,864.82,0,UPI,Delivered,1.3,2022,8,9
4029,ORD04030,2022-07-22,CUST1816,Rahul,42,M,West,Food,Rice 5kg,10,1851.95,0,Credit Card,Cancelled,1.9,2022,7,22
4038,ORD04039,2022-05-21,CUST1432,Ritu,19,F,South,Toys,Doll,7,952.98,10,Cash,Pending,2.7,2022,5,21
4041,ORD04042,2022-10-15,CUST1013,Rohan,49,M,West,Sports,Dumbbells,4,97.53,0,UPI,Pending,,2022,10,15
4042,ORD04043,2022-06-01,CUST2001,Amit,20,M,Central,Food,Rice 5kg,6,2191.63,0,Credit Card,Pending,2.8,2022,6,1
4049,ORD04050,2022-11-02,CUST0987,Dev,35,M,Central,Furniture,Chair,8,4608.75,0,Debit Card,Pending,1.1,2022,11,2
4050,ORD04051,2022-11-15,CUST1600,Dev,29,M,East,Books,Textbook,9,3335.56,0,Net Banking,Cancelled,,2022,11,15
4052,ORD04053,2022-10-18,CUST0732,Nisha,22,F,North,Toys,RC Car,5,2014.0,20,Debit Card,Pending,2.0,2022,10,18
4055,ORD04056,2022-02-04,CUST1859,Pooja,55,F,East,Books,Self-Help,3,391.35,20,UPI,Delivered,1.1,2022,2,4
4057,ORD04058,2022-01-23,CUST2215,Sneha,54,F,South,Furniture,Sofa,7,816.05,5,Debit Card,Returned,2.8,2022,1,23
4059,ORD04060,2022-05-25,CUST1973,Vijay,41,M,West,Books,Comics,9,4902.87,5,Net Banking,Cancelled,2.9,2022,5,25
4060,ORD04061,2022-10-11,CUST2070,Divya,36,F,South,Furniture,Bed Frame,6,1062.3,5,Net Banking,Delivered,4.0,2022,10,11
4062,ORD04063,2022-09-29,CUST2673,Rohan,57,M,Central,Clothing,Jacket,3,2269.79,5,UPI,Delivered,3.7,2022,9,29
4063,ORD04064,2022-12-01,CUST1969,Nisha,51,F,West,Clothing,Jeans,9,2478.14,5,Cash,Pending,3.2,2022,12,1
4064,ORD04065,2022-11-04,CUST0807,Ravi,55,M,West,Food,Biscuits,8,3342.44,15,Credit Card,Delivered,2.6,2022,11,4
4069,ORD04070,2022-04-15,CUST1434,Anita,54,F,South,Books,Comics,7,4198.69,0,Debit Card,Cancelled,4.2,2022,4,15
4070,ORD04071,2022-07-08,CUST0548,Priya,34,F,West,Electronics,Tablet,6,3475.43,5,UPI,Pending,1.3,2022,7,8
4071,ORD04072,2022-11-21,CUST0572,Rohan,18,M,South,Food,Dal 2kg,9,2289.07,5,Cash,Cancelled,3.2,2022,11,21
4072,ORD04073,2022-03-26,CUST0211,Amit,20,M,Central,Clothing,T-Shirt,9,298.45,5,UPI,Cancelled,3.4,2022,3,26
4073,ORD04074,2022-06-03,CUST2484,Nisha,22,F,South,Food,Dal 2kg,8,1270.67,5,Cash,Delivered,1.9,2022,6,3
4078,ORD04079,2022-03-26,CUST1148,Ravi,26,M,North,Food,Spices Pack,7,4544.21,5,Debit Card,Returned,3.1,2022,3,26
4080,ORD04081,2022-12-29,CUST1570,Karan,50,M,East,Books,Novel,3,3244.87,20,Credit Card,Pending,,2022,12,29
4082,ORD04083,2022-01-28,CUST1902,Rohan,50,M,East,Electronics,Laptop,4,920.73,15,Cash,Returned,2.1,2022,1,28
4083,ORD04084,2022-03-21,CUST0856,Pooja,26,F,South,Food,Biscuits,5,2139.95,5,Cash,Pending,4.3,2022,3,21
4085,ORD04086,2022-06-02,CUST2054,Vijay,50,M,Central,Food,Cooking Oil,2,4562.08,0,Debit Card,Returned,4.9,2022,6,2
4086,ORD04087,2022-05-11,CUST1915,Suresh,19,M,West,Electronics,Headphones,9,641.46,0,Net Banking,Delivered,4.1,2022,5,11
4087,ORD04088,2022-09-17,CUST1231,Pooja,65,F,West,Toys,Board Game,3,4216.16,10,UPI,Cancelled,4.3,2022,9,17
4089,ORD04090,2022-10-14,CUST1521,Meera,50,F,South,Food,Biscuits,7,4435.88,20,Credit Card,Delivered,3.1,2022,10,14
4091,ORD04092,2022-07-08,CUST0964,Arjun,53,M,West,Books,Novel,10,815.34,10,Cash,Delivered,1.0,2022,7,8
4092,ORD04093,2022-02-12,CUST1282,Kavya,55,F,Central,Furniture,Bookshelf,5,2867.08,15,Credit Card,Delivered,3.5,2022,2,12
4094,ORD04095,2022-05-11,CUST0538,Rahul,65,M,South,Electronics,Laptop,9,4366.48,5,Credit Card,Returned,2.4,2022,5,11
4095,ORD04096,2022-10-26,CUST1831,Divya,25,F,North,Toys,LEGO Set,9,2877.67,0,Credit Card,Pending,1.3,2022,10,26
4098,ORD04099,2022-12-15,CUST0817,Priya,26,F,West,Clothing,Jacket,1,810.96,10,Credit Card,Pending,,2022,12,15
4100,ORD04101,2022-11-09,CUST0021,Ritu,18,F,North,Toys,LEGO Set,5,870.83,20,Cash,Cancelled,,2022,11,9
4101,ORD04102,2022-01-18,CUST0731,Kavya,30,F,South,Furniture,Bed Frame,5,2471.07,0,Cash,Pending,2.0,2022,1,18
4102,ORD04103,2022-08-03,CUST0182,Suresh,25,M,East,Furniture,Bookshelf,3,3228.88,5,UPI,Delivered,2.1,2022,8,3
4105,ORD04106,2022-08-19,CUST1311,Ravi,62,M,East,Electronics,Phone,7,4854.08,15,UPI,Delivered,,2022,8,19
4106,ORD04107,2022-12-03,CUST2825,Dev,31,M,North,Furniture,Sofa,8,3873.0,15,Debit Card,Returned,,2022,12,3
4108,ORD04109,2022-07-01,CUST1651,Dev,65,M,East,Food,Spices Pack,2,2768.34,10,UPI,Cancelled,1.6,2022,7,1
4112,ORD04113,2022-07-11,CUST0357,Divya,63,F,North,Furniture,Chair,2,4108.3,20,Net Banking,Pending,1.5,2022,7,11
4117,ORD04118,2022-04-10,CUST2077,Divya,51,F,East,Books,Textbook,5,3735.23,20,Cash,Pending,4.4,2022,4,10
4119,ORD04120,2022-03-22,CUST2713,Ritu,48,F,North,Toys,Doll,3,4701.74,20,Net Banking,Cancelled,1.4,2022,3,22
4121,ORD04122,2022-01-06,CUST0255,Arjun,19,M,North,Books,Cookbook,2,2534.75,20,Credit Card,Returned,,2022,1,6
4124,ORD04125,2022-04-12,CUST2234,Divya,65,F,South,Electronics,Smartwatch,5,2160.08,20,Cash,Cancelled,3.8,2022,4,12
4129,ORD04130,2022-11-22,CUST1686,Pooja,51,F,South,Clothing,Kurta,1,244.22,15,Cash,Returned,,2022,11,22
4130,ORD04131,2022-10-17,CUST2945,Kavya,29,F,West,Toys,Doll,10,1232.08,15,Net Banking,Cancelled,4.7,2022,10,17
4134,ORD04135,2022-01-11,CUST2713,Arjun,59,M,North,Sports,Dumbbells,2,4171.05,20,UPI,Pending,1.8,2022,1,11
4135,ORD04136,2022-11-14,CUST2614,Ravi,52,M,East,Food,Biscuits,2,2836.65,15,Debit Card,Cancelled,2.8,2022,11,14
4141,ORD04142,2022-04-01,CUST1415,Kavya,41,F,East,Food,Rice 5kg,8,4500.68,10,UPI,Delivered,4.3,2022,4,1
4144,ORD04145,2022-03-07,CUST1499,Kavya,32,F,West,Food,Cooking Oil,6,4243.68,0,UPI,Cancelled,1.4,2022,3,7
4147,ORD04148,2022-08-02,CUST1055,Kavya,58,F,West,Food,Rice 5kg,9,1422.57,15,UPI,Delivered,3.4,2022,8,2
4150,ORD04151,2022-05-11,CUST0550,Rohan,53,M,West,Books,Textbook,4,4100.27,15,UPI,Cancelled,5.0,2022,5,11
4151,ORD04152,2022-04-21,CUST0868,Amit,18,M,North,Books,Cookbook,3,3556.01,20,Net Banking,Returned,4.1,2022,4,21
4152,ORD04153,2022-06-24,CUST2023,Dev,54,M,North,Electronics,Smartwatch,4,4561.54,20,Net Banking,Cancelled,1.5,2022,6,24
4153,ORD04154,2022-03-29,CUST0577,Anita,57,F,South,Books,Cookbook,7,88.96,20,Cash,Returned,,2022,3,29
4155,ORD04156,2022-09-30,CUST0369,Priya,45,F,Central,Toys,RC Car,1,2893.83,0,Cash,Returned,3.7,2022,9,30
4156,ORD04157,2022-06-14,CUST0798,Dev,42,M,South,Books,Textbook,5,1462.9,20,Debit Card,Cancelled,1.4,2022,6,14
4157,ORD04158,2022-08-25,CUST0892,Suresh,26,M,South,Sports,Yoga Mat,5,3237.09,15,UPI,Returned,3.9,2022,8,25
4158,ORD04159,2022-06-12,CUST1403,Kavya,26,F,Central,Furniture,Bed Frame,4,1994.08,0,Net Banking,Pending,1.4,2022,6,12
4162,ORD04163,2022-05-04,CUST0114,Nisha,45,F,West,Toys,RC Car,8,724.64,20,Cash,Pending,3.7,2022,5,4
4163,ORD04164,2022-07-19,CUST0512,Amit,34,M,Central,Books,Self-Help,3,976.64,10,UPI,Cancelled,2.8,2022,7,19
4164,ORD04165,2022-04-30,CUST2806,Ravi,61,M,South,Sports,Badminton Set,10,4834.68,15,Credit Card,Pending,4.7,2022,4,30
4165,ORD04166,2022-06-29,CUST1942,Asha,59,F,Central,Clothing,T-Shirt,9,4283.9,20,Credit Card,Returned,,2022,6,29
4166,ORD04167,2022-01-05,CUST1122,Rahul,27,M,South,Sports,Football,6,925.83,0,UPI,Pending,4.2,2022,1,5
4168,ORD04169,2022-05-20,CUST2344,Rahul,54,M,Central,Toys,Doll,3,2422.01,20,Debit Card,Returned,4.4,2022,5,20
4169,ORD04170,2022-08-26,CUST0202,Ritu,53,F,North,Books,Comics,4,885.75,0,Net Banking,Cancelled,1.7,2022,8,26
4170,ORD04171,2022-12-22,CUST1556,Rahul,52,M,East,Clothing,Saree,9,565.37,0,Cash,Pending,,2022,12,22
4172,ORD04173,2022-01-23,CUST2944,Vijay,47,M,East,Books,Cookbook,7,4586.11,0,Debit Card,Pending,3.3,2022,1,23
4173,ORD04174,2022-03-05,CUST2052,Amit,64,M,West,Toys,Puzzle,2,1897.74,20,Cash,Cancelled,2.2,2022,3,5
4176,ORD04177,2022-02-22,CUST0362,Anita,56,F,North,Toys,Board Game,5,2224.62,15,Credit Card,Returned,,2022,2,22
4177,ORD04178,2022-06-02,CUST0736,Kavya,30,F,East,Clothing,Saree,4,4518.54,20,Credit Card,Pending,4.7,2022,6,2
4179,ORD04180,2022-04-26,CUST2049,Nikhil,57,M,East,Electronics,Laptop,6,1554.3,0,Debit Card,Pending,3.8,2022,4,26
4180,ORD04181,2022-05-01,CUST2680,Rohan,42,M,West,Clothing,Saree,6,3373.5,10,UPI,Delivered,1.9,2022,5,1
4181,ORD04182,2022-01-01,CUST0238,Kavya,25,F,North,Electronics,Phone,8,4511.3,0,Credit Card,Cancelled,3.3,2022,1,1
4182,ORD04183,2022-06-12,CUST2329,Dev,64,M,East,Clothing,Jeans,5,4196.84,5,Credit Card,Delivered,4.1,2022,6,12
4184,ORD04185,2022-07-29,CUST1162,Ravi,57,M,East,Food,Biscuits,5,2692.5,20,Credit Card,Delivered,,2022,7,29
4186,ORD04187,2022-10-22,CUST2868,Nikhil,33,M,North,Furniture,Bed Frame,3,1977.32,15,Net Banking,Pending,,2022,10,22
4187,ORD04188,2022-10-12,CUST0473,Karan,21,M,West,Sports,Dumbbells,10,184.04,15,Net Banking,Delivered,,2022,10,12
4188,ORD04189,2022-01-19,CUST2480,Rohan,28,M,North,Electronics,Headphones,10,1910.44,0,Debit Card,Cancelled,5.0,2022,1,19
4190,ORD04191,2022-09-19,CUST0435,Divya,27,F,West,Books,Comics,5,4427.71,5,Debit Card,Delivered,4.8,2022,9,19
4191,ORD04192,2022-06-30,CUST2451,Arjun,47,M,North,Books,Cookbook,7,4966.62,5,Cash,Delivered,,2022,6,30
4192,ORD04193,2022-12-01,CUST0467,Asha,23,F,Central,Electronics,Headphones,7,686.47,5,Credit Card,Returned,3.1,2022,12,1
4193,ORD04194,2022-01-31,CUST1090,Pooja,37,F,South,Furniture,Chair,6,4263.88,20,UPI,Cancelled,3.0,2022,1,31
4194,ORD04195,2022-12-20,CUST1293,Divya,49,F,North,Toys,LEGO Set,1,1307.1,5,Cash,Pending,4.5,2022,12,20
4196,ORD04197,2022-01-22,CUST1232,Amit,37,M,Central,Toys,RC Car,1,3478.93,20,Net Banking,Returned,4.7,2022,1,22
4198,ORD04199,2022-07-06,CUST0986,Divya,24,F,East,Furniture,Sofa,3,4241.91,10,Net Banking,Cancelled,,2022,7,6
4199,ORD04200,2022-10-12,CUST1937,Nikhil,46,M,Central,Food,Biscuits,2,557.21,5,Cash,Cancelled,1.2,2022,10,12
4200,ORD04201,2022-04-16,CUST1883,Karan,25,M,West,Electronics,Smartwatch,7,3687.9,0,Net Banking,Returned,5.0,2022,4,16
4201,ORD04202,2022-01-02,CUST2578,Rohan,46,M,South,Books,Textbook,6,942.04,15,Net Banking,Pending,,2022,1,2
4202,ORD04203,2022-04-11,CUST1065,Asha,26,F,West,Electronics,Phone,3,3975.18,15,Credit Card,Delivered,3.6,2022,4,11
4204,ORD04205,2022-12-15,CUST0901,Anita,38,F,West,Sports,Badminton Set,4,1200.62,0,Cash,Cancelled,3.8,2022,12,15
4205,ORD04206,2022-09-01,CUST0454,Kavya,40,F,South,Books,Novel,9,1330.27,5,Debit Card,Cancelled,3.3,2022,9,1
4210,ORD04211,2022-08-22,CUST1965,Anita,62,F,East,Electronics,Headphones,2,3761.5,0,Credit Card,Cancelled,2.5,2022,8,22
4211,ORD04212,2022-02-18,CUST0731,Divya,26,F,South,Food,Biscuits,3,1080.54,0,Net Banking,Delivered,1.7,2022,2,18
4213,ORD04214,2022-06-15,CUST2522,Amit,61,M,Central,Electronics,Tablet,3,4794.93,20,Cash,Delivered,4.4,2022,6,15
4214,ORD04215,2022-04-06,CUST2841,Pooja,33,F,North,Furniture,Sofa,3,284.96,0,Credit Card,Delivered,4.0,2022,4,6
4217,ORD04218,2022-07-05,CUST2230,Rohan,19,M,West,Clothing,Kurta,1,874.3,5,Net Banking,Cancelled,3.1,2022,7,5
4218,ORD04219,2022-12-27,CUST2270,Pooja,54,F,North,Furniture,Bookshelf,6,1593.75,20,UPI,Cancelled,4.8,2022,12,27
4220,ORD04221,2022-08-07,CUST1111,Asha,58,F,Central,Books,Novel,9,832.77,5,UPI,Pending,2.1,2022,8,7
4222,ORD04223,2022-09-20,CUST1965,Karan,22,M,South,Furniture,Table,10,3727.54,0,Cash,Delivered,3.9,2022,9,20
4224,ORD04225,2022-08-01,CUST0043,Nisha,44,F,West,Books,Textbook,6,3635.75,0,Net Banking,Returned,4.4,2022,8,1
4226,ORD04227,2022-07-14,CUST2802,Kavya,54,F,North,Sports,Cricket Bat,10,481.7,20,Debit Card,Returned,1.6,2022,7,14
4229,ORD04230,2022-05-07,CUST1486,Sneha,44,F,East,Books,Self-Help,3,1583.32,20,Credit Card,Pending,2.2,2022,5,7
4230,ORD04231,2022-08-06,CUST1329,Nisha,36,F,East,Clothing,T-Shirt,2,1515.46,15,Credit Card,Delivered,2.0,2022,8,6
4235,ORD04236,2022-12-25,CUST0579,Ritu,23,F,South,Books,Self-Help,3,1858.47,20,UPI,Pending,3.9,2022,12,25
4237,ORD04238,2022-10-02,CUST0304,Nisha,57,F,East,Furniture,Sofa,5,163.21,0,UPI,Cancelled,1.7,2022,10,2
4238,ORD04239,2022-06-16,CUST2658,Rahul,53,M,East,Toys,RC Car,6,1635.32,5,UPI,Pending,4.2,2022,6,16
4239,ORD04240,2022-12-28,CUST2979,Vijay,43,M,North,Furniture,Bed Frame,5,4002.37,0,Net Banking,Returned,4.3,2022,12,28
4240,ORD04241,2022-06-03,CUST2598,Dev,53,M,West,Sports,Badminton Set,10,2904.19,20,Net Banking,Delivered,4.3,2022,6,3
4241,ORD04242,2022-11-16,CUST0716,Rahul,60,M,South,Furniture,Sofa,3,2674.67,10,Net Banking,Delivered,1.1,2022,11,16
4244,ORD04245,2022-06-24,CUST1832,Karan,51,M,East,Toys,Board Game,1,3718.74,10,Credit Card,Pending,2.2,2022,6,24
4246,ORD04247,2022-02-04,CUST2145,Rohan,36,M,North,Electronics,Phone,8,3177.83,20,UPI,Cancelled,2.6,2022,2,4
4247,ORD04248,2022-11-14,CUST0410,Kavya,37,F,North,Clothing,T-Shirt,10,3473.35,20,UPI,Returned,3.6,2022,11,14
4248,ORD04249,2022-10-12,CUST1822,Sneha,35,F,West,Furniture,Bookshelf,8,4116.01,15,Net Banking,Cancelled,2.3,2022,10,12
4251,ORD04252,2022-06-19,CUST2281,Karan,51,M,South,Electronics,Laptop,2,4267.6,0,Credit Card,Pending,4.2,2022,6,19
4252,ORD04253,2022-02-16,CUST1252,Ravi,47,M,East,Electronics,Laptop,2,494.24,5,Debit Card,Delivered,3.6,2022,2,16
4253,ORD04254,2022-05-13,CUST0763,Pooja,65,F,North,Sports,Yoga Mat,2,4970.51,10,Cash,Pending,3.0,2022,5,13
4254,ORD04255,2022-01-26,CUST0740,Asha,47,F,Central,Clothing,Jacket,8,3760.18,20,UPI,Cancelled,1.2,2022,1,26
4257,ORD04258,2022-10-11,CUST1475,Priya,20,F,Central,Sports,Yoga Mat,4,1080.03,10,Cash,Delivered,3.3,2022,10,11
4260,ORD04261,2022-12-21,CUST2481,Ritu,28,F,West,Electronics,Tablet,5,2305.69,0,Credit Card,Cancelled,3.0,2022,12,21
4261,ORD04262,2022-01-12,CUST2794,Dev,58,M,South,Toys,Doll,4,3433.12,5,Debit Card,Cancelled,1.1,2022,1,12
4263,ORD04264,2022-01-22,CUST2198,Amit,31,M,South,Clothing,Kurta,9,562.3,20,Cash,Returned,4.8,2022,1,22
4264,ORD04265,2022-03-15,CUST0238,Arjun,51,M,South,Clothing,Jeans,5,1332.27,10,Debit Card,Delivered,4.5,2022,3,15
4266,ORD04267,2022-02-16,CUST2085,Divya,43,F,South,Electronics,Smartwatch,10,2857.01,0,Cash,Delivered,1.4,2022,2,16
4267,ORD04268,2022-12-20,CUST1055,Suresh,46,M,South,Furniture,Sofa,3,449.4,10,Cash,Cancelled,4.3,2022,12,20
4271,ORD04272,2022-08-27,CUST0868,Pooja,49,F,Central,Electronics,Tablet,8,4210.4,5,Credit Card,Returned,1.9,2022,8,27
4272,ORD04273,2022-12-01,CUST2782,Dev,47,M,West,Books,Cookbook,5,3917.58,0,Credit Card,Returned,3.9,2022,12,1
4273,ORD04274,2022-06-08,CUST2353,Asha,57,F,East,Electronics,Phone,1,2334.01,15,Cash,Returned,1.1,2022,6,8
4274,ORD04275,2022-09-09,CUST0223,Sneha,23,F,West,Toys,Puzzle,6,2162.13,15,Credit Card,Delivered,2.8,2022,9,9
4276,ORD04277,2022-02-13,CUST0510,Meera,62,F,West,Food,Biscuits,10,3961.45,20,Net Banking,Cancelled,3.0,2022,2,13
4277,ORD04278,2022-05-19,CUST0008,Suresh,18,M,Central,Electronics,Phone,5,4921.54,20,Cash,Returned,3.7,2022,5,19
4281,ORD04282,2022-04-07,CUST0128,Dev,35,M,West,Clothing,Kurta,9,2010.72,20,Net Banking,Cancelled,2.7,2022,4,7
4283,ORD04284,2022-09-20,CUST0264,Arjun,25,M,Central,Books,Self-Help,10,4747.44,15,UPI,Delivered,2.1,2022,9,20
4284,ORD04285,2022-11-27,CUST0061,Amit,65,M,North,Food,Spices Pack,3,2229.74,5,Debit Card,Delivered,2.8,2022,11,27
4285,ORD04286,2022-01-17,CUST1948,Sneha,29,F,West,Food,Biscuits,5,918.31,5,UPI,Returned,3.6,2022,1,17
4286,ORD04287,2022-09-05,CUST0494,Karan,62,M,East,Toys,Doll,8,3903.96,5,Cash,Pending,,2022,9,5
4290,ORD04291,2022-09-05,CUST2228,Arjun,22,M,North,Furniture,Table,7,3854.2,10,Credit Card,Delivered,3.4,2022,9,5
4292,ORD04293,2022-04-01,CUST2761,Priya,27,F,South,Clothing,Jeans,3,1622.7,20,Net Banking,Pending,1.9,2022,4,1
4293,ORD04294,2022-06-14,CUST2905,Nisha,56,F,South,Food,Spices Pack,5,3855.18,15,UPI,Pending,4.7,2022,6,14
4295,ORD04296,2022-06-19,CUST2298,Anita,26,F,East,Clothing,Saree,7,3065.92,20,Debit Card,Returned,2.5,2022,6,19
4296,ORD04297,2022-03-13,CUST0722,Dev,23,M,South,Furniture,Bed Frame,8,2840.43,20,Net Banking,Returned,4.9,2022,3,13
4297,ORD04298,2022-06-27,CUST0699,Asha,63,F,East,Electronics,Tablet,7,2417.37,0,Credit Card,Returned,2.6,2022,6,27
4298,ORD04299,2022-08-24,CUST2217,Karan,29,M,Central,Furniture,Table,9,4332.91,10,UPI,Delivered,1.7,2022,8,24
4299,ORD04300,2022-07-10,CUST0285,Vijay,52,M,South,Food,Cooking Oil,1,263.49,5,Debit Card,Delivered,,2022,7,10
4303,ORD04304,2022-09-26,CUST1652,Nisha,52,F,East,Clothing,Kurta,6,501.37,20,UPI,Returned,,2022,9,26
4305,ORD04306,2022-12-11,CUST0482,Pooja,60,F,South,Toys,RC Car,1,687.36,5,Cash,Cancelled,4.6,2022,12,11
4307,ORD04308,2022-09-01,CUST1987,Karan,51,M,South,Food,Dal 2kg,8,4835.52,5,Debit Card,Delivered,2.8,2022,9,1
4317,ORD04318,2022-11-22,CUST2793,Arjun,47,M,North,Books,Self-Help,9,3835.32,10,Net Banking,Delivered,4.6,2022,11,22
4320,ORD04321,2022-02-28,CUST2408,Divya,27,F,North,Toys,Board Game,10,2711.94,20,Credit Card,Pending,1.5,2022,2,28
4322,ORD04323,2022-08-04,CUST0922,Suresh,32,M,North,Furniture,Sofa,6,3487.89,20,UPI,Returned,1.8,2022,8,4
4324,ORD04325,2022-02-05,CUST2200,Nisha,23,F,North,Clothing,Jacket,8,3072.2,0,Credit Card,Delivered,1.1,2022,2,5
4327,ORD04328,2022-12-02,CUST0641,Rohan,48,M,North,Electronics,Tablet,4,1873.71,15,Debit Card,Cancelled,4.9,2022,12,2
4328,ORD04329,2022-07-14,CUST2741,Divya,21,F,West,Electronics,Headphones,3,1478.71,20,Credit Card,Delivered,1.1,2022,7,14
4329,ORD04330,2022-08-15,CUST1538,Pooja,34,F,Central,Toys,RC Car,5,2011.4,20,Credit Card,Cancelled,3.2,2022,8,15
4330,ORD04331,2022-07-29,CUST2796,Priya,32,F,East,Furniture,Bed Frame,4,521.05,5,Debit Card,Cancelled,4.4,2022,7,29
4333,ORD04334,2022-08-09,CUST1458,Vijay,59,M,North,Toys,Board Game,5,3494.14,15,Credit Card,Returned,2.5,2022,8,9
4335,ORD04336,2022-03-01,CUST1188,Rohan,34,M,East,Furniture,Sofa,5,2867.91,15,Debit Card,Delivered,4.9,2022,3,1
4337,ORD04338,2022-01-07,CUST1669,Ravi,52,M,West,Clothing,T-Shirt,3,4783.23,0,Debit Card,Cancelled,,2022,1,7
4339,ORD04340,2022-09-30,CUST0363,Vijay,19,M,East,Clothing,Kurta,1,4766.03,10,Net Banking,Cancelled,1.4,2022,9,30
4343,ORD04344,2022-08-10,CUST1617,Karan,28,M,South,Food,Cooking Oil,9,830.21,10,UPI,Delivered,1.6,2022,8,10
4344,ORD04345,2022-08-26,CUST1683,Kavya,34,F,West,Food,Biscuits,4,2304.53,5,Net Banking,Pending,1.3,2022,8,26
4345,ORD04346,2022-03-29,CUST0253,Suresh,31,M,Central,Sports,Cricket Bat,10,4890.38,10,Net Banking,Delivered,3.8,2022,3,29
4346,ORD04347,2022-08-12,CUST0178,Amit,55,M,Central,Books,Novel,5,3790.3,5,Credit Card,Returned,,2022,8,12
4349,ORD04350,2022-03-30,CUST1473,Sneha,26,F,West,Sports,Football,8,2493.8,0,Net Banking,Pending,1.6,2022,3,30
4350,ORD04351,2022-03-01,CUST0716,Sneha,30,F,Central,Toys,Doll,3,496.36,15,Credit Card,Pending,4.6,2022,3,1
4353,ORD04354,2022-08-11,CUST2938,Arjun,45,M,East,Clothing,Jacket,8,4914.76,15,Debit Card,Pending,,2022,8,11
4356,ORD04357,2022-11-17,CUST1622,Asha,23,F,North,Furniture,Bookshelf,2,3139.11,15,UPI,Pending,,2022,11,17
4357,ORD04358,2022-05-06,CUST2482,Anita,42,F,North,Electronics,Headphones,5,4042.66,20,Credit Card,Pending,2.6,2022,5,6
4359,ORD04360,2022-07-10,CUST0199,Karan,41,M,North,Toys,Puzzle,3,3258.3,10,Credit Card,Cancelled,,2022,7,10
4360,ORD04361,2022-06-05,CUST0514,Divya,65,F,North,Sports,Cricket Bat,6,1365.03,10,Debit Card,Pending,4.5,2022,6,5
4362,ORD04363,2022-02-06,CUST1226,Nisha,50,F,Central,Sports,Football,2,4694.74,5,Debit Card,Delivered,1.8,2022,2,6
4365,ORD04366,2022-04-08,CUST1816,Nisha,18,F,Central,Sports,Football,2,2758.77,5,Debit Card,Cancelled,2.2,2022,4,8
4366,ORD04367,2022-12-17,CUST1687,Ravi,34,M,West,Toys,LEGO Set,4,1821.49,0,Credit Card,Cancelled,1.0,2022,12,17
4367,ORD04368,2022-07-14,CUST1365,Rohan,32,M,Central,Food,Cooking Oil,7,2764.22,0,UPI,Delivered,,2022,7,14
4368,ORD04369,2022-12-22,CUST1349,Sneha,52,F,East,Toys,LEGO Set,8,3834.27,10,Credit Card,Returned,3.1,2022,12,22
4369,ORD04370,2022-04-09,CUST1777,Vijay,49,M,South,Furniture,Bookshelf,7,3445.34,5,UPI,Returned,1.2,2022,4,9
4370,ORD04371,2022-05-06,CUST1662,Ritu,46,F,West,Clothing,Jacket,5,4516.24,10,UPI,Returned,3.4,2022,5,6
4371,ORD04372,2022-10-11,CUST2007,Rahul,24,M,North,Toys,Board Game,4,123.65,5,Debit Card,Pending,4.3,2022,10,11
4373,ORD04374,2022-06-19,CUST0906,Asha,39,F,North,Furniture,Bed Frame,10,4832.59,5,Cash,Returned,2.3,2022,6,19
4375,ORD04376,2022-02-16,CUST1251,Nisha,18,F,South,Clothing,Jeans,3,3953.54,5,Cash,Pending,,2022,2,16
4379,ORD04380,2022-11-19,CUST0640,Vijay,52,M,South,Sports,Yoga Mat,8,2511.75,15,Credit Card,Cancelled,4.5,2022,11,19
4380,ORD04381,2022-07-09,CUST2471,Nikhil,23,M,North,Furniture,Bookshelf,4,1257.11,10,UPI,Pending,4.2,2022,7,9
4383,ORD04384,2022-09-12,CUST0673,Nisha,54,F,South,Toys,Doll,6,551.74,20,Cash,Pending,2.5,2022,9,12
4384,ORD04385,2022-06-07,CUST0876,Divya,21,F,Central,Toys,RC Car,2,1706.55,20,UPI,Cancelled,4.8,2022,6,7
4387,ORD04388,2022-08-07,CUST2695,Rohan,28,M,Central,Electronics,Tablet,10,1157.44,15,Credit Card,Returned,3.6,2022,8,7
4388,ORD04389,2022-09-27,CUST1790,Amit,51,M,West,Books,Self-Help,9,2137.96,10,Cash,Returned,2.8,2022,9,27
4390,ORD04391,2022-08-22,CUST1894,Dev,35,M,North,Books,Self-Help,1,3581.85,10,UPI,Pending,3.2,2022,8,22
4392,ORD04393,2022-01-30,CUST0688,Anita,28,F,Central,Food,Cooking Oil,3,4475.31,10,UPI,Returned,1.3,2022,1,30
4394,ORD04395,2022-05-04,CUST2221,Ravi,58,M,East,Books,Cookbook,3,1313.33,0,UPI,Cancelled,4.9,2022,5,4
4398,ORD04399,2022-03-24,CUST1555,Meera,20,F,East,Toys,Board Game,5,425.53,5,Debit Card,Returned,2.1,2022,3,24
4399,ORD04400,2022-12-09,CUST0860,Priya,42,F,North,Books,Self-Help,3,2346.06,5,Credit Card,Returned,2.1,2022,12,9
4400,ORD04401,2022-06-15,CUST2038,Priya,64,F,East,Books,Comics,8,558.06,15,UPI,Cancelled,3.0,2022,6,15
4407,ORD04408,2022-03-01,CUST0750,Suresh,24,M,North,Sports,Football,3,4428.49,5,Cash,Cancelled,4.9,2022,3,1
4410,ORD04411,2022-11-25,CUST2923,Rahul,18,M,Central,Electronics,Phone,4,2247.5,10,UPI,Delivered,4.5,2022,11,25
4411,ORD04412,2022-06-09,CUST1686,Meera,55,F,West,Sports,Cricket Bat,2,4910.75,20,UPI,Returned,1.8,2022,6,9
4413,ORD04414,2022-03-13,CUST1163,Nikhil,49,M,West,Books,Self-Help,4,4724.31,15,Credit Card,Pending,4.8,2022,3,13
4417,ORD04418,2022-04-03,CUST1096,Arjun,25,M,North,Food,Dal 2kg,9,1223.19,0,Debit Card,Returned,4.0,2022,4,3
4418,ORD04419,2022-05-22,CUST0378,Meera,49,F,Central,Food,Cooking Oil,6,1278.36,10,UPI,Pending,4.0,2022,5,22
4421,ORD04422,2022-07-28,CUST0646,Sneha,45,F,Central,Food,Rice 5kg,6,3054.26,15,UPI,Pending,4.7,2022,7,28
4424,ORD04425,2022-12-19,CUST0867,Rahul,21,M,West,Books,Novel,9,3650.96,5,UPI,Delivered,3.5,2022,12,19
4425,ORD04426,2022-05-02,CUST2069,Arjun,50,M,North,Furniture,Bed Frame,3,4232.59,10,Credit Card,Pending,1.6,2022,5,2
4427,ORD04428,2022-08-04,CUST1803,Priya,53,F,Central,Food,Cooking Oil,1,3810.51,15,Net Banking,Pending,4.6,2022,8,4
4428,ORD04429,2022-09-18,CUST2781,Nikhil,30,M,East,Clothing,Jeans,3,4365.25,20,Debit Card,Delivered,1.9,2022,9,18
4429,ORD04430,2022-01-29,CUST1302,Amit,52,M,South,Electronics,Phone,8,3753.61,0,Cash,Pending,4.3,2022,1,29
4431,ORD04432,2022-10-14,CUST2396,Ravi,25,M,Central,Electronics,Headphones,2,1592.44,10,Debit Card,Returned,3.9,2022,10,14
4433,ORD04434,2022-12-25,CUST1761,Karan,26,M,Central,Sports,Cricket Bat,9,635.55,20,Cash,Pending,1.0,2022,12,25
4435,ORD04436,2022-12-28,CUST1397,Vijay,60,M,North,Toys,Board Game,4,3501.06,15,Cash,Returned,4.1,2022,12,28
4439,ORD04440,2022-04-23,CUST0990,Amit,37,M,Central,Books,Novel,9,3639.61,5,Debit Card,Cancelled,2.8,2022,4,23
4441,ORD04442,2022-09-19,CUST2626,Dev,60,M,North,Furniture,Chair,3,4679.82,5,Credit Card,Returned,4.6,2022,9,19
4444,ORD04445,2022-05-23,CUST1217,Nikhil,22,M,West,Food,Cooking Oil,2,3198.03,20,Cash,Pending,3.8,2022,5,23
4446,ORD04447,2022-12-30,CUST0947,Anita,18,F,East,Toys,RC Car,8,77.6,10,Cash,Pending,1.8,2022,12,30
4447,ORD04448,2022-05-27,CUST1199,Asha,36,F,South,Electronics,Tablet,10,2833.63,20,Cash,Cancelled,3.1,2022,5,27
4448,ORD04449,2022-01-21,CUST0436,Amit,61,M,North,Food,Rice 5kg,3,3066.2,5,Cash,Delivered,,2022,1,21
4451,ORD04452,2022-03-24,CUST0350,Dev,55,M,East,Books,Cookbook,9,532.48,15,Debit Card,Delivered,2.8,2022,3,24
4452,ORD04453,2022-08-17,CUST2188,Kavya,37,F,West,Toys,Doll,8,654.1,15,Debit Card,Cancelled,2.2,2022,8,17
4453,ORD04454,2022-07-24,CUST0520,Dev,48,M,North,Furniture,Table,1,1085.94,5,UPI,Pending,4.1,2022,7,24
4454,ORD04455,2022-12-18,CUST1075,Vijay,41,M,Central,Furniture,Sofa,1,841.89,10,Credit Card,Returned,3.5,2022,12,18
4457,ORD04458,2022-10-19,CUST0888,Ravi,40,M,East,Toys,LEGO Set,7,791.45,0,Net Banking,Returned,1.4,2022,10,19
4458,ORD04459,2022-07-15,CUST1087,Arjun,25,M,East,Electronics,Phone,6,1644.28,15,Net Banking,Cancelled,3.2,2022,7,15
4461,ORD04462,2022-06-03,CUST1759,Nisha,30,F,South,Furniture,Sofa,10,3269.63,20,Net Banking,Returned,1.1,2022,6,3
4463,ORD04464,2022-06-25,CUST1608,Rohan,31,M,South,Food,Biscuits,4,4038.53,10,Cash,Delivered,4.5,2022,6,25
4464,ORD04465,2022-10-16,CUST2471,Vijay,30,M,West,Furniture,Sofa,6,4715.62,15,Net Banking,Cancelled,3.7,2022,10,16
4465,ORD04466,2022-11-02,CUST2080,Karan,55,M,West,Clothing,T-Shirt,7,129.72,5,UPI,Delivered,,2022,11,2
4466,ORD04467,2022-10-14,CUST0805,Rohan,41,M,South,Clothing,Jacket,10,3471.11,15,Debit Card,Pending,4.2,2022,10,14
4467,ORD04468,2022-05-17,CUST0333,Sneha,51,F,Central,Toys,LEGO Set,6,1490.73,15,Debit Card,Returned,2.8,2022,5,17
4468,ORD04469,2022-04-05,CUST0764,Pooja,27,F,North,Electronics,Laptop,4,2184.1,20,Net Banking,Cancelled,2.8,2022,4,5
4469,ORD04470,2022-07-02,CUST1148,Ritu,39,F,South,Food,Rice 5kg,5,1363.43,15,Cash,Cancelled,,2022,7,2
4470,ORD04471,2022-05-21,CUST1120,Ritu,33,F,Central,Toys,Puzzle,10,551.06,15,Net Banking,Delivered,1.6,2022,5,21
4471,ORD04472,2022-08-01,CUST2980,Kavya,53,F,Central,Electronics,Laptop,8,2968.06,5,Credit Card,Cancelled,3.6,2022,8,1
4472,ORD04473,2022-03-18,CUST2270,Kavya,24,F,West,Books,Comics,7,1143.96,5,Cash,Cancelled,4.8,2022,3,18
4475,ORD04476,2022-02-11,CUST0544,Nikhil,54,M,West,Toys,Puzzle,3,4543.21,20,Debit Card,Cancelled,3.3,2022,2,11
4477,ORD04478,2022-01-10,CUST2906,Rahul,30,M,Central,Toys,Puzzle,6,1870.54,10,Cash,Delivered,2.1,2022,1,10
4478,ORD04479,2022-01-05,CUST1922,Amit,56,M,North,Furniture,Sofa,3,3979.48,5,Net Banking,Cancelled,4.6,2022,1,5
4480,ORD04481,2022-03-27,CUST0379,Vijay,48,M,East,Clothing,Jacket,5,4212.71,15,Debit Card,Cancelled,2.7,2022,3,27
4481,ORD04482,2022-11-02,CUST2171,Divya,30,F,South,Clothing,Saree,6,4868.9,0,Debit Card,Returned,3.2,2022,11,2
4482,ORD04483,2022-07-11,CUST0319,Dev,47,M,West,Food,Rice 5kg,10,2910.67,0,UPI,Pending,4.6,2022,7,11
4486,ORD04487,2022-02-23,CUST2656,Arjun,33,M,West,Sports,Yoga Mat,8,2038.53,0,UPI,Returned,1.1,2022,2,23
4487,ORD04488,2022-05-25,CUST1274,Dev,24,M,South,Clothing,Jeans,4,1751.11,5,UPI,Pending,,2022,5,25
4488,ORD04489,2022-06-23,CUST2649,Sneha,19,F,Central,Books,Novel,3,3717.0,0,UPI,Delivered,5.0,2022,6,23
4489,ORD04490,2022-12-04,CUST1596,Suresh,38,M,West,Sports,Yoga Mat,6,1341.87,5,Debit Card,Returned,1.4,2022,12,4
4491,ORD04492,2022-01-11,CUST0727,Rahul,50,M,Central,Books,Textbook,2,1469.44,5,UPI,Pending,2.2,2022,1,11
4495,ORD04496,2022-07-04,CUST2628,Dev,21,M,South,Books,Cookbook,6,1100.72,10,Debit Card,Cancelled,3.3,2022,7,4
4496,ORD04497,2022-04-03,CUST0794,Kavya,28,F,West,Clothing,Kurta,1,4342.47,10,Debit Card,Pending,4.8,2022,4,3
4497,ORD04498,2022-05-25,CUST2853,Anita,61,F,Central,Toys,LEGO Set,5,3839.93,5,Net Banking,Pending,1.1,2022,5,25
4499,ORD04500,2022-08-13,CUST2902,Pooja,58,F,East,Books,Comics,7,2370.12,15,Credit Card,Pending,2.3,2022,8,13
4500,ORD04501,2022-06-03,CUST2345,Anita,27,F,East,Furniture,Table,2,928.75,5,Net Banking,Cancelled,3.3,2022,6,3
4507,ORD04508,2022-05-17,CUST1673,Asha,56,F,East,Furniture,Bookshelf,6,3608.41,0,UPI,Returned,1.2,2022,5,17
4508,ORD04509,2022-04-23,CUST1934,Amit,63,M,Central,Electronics,Smartwatch,6,1099.63,15,UPI,Cancelled,4.2,2022,4,23
4513,ORD04514,2022-07-11,CUST2036,Sneha,47,F,West,Electronics,Smartwatch,9,2890.48,0,Cash,Delivered,4.2,2022,7,11
4514,ORD04515,2022-07-31,CUST1905,Karan,46,M,North,Clothing,T-Shirt,3,4850.13,5,UPI,Returned,2.5,2022,7,31
4521,ORD04522,2022-07-24,CUST1494,Asha,20,F,North,Food,Dal 2kg,4,4505.13,10,Cash,Delivered,2.1,2022,7,24
4523,ORD04524,2022-04-07,CUST0781,Kavya,23,F,Central,Clothing,Jeans,1,2864.61,20,Debit Card,Delivered,4.4,2022,4,7
4525,ORD04526,2022-04-02,CUST1590,Ravi,35,M,South,Toys,Puzzle,8,2713.9,5,UPI,Delivered,3.8,2022,4,2
4527,ORD04528,2022-06-18,CUST1012,Suresh,32,M,South,Furniture,Table,5,4331.43,20,UPI,Delivered,3.6,2022,6,18
4528,ORD04529,2022-01-21,CUST0613,Anita,46,F,East,Sports,Yoga Mat,10,3246.13,15,UPI,Delivered,3.4,2022,1,21
4530,ORD04531,2022-03-27,CUST1786,Asha,21,F,East,Electronics,Phone,6,4330.33,5,UPI,Delivered,2.1,2022,3,27
4531,ORD04532,2022-11-19,CUST1619,Sneha,21,F,East,Food,Rice 5kg,5,775.0,15,Net Banking,Pending,2.7,2022,11,19
4534,ORD04535,2022-06-30,CUST2624,Sneha,44,F,North,Furniture,Bed Frame,5,3923.84,0,Cash,Returned,3.7,2022,6,30
4536,ORD04537,2022-12-22,CUST0044,Nikhil,36,M,North,Books,Cookbook,2,928.66,15,Debit Card,Cancelled,1.4,2022,12,22
4537,ORD04538,2022-09-30,CUST0655,Kavya,35,F,West,Clothing,Jacket,9,4687.04,20,Credit Card,Cancelled,1.1,2022,9,30
4538,ORD04539,2022-03-13,CUST1077,Divya,25,F,East,Sports,Football,9,3708.86,10,Cash,Delivered,1.1,2022,3,13
4539,ORD04540,2022-04-27,CUST0568,Asha,19,F,South,Furniture,Sofa,8,3842.97,0,Cash,Returned,3.3,2022,4,27
4541,ORD04542,2022-06-16,CUST1473,Suresh,52,M,Central,Food,Spices Pack,4,1858.84,0,Net Banking,Returned,1.1,2022,6,16
4542,ORD04543,2022-12-14,CUST1295,Ritu,23,F,North,Food,Cooking Oil,5,4094.1,0,Net Banking,Cancelled,1.2,2022,12,14
4544,ORD04545,2022-04-20,CUST1649,Vijay,60,M,North,Clothing,Jacket,8,327.6,0,Cash,Returned,4.0,2022,4,20
4546,ORD04547,2022-03-12,CUST0912,Meera,42,F,West,Books,Cookbook,4,4832.83,0,UPI,Pending,3.2,2022,3,12
4549,ORD04550,2022-06-11,CUST0393,Divya,36,F,West,Furniture,Chair,2,2381.49,20,Cash,Delivered,3.5,2022,6,11
4553,ORD04554,2022-12-17,CUST2368,Ritu,56,F,West,Food,Spices Pack,8,1025.18,0,Cash,Delivered,3.9,2022,12,17
4554,ORD04555,2022-06-15,CUST1650,Divya,31,F,Central,Electronics,Phone,1,669.33,5,Credit Card,Cancelled,4.5,2022,6,15
4556,ORD04557,2022-04-21,CUST2617,Arjun,57,M,West,Food,Cooking Oil,5,242.86,15,UPI,Delivered,3.3,2022,4,21
4557,ORD04558,2022-10-14,CUST0205,Arjun,27,M,North,Food,Dal 2kg,4,4117.67,10,Credit Card,Delivered,,2022,10,14
4561,ORD04562,2022-09-19,CUST1565,Amit,35,M,West,Clothing,Kurta,9,1096.4,20,Credit Card,Cancelled,2.2,2022,9,19
4562,ORD04563,2022-12-22,CUST0821,Karan,21,M,North,Electronics,Laptop,7,3217.54,15,UPI,Pending,3.2,2022,12,22
4564,ORD04565,2022-10-06,CUST2080,Ritu,60,F,North,Furniture,Bookshelf,5,3226.43,10,Cash,Pending,1.2,2022,10,6
4565,ORD04566,2022-03-11,CUST2968,Rahul,45,M,West,Books,Self-Help,9,2362.75,5,Debit Card,Cancelled,1.1,2022,3,11
4566,ORD04567,2022-03-24,CUST0602,Dev,33,M,North,Electronics,Headphones,10,1969.57,0,UPI,Cancelled,2.9,2022,3,24
4567,ORD04568,2022-01-03,CUST2957,Asha,24,F,West,Clothing,Saree,6,3039.16,20,Net Banking,Pending,3.7,2022,1,3
4568,ORD04569,2022-02-09,CUST2806,Suresh,19,M,South,Furniture,Bookshelf,3,877.1,5,Credit Card,Returned,4.5,2022,2,9
4570,ORD04571,2022-11-06,CUST1919,Priya,54,F,East,Toys,Board Game,3,1337.34,15,Cash,Pending,,2022,11,6
4573,ORD04574,2022-06-03,CUST0139,Nikhil,62,M,East,Food,Biscuits,1,4869.29,15,Credit Card,Delivered,2.9,2022,6,3
4574,ORD04575,2022-12-16,CUST2726,Dev,48,M,South,Sports,Football,1,3033.36,10,Debit Card,Delivered,1.4,2022,12,16
4576,ORD04577,2022-10-09,CUST1374,Divya,64,F,North,Food,Dal 2kg,8,4617.26,5,Cash,Pending,3.0,2022,10,9
4578,ORD04579,2022-12-20,CUST0525,Meera,26,F,North,Electronics,Headphones,7,4635.36,0,Debit Card,Cancelled,1.7,2022,12,20
4580,ORD04581,2022-10-14,CUST1410,Vijay,22,M,Central,Toys,LEGO Set,2,3556.34,5,Cash,Delivered,3.9,2022,10,14
4586,ORD04587,2022-09-01,CUST1046,Rohan,22,M,East,Electronics,Tablet,4,3204.75,20,Cash,Delivered,4.3,2022,9,1
4587,ORD04588,2022-03-23,CUST2326,Dev,52,M,Central,Sports,Football,4,315.83,5,Net Banking,Returned,2.9,2022,3,23
4590,ORD04591,2022-11-12,CUST2929,Rohan,47,M,East,Sports,Cricket Bat,4,4581.04,10,UPI,Pending,1.9,2022,11,12
4591,ORD04592,2022-07-30,CUST1528,Rohan,63,M,Central,Food,Spices Pack,5,4729.99,5,Debit Card,Pending,1.2,2022,7,30
4594,ORD04595,2022-05-02,CUST2200,Pooja,32,F,East,Furniture,Sofa,4,4732.55,20,Cash,Returned,4.2,2022,5,2
4598,ORD04599,2022-10-28,CUST1101,Rohan,44,M,West,Electronics,Laptop,8,3283.46,20,Credit Card,Returned,2.3,2022,10,28
4599,ORD04600,2022-01-26,CUST0789,Nikhil,39,M,Central,Books,Comics,8,4566.22,20,Debit Card,Returned,2.9,2022,1,26
4600,ORD04601,2022-04-27,CUST2931,Ravi,44,M,Central,Clothing,Jacket,10,4642.62,10,UPI,Pending,1.9,2022,4,27
4601,ORD04602,2022-12-26,CUST2033,Vijay,53,M,Central,Clothing,Jeans,5,2105.72,5,Cash,Cancelled,2.7,2022,12,26
4603,ORD04604,2022-12-30,CUST2454,Nikhil,28,M,Central,Books,Cookbook,7,1615.9,10,UPI,Delivered,1.9,2022,12,30
4605,ORD04606,2022-08-26,CUST2564,Karan,53,M,North,Clothing,Jeans,9,984.67,20,Credit Card,Delivered,,2022,8,26
4606,ORD04607,2022-01-18,CUST0120,Sneha,40,F,West,Electronics,Phone,10,2740.51,5,UPI,Cancelled,1.1,2022,1,18
4607,ORD04608,2022-03-20,CUST2383,Suresh,24,M,South,Sports,Yoga Mat,2,2069.57,0,Net Banking,Pending,2.7,2022,3,20
4608,ORD04609,2022-03-19,CUST1214,Nikhil,59,M,West,Sports,Badminton Set,9,208.77,10,Net Banking,Returned,2.2,2022,3,19
4610,ORD04611,2022-07-08,CUST2981,Divya,23,F,West,Toys,Doll,4,2140.78,0,Debit Card,Returned,1.6,2022,7,8
4611,ORD04612,2022-03-13,CUST1322,Amit,22,M,North,Toys,Board Game,3,4791.32,20,Cash,Cancelled,4.3,2022,3,13
4614,ORD04615,2022-07-30,CUST0851,Nisha,33,F,South,Sports,Football,10,1654.8,15,Credit Card,Delivered,4.4,2022,7,30
4615,ORD04616,2022-06-05,CUST0724,Rahul,41,M,South,Food,Dal 2kg,2,1936.66,15,Credit Card,Delivered,5.0,2022,6,5
4616,ORD04617,2022-04-22,CUST2408,Dev,40,M,South,Toys,LEGO Set,10,1476.22,0,Credit Card,Cancelled,,2022,4,22
4620,ORD04621,2022-04-11,CUST2229,Vijay,41,M,Central,Furniture,Chair,10,1170.86,20,UPI,Delivered,2.2,2022,4,11
4622,ORD04623,2022-03-10,CUST0186,Ritu,23,F,East,Toys,Puzzle,8,1834.76,15,Cash,Returned,2.2,2022,3,10
4623,ORD04624,2022-06-18,CUST0700,Ravi,19,M,North,Electronics,Laptop,6,176.85,15,Cash,Delivered,4.2,2022,6,18
4624,ORD04625,2022-09-19,CUST0563,Sneha,37,F,North,Toys,Doll,1,2980.89,5,Debit Card,Pending,1.1,2022,9,19
4628,ORD04629,2022-10-21,CUST2100,Nikhil,36,M,Central,Electronics,Tablet,4,2760.64,5,Net Banking,Delivered,4.9,2022,10,21
4630,ORD04631,2022-12-01,CUST2168,Arjun,52,M,North,Food,Dal 2kg,10,3430.38,0,Net Banking,Returned,4.8,2022,12,1
4636,ORD04637,2022-11-14,CUST0221,Rohan,41,M,East,Furniture,Bookshelf,7,4563.46,5,Net Banking,Cancelled,2.7,2022,11,14
4637,ORD04638,2022-07-16,CUST0910,Rohan,30,M,North,Electronics,Tablet,6,1715.32,10,Debit Card,Returned,1.7,2022,7,16
4639,ORD04640,2022-04-07,CUST2261,Arjun,46,M,North,Books,Self-Help,9,3026.9,20,Net Banking,Cancelled,3.8,2022,4,7
4640,ORD04641,2022-04-01,CUST2224,Asha,31,F,South,Books,Cookbook,5,4658.16,5,Debit Card,Delivered,1.1,2022,4,1
4641,ORD04642,2022-10-03,CUST1249,Arjun,30,M,Central,Clothing,Jacket,10,3743.35,0,Cash,Pending,,2022,10,3
4645,ORD04646,2022-04-05,CUST1911,Nisha,61,F,West,Food,Spices Pack,1,1760.78,20,Credit Card,Pending,4.7,2022,4,5
4647,ORD04648,2022-04-16,CUST2413,Rahul,48,M,East,Books,Textbook,7,4473.0,20,Debit Card,Pending,2.3,2022,4,16
4648,ORD04649,2022-04-03,CUST0288,Meera,18,F,East,Clothing,Jacket,3,2483.7,5,Cash,Cancelled,4.0,2022,4,3
4650,ORD04651,2022-01-23,CUST0543,Rahul,46,M,West,Toys,LEGO Set,1,884.06,5,Net Banking,Delivered,1.3,2022,1,23
4652,ORD04653,2022-03-21,CUST0226,Amit,60,M,East,Furniture,Table,8,1304.83,5,Net Banking,Delivered,3.5,2022,3,21
4655,ORD04656,2022-02-17,CUST0662,Suresh,63,M,East,Clothing,T-Shirt,10,4615.52,15,Cash,Pending,4.7,2022,2,17
4656,ORD04657,2022-10-12,CUST1597,Arjun,31,M,East,Electronics,Tablet,10,2256.72,5,Net Banking,Pending,2.2,2022,10,12
4657,ORD04658,2022-04-11,CUST0289,Meera,41,F,South,Sports,Yoga Mat,6,2859.9,5,Cash,Delivered,,2022,4,11
4658,ORD04659,2022-03-15,CUST2983,Karan,53,M,Central,Toys,Board Game,6,4691.45,20,Net Banking,Cancelled,2.7,2022,3,15
4660,ORD04661,2022-03-23,CUST0421,Ritu,21,F,North,Books,Comics,6,2275.46,5,Cash,Returned,3.2,2022,3,23
4661,ORD04662,2022-10-27,CUST0740,Pooja,32,F,West,Electronics,Headphones,4,330.41,0,UPI,Cancelled,,2022,10,27
4667,ORD04668,2022-01-20,CUST2523,Dev,43,M,North,Books,Novel,10,1402.39,5,Debit Card,Delivered,4.5,2022,1,20
4674,ORD04675,2022-07-25,CUST0756,Ritu,61,F,West,Food,Spices Pack,1,745.95,0,Debit Card,Returned,2.1,2022,7,25
4676,ORD04677,2022-06-28,CUST2196,Nisha,57,F,South,Electronics,Phone,3,3675.07,0,Credit Card,Returned,4.0,2022,6,28
4677,ORD04678,2022-10-09,CUST1623,Ravi,62,M,South,Books,Self-Help,7,4739.79,0,Net Banking,Returned,,2022,10,9
4678,ORD04679,2022-06-22,CUST2316,Vijay,53,M,East,Food,Biscuits,6,1055.06,15,Cash,Returned,1.0,2022,6,22
4680,ORD04681,2022-09-19,CUST2823,Rahul,21,M,Central,Clothing,Saree,6,3347.39,15,Debit Card,Returned,4.2,2022,9,19
4685,ORD04686,2022-04-07,CUST0880,Rahul,43,M,West,Clothing,Kurta,10,1124.79,5,UPI,Delivered,,2022,4,7
4691,ORD04692,2022-04-13,CUST2883,Nisha,25,F,Central,Electronics,Laptop,2,2193.16,0,Credit Card,Delivered,3.5,2022,4,13
4693,ORD04694,2022-06-10,CUST0799,Nikhil,22,M,East,Sports,Badminton Set,8,943.99,0,Credit Card,Delivered,,2022,6,10
4694,ORD04695,2022-01-05,CUST2176,Ravi,62,M,West,Food,Cooking Oil,3,2946.31,10,UPI,Returned,4.2,2022,1,5
4695,ORD04696,2022-05-21,CUST0280,Anita,51,F,Central,Books,Self-Help,3,3846.58,15,Debit Card,Cancelled,3.7,2022,5,21
4696,ORD04697,2022-08-04,CUST2997,Nikhil,40,M,West,Electronics,Tablet,5,1977.05,0,Credit Card,Delivered,4.7,2022,8,4
4697,ORD04698,2022-09-18,CUST1141,Pooja,19,F,West,Clothing,Jacket,3,4272.25,0,Debit Card,Delivered,1.4,2022,9,18
4698,ORD04699,2022-01-11,CUST0909,Nikhil,54,M,East,Books,Self-Help,5,3007.79,20,Cash,Cancelled,1.8,2022,1,11
4700,ORD04701,2022-02-20,CUST2053,Pooja,63,F,Central,Toys,LEGO Set,7,3635.33,10,UPI,Returned,2.1,2022,2,20
4704,ORD04705,2022-05-26,CUST2874,Nikhil,34,M,East,Sports,Badminton Set,1,1101.9,10,Cash,Returned,2.7,2022,5,26
4705,ORD04706,2022-01-14,CUST2344,Meera,50,F,South,Books,Textbook,2,1565.51,0,UPI,Delivered,,2022,1,14
4706,ORD04707,2022-07-16,CUST1200,Karan,43,M,Central,Toys,Board Game,2,3833.73,20,Credit Card,Pending,1.3,2022,7,16
4708,ORD04709,2022-12-06,CUST0867,Rahul,38,M,East,Sports,Cricket Bat,8,1821.72,20,UPI,Delivered,,2022,12,6
4709,ORD04710,2022-11-02,CUST2820,Nikhil,20,M,Central,Food,Rice 5kg,3,3640.11,20,UPI,Pending,3.9,2022,11,2
4711,ORD04712,2022-11-27,CUST0189,Anita,25,F,Central,Sports,Yoga Mat,2,2195.21,10,Credit Card,Delivered,1.9,2022,11,27
4712,ORD04713,2022-06-04,CUST0819,Priya,43,F,North,Clothing,Jeans,9,268.94,5,UPI,Pending,1.8,2022,6,4
4713,ORD04714,2022-03-17,CUST2235,Arjun,25,M,North,Sports,Football,2,3288.91,10,Credit Card,Pending,4.4,2022,3,17
4714,ORD04715,2022-08-29,CUST1536,Asha,31,F,Central,Furniture,Table,7,621.75,15,UPI,Pending,1.7,2022,8,29
4715,ORD04716,2022-08-18,CUST2721,Suresh,24,M,South,Food,Spices Pack,10,3014.28,15,Credit Card,Returned,,2022,8,18
4717,ORD04718,2022-01-15,CUST1194,Karan,44,M,North,Clothing,Kurta,5,4774.07,10,Cash,Delivered,1.0,2022,1,15
4720,ORD04721,2022-12-11,CUST0978,Arjun,50,M,West,Books,Comics,7,1869.23,5,Debit Card,Cancelled,2.0,2022,12,11
4721,ORD04722,2022-12-13,CUST0843,Vijay,20,M,Central,Clothing,Jacket,9,2458.1,0,Credit Card,Cancelled,,2022,12,13
4724,ORD04725,2022-06-15,CUST2097,Karan,65,M,South,Sports,Football,10,1175.33,10,Debit Card,Delivered,4.9,2022,6,15
4725,ORD04726,2022-06-29,CUST1250,Divya,47,F,West,Food,Biscuits,7,118.01,0,Credit Card,Cancelled,2.9,2022,6,29
4726,ORD04727,2022-06-12,CUST0636,Asha,35,F,East,Electronics,Phone,4,1719.23,20,Cash,Returned,3.4,2022,6,12
4727,ORD04728,2022-09-11,CUST2547,Priya,42,F,North,Furniture,Bed Frame,9,1595.75,20,Net Banking,Returned,1.9,2022,9,11
4728,ORD04729,2022-05-21,CUST2861,Kavya,65,F,Central,Sports,Football,4,3119.92,20,Net Banking,Pending,2.9,2022,5,21
4729,ORD04730,2022-07-16,CUST2223,Meera,44,F,Central,Toys,RC Car,7,3597.29,0,Net Banking,Pending,3.6,2022,7,16
4732,ORD04733,2022-10-18,CUST0477,Pooja,34,F,West,Clothing,Kurta,2,640.85,20,Credit Card,Returned,1.2,2022,10,18
4733,ORD04734,2022-12-28,CUST2797,Amit,60,M,Central,Books,Cookbook,7,595.82,5,UPI,Pending,3.2,2022,12,28
4738,ORD04739,2022-06-03,CUST2075,Rohan,54,M,West,Toys,Puzzle,3,3525.64,10,Cash,Returned,2.5,2022,6,3
4739,ORD04740,2022-11-18,CUST0695,Ritu,56,F,South,Electronics,Smartwatch,10,2588.5,20,Debit Card,Cancelled,2.4,2022,11,18
4740,ORD04741,2022-12-30,CUST1288,Priya,36,F,South,Clothing,Jacket,10,3976.47,10,Cash,Delivered,2.3,2022,12,30
4741,ORD04742,2022-04-24,CUST2822,Meera,61,F,Central,Books,Cookbook,8,4670.18,20,Net Banking,Cancelled,3.0,2022,4,24
4742,ORD04743,2022-08-09,CUST2566,Suresh,22,M,West,Books,Comics,4,2306.95,15,Credit Card,Pending,1.2,2022,8,9
4746,ORD04747,2022-07-06,CUST1922,Amit,42,M,North,Sports,Dumbbells,7,1693.4,10,Net Banking,Returned,3.1,2022,7,6
4747,ORD04748,2022-04-03,CUST1531,Meera,53,F,Central,Furniture,Chair,1,1267.23,10,Cash,Cancelled,,2022,4,3
4748,ORD04749,2022-10-03,CUST1823,Suresh,34,M,East,Food,Rice 5kg,8,477.75,20,Credit Card,Delivered,3.8,2022,10,3
4752,ORD04753,2022-07-30,CUST0225,Ritu,53,F,Central,Food,Rice 5kg,6,4028.92,5,Net Banking,Delivered,4.2,2022,7,30
4754,ORD04755,2022-04-08,CUST0939,Karan,29,M,Central,Books,Novel,7,1484.33,10,UPI,Delivered,,2022,4,8
4755,ORD04756,2022-10-07,CUST2315,Ravi,30,M,East,Books,Comics,1,2298.97,0,Cash,Delivered,3.1,2022,10,7
4760,ORD04761,2022-09-19,CUST2672,Rohan,62,M,Central,Books,Comics,5,4102.64,20,UPI,Pending,1.0,2022,9,19
4761,ORD04762,2022-06-22,CUST1968,Asha,48,F,North,Food,Spices Pack,10,3272.54,0,UPI,Cancelled,1.9,2022,6,22
4762,ORD04763,2022-03-20,CUST2524,Priya,22,F,North,Books,Textbook,9,2138.51,0,Debit Card,Delivered,2.8,2022,3,20
4763,ORD04764,2022-10-19,CUST2636,Suresh,35,M,East,Furniture,Bed Frame,1,607.07,0,UPI,Pending,3.0,2022,10,19
4764,ORD04765,2022-04-02,CUST0264,Kavya,54,F,East,Toys,Doll,6,2059.4,5,Credit Card,Delivered,4.6,2022,4,2
4769,ORD04770,2022-06-24,CUST0792,Arjun,47,M,East,Furniture,Bookshelf,4,487.6,0,Debit Card,Returned,2.3,2022,6,24
4774,ORD04775,2022-08-08,CUST0521,Arjun,31,M,Central,Toys,LEGO Set,3,2761.78,15,Credit Card,Pending,4.2,2022,8,8
4775,ORD04776,2022-07-04,CUST1582,Anita,51,F,South,Clothing,T-Shirt,7,4269.28,15,Net Banking,Returned,3.7,2022,7,4
4776,ORD04777,2022-06-24,CUST2811,Sneha,36,F,East,Sports,Dumbbells,1,3285.93,10,Net Banking,Delivered,2.3,2022,6,24
4778,ORD04779,2022-11-30,CUST2831,Rahul,52,M,East,Food,Spices Pack,3,520.01,20,Net Banking,Pending,2.2,2022,11,30
4779,ORD04780,2022-11-13,CUST2659,Priya,36,F,North,Food,Spices Pack,7,883.38,0,Net Banking,Returned,4.0,2022,11,13
4780,ORD04781,2022-02-26,CUST0905,Nikhil,32,M,West,Books,Self-Help,5,4224.47,15,Debit Card,Delivered,,2022,2,26
4787,ORD04788,2022-09-23,CUST0550,Sneha,60,F,East,Electronics,Laptop,7,1313.61,10,Debit Card,Delivered,2.0,2022,9,23
4788,ORD04789,2022-11-07,CUST1573,Kavya,27,F,East,Food,Biscuits,2,1179.19,0,Net Banking,Delivered,4.8,2022,11,7
4789,ORD04790,2022-03-24,CUST1557,Kavya,28,F,East,Books,Cookbook,4,87.85,20,Credit Card,Pending,3.0,2022,3,24
4792,ORD04793,2022-07-27,CUST1391,Asha,22,F,East,Food,Rice 5kg,4,4081.76,10,Cash,Cancelled,1.3,2022,7,27
4793,ORD04794,2022-06-13,CUST0331,Dev,59,M,Central,Sports,Cricket Bat,3,1592.14,10,Cash,Returned,,2022,6,13
4796,ORD04797,2022-09-26,CUST0792,Karan,33,M,North,Sports,Badminton Set,1,1005.54,15,Debit Card,Pending,3.8,2022,9,26
4800,ORD04801,2022-03-20,CUST2116,Suresh,55,M,North,Books,Comics,3,3713.21,5,Debit Card,Returned,1.3,2022,3,20
4801,ORD04802,2022-07-31,CUST2673,Dev,22,M,South,Furniture,Bed Frame,10,1105.63,5,Debit Card,Delivered,,2022,7,31
4803,ORD04804,2022-09-12,CUST2941,Kavya,53,F,North,Clothing,Jacket,9,2137.21,20,UPI,Cancelled,2.5,2022,9,12
4805,ORD04806,2022-01-29,CUST2392,Karan,29,M,West,Sports,Dumbbells,7,1395.37,10,Credit Card,Returned,4.8,2022,1,29
4808,ORD04809,2022-10-11,CUST2322,Suresh,30,M,South,Toys,RC Car,9,4259.01,10,Net Banking,Returned,2.7,2022,10,11
4809,ORD04810,2022-03-15,CUST2430,Ravi,42,M,West,Food,Dal 2kg,1,2558.65,0,Credit Card,Pending,2.4,2022,3,15
4810,ORD04811,2022-03-02,CUST2918,Divya,40,F,West,Furniture,Sofa,9,3353.76,20,Credit Card,Delivered,3.4,2022,3,2
4811,ORD04812,2022-06-30,CUST2624,Priya,39,F,Central,Furniture,Chair,2,1321.34,0,Net Banking,Delivered,1.9,2022,6,30
4813,ORD04814,2022-03-09,CUST1324,Ravi,46,M,East,Sports,Dumbbells,5,2692.41,15,Net Banking,Cancelled,3.0,2022,3,9
4816,ORD04817,2022-07-31,CUST1192,Karan,32,M,North,Food,Spices Pack,1,595.49,5,Net Banking,Returned,4.9,2022,7,31
4817,ORD04818,2022-12-31,CUST0596,Meera,43,F,North,Sports,Yoga Mat,4,528.16,20,Credit Card,Delivered,2.0,2022,12,31
4818,ORD04819,2022-08-02,CUST2879,Asha,51,F,East,Toys,RC Car,3,1936.51,5,Net Banking,Cancelled,1.2,2022,8,2
4819,ORD04820,2022-01-19,CUST2124,Divya,44,F,West,Clothing,T-Shirt,6,4203.28,5,Debit Card,Returned,1.4,2022,1,19
4821,ORD04822,2022-04-16,CUST2417,Dev,35,M,Central,Books,Textbook,8,443.9,10,Cash,Returned,4.0,2022,4,16
4822,ORD04823,2022-09-27,CUST0428,Divya,52,F,Central,Books,Textbook,5,1089.13,20,Net Banking,Returned,2.5,2022,9,27
4823,ORD04824,2022-04-24,CUST1832,Meera,29,F,West,Furniture,Table,8,1463.5,15,UPI,Cancelled,3.8,2022,4,24
4824,ORD04825,2022-05-12,CUST2101,Amit,24,M,South,Books,Cookbook,9,178.0,0,Credit Card,Pending,2.7,2022,5,12
4826,ORD04827,2022-07-19,CUST0134,Asha,43,F,South,Sports,Yoga Mat,2,1122.04,10,Cash,Cancelled,2.5,2022,7,19
4827,ORD04828,2022-10-20,CUST0064,Nisha,36,F,South,Toys,RC Car,5,3612.4,20,Credit Card,Delivered,,2022,10,20
4831,ORD04832,2022-03-25,CUST0614,Suresh,63,M,West,Furniture,Table,5,77.03,5,UPI,Cancelled,4.2,2022,3,25
4832,ORD04833,2022-07-02,CUST1348,Meera,19,F,East,Toys,RC Car,6,2085.28,5,UPI,Cancelled,3.6,2022,7,2
4833,ORD04834,2022-01-12,CUST2368,Asha,39,F,East,Toys,Board Game,5,2529.21,20,Net Banking,Pending,4.6,2022,1,12
4834,ORD04835,2022-08-18,CUST2711,Rahul,46,M,North,Electronics,Phone,9,4973.85,5,UPI,Returned,5.0,2022,8,18
4835,ORD04836,2022-09-09,CUST0730,Kavya,60,F,East,Books,Cookbook,9,347.69,0,Debit Card,Returned,2.8,2022,9,9
4836,ORD04837,2022-11-21,CUST1379,Priya,32,F,West,Toys,Board Game,7,3054.27,15,UPI,Delivered,3.1,2022,11,21
4838,ORD04839,2022-08-31,CUST0782,Vijay,47,M,Central,Food,Dal 2kg,1,1193.04,0,Credit Card,Delivered,3.9,2022,8,31
4839,ORD04840,2022-06-01,CUST1484,Asha,38,F,East,Food,Rice 5kg,10,3452.55,10,Credit Card,Cancelled,1.9,2022,6,1
4840,ORD04841,2022-05-17,CUST1228,Vijay,35,M,Central,Toys,LEGO Set,1,3459.68,20,Credit Card,Returned,4.2,2022,5,17
4843,ORD04844,2022-05-04,CUST2793,Amit,26,M,Central,Electronics,Phone,4,935.52,5,UPI,Delivered,3.3,2022,5,4
4844,ORD04845,2022-04-13,CUST2530,Sneha,23,F,West,Furniture,Table,6,229.3,5,Credit Card,Delivered,4.1,2022,4,13
4845,ORD04846,2022-04-05,CUST2502,Rohan,48,M,Central,Toys,Board Game,6,1157.14,5,UPI,Returned,,2022,4,5
4847,ORD04848,2022-04-21,CUST0857,Divya,64,F,North,Clothing,T-Shirt,2,2993.21,0,Net Banking,Cancelled,4.2,2022,4,21
4848,ORD04849,2022-11-05,CUST2294,Amit,51,M,South,Books,Comics,2,4720.62,0,Credit Card,Cancelled,4.6,2022,11,5
4850,ORD04851,2022-02-22,CUST1552,Rohan,40,M,West,Furniture,Table,6,4931.57,5,Net Banking,Delivered,3.6,2022,2,22
4851,ORD04852,2022-11-15,CUST0397,Pooja,32,F,North,Toys,LEGO Set,3,2346.39,20,UPI,Cancelled,3.8,2022,11,15
4852,ORD04853,2022-11-13,CUST0179,Karan,47,M,South,Toys,Doll,4,3260.67,5,Credit Card,Cancelled,3.3,2022,11,13
4855,ORD04856,2022-09-26,CUST0074,Karan,44,M,North,Toys,Puzzle,3,871.52,20,UPI,Pending,3.5,2022,9,26
4856,ORD04857,2022-12-16,CUST2510,Arjun,47,M,North,Sports,Cricket Bat,5,4506.58,0,Net Banking,Returned,2.7,2022,12,16
4857,ORD04858,2022-08-17,CUST0923,Vijay,30,M,Central,Furniture,Bed Frame,9,521.37,5,UPI,Returned,5.0,2022,8,17
4860,ORD04861,2022-09-21,CUST1416,Divya,20,F,East,Food,Biscuits,6,440.92,15,UPI,Pending,4.1,2022,9,21
4862,ORD04863,2022-08-31,CUST1373,Ritu,60,F,Central,Food,Spices Pack,3,959.53,20,Net Banking,Pending,3.5,2022,8,31
4867,ORD04868,2022-10-20,CUST1598,Priya,64,F,West,Furniture,Sofa,6,3605.24,20,Cash,Pending,2.1,2022,10,20
4869,ORD04870,2022-11-14,CUST0871,Divya,33,F,West,Books,Self-Help,6,4514.82,15,UPI,Pending,,2022,11,14
4872,ORD04873,2022-08-17,CUST0229,Pooja,25,F,North,Furniture,Sofa,2,2523.74,5,Net Banking,Cancelled,2.7,2022,8,17
4873,ORD04874,2022-02-07,CUST2831,Divya,24,F,West,Toys,LEGO Set,6,1112.86,10,UPI,Pending,4.7,2022,2,7
4875,ORD04876,2022-05-14,CUST0732,Priya,27,F,West,Clothing,Saree,4,3323.08,10,Credit Card,Returned,2.7,2022,5,14
4878,ORD04879,2022-06-11,CUST2701,Pooja,65,F,South,Books,Novel,7,1312.98,5,Cash,Pending,4.8,2022,6,11
4884,ORD04885,2022-03-18,CUST2766,Priya,24,F,South,Toys,RC Car,5,533.46,15,Credit Card,Cancelled,3.5,2022,3,18
4885,ORD04886,2022-04-01,CUST0053,Karan,36,M,Central,Food,Biscuits,6,1009.41,15,Credit Card,Delivered,4.0,2022,4,1
4889,ORD04890,2022-02-18,CUST0344,Ravi,44,M,South,Food,Dal 2kg,7,1180.16,5,Net Banking,Cancelled,1.6,2022,2,18
4892,ORD04893,2022-09-03,CUST0709,Divya,19,F,East,Clothing,T-Shirt,4,1346.32,5,Net Banking,Pending,2.8,2022,9,3
4893,ORD04894,2022-07-11,CUST0546,Amit,60,M,Central,Clothing,Kurta,7,62.9,20,Net Banking,Delivered,2.8,2022,7,11
4894,ORD04895,2022-08-27,CUST0206,Ravi,48,M,West,Food,Dal 2kg,5,4001.87,10,Debit Card,Delivered,3.7,2022,8,27
4897,ORD04898,2022-07-14,CUST1635,Amit,49,M,South,Toys,Doll,3,1104.61,5,Net Banking,Pending,,2022,7,14
4898,ORD04899,2022-07-22,CUST1114,Kavya,26,F,North,Electronics,Smartwatch,2,2084.81,0,Net Banking,Returned,1.8,2022,7,22
4899,ORD04900,2022-12-05,CUST2575,Asha,22,F,West,Books,Novel,5,726.35,20,Debit Card,Returned,4.6,2022,12,5
4901,ORD04902,2022-02-25,CUST0856,Divya,48,F,North,Books,Self-Help,9,687.09,5,Cash,Cancelled,4.0,2022,2,25
4902,ORD04903,2022-01-18,CUST1524,Meera,61,F,West,Toys,Puzzle,5,1199.43,10,Credit Card,Pending,4.4,2022,1,18
4906,ORD04907,2022-07-05,CUST0982,Pooja,56,F,West,Toys,Puzzle,1,4786.5,10,UPI,Pending,3.4,2022,7,5
4908,ORD04909,2022-03-05,CUST2878,Asha,37,F,East,Electronics,Tablet,8,3277.02,20,UPI,Returned,3.7,2022,3,5
4910,ORD04911,2022-12-21,CUST2133,Dev,43,M,Central,Sports,Football,2,3885.0,0,UPI,Cancelled,2.9,2022,12,21
4911,ORD04912,2022-03-06,CUST2260,Dev,61,M,West,Food,Rice 5kg,7,1645.39,15,UPI,Delivered,3.6,2022,3,6
4912,ORD04913,2022-07-02,CUST0131,Karan,29,M,East,Furniture,Bookshelf,4,4404.55,15,Net Banking,Cancelled,2.7,2022,7,2
4916,ORD04917,2022-06-18,CUST2088,Arjun,19,M,East,Electronics,Laptop,6,2981.44,0,Net Banking,Returned,3.8,2022,6,18
4917,ORD04918,2022-11-20,CUST2942,Arjun,24,M,North,Toys,Doll,3,1399.69,15,Net Banking,Returned,4.0,2022,11,20
4920,ORD04921,2022-08-25,CUST2917,Amit,61,M,East,Sports,Dumbbells,2,2851.71,20,Credit Card,Returned,2.1,2022,8,25
4922,ORD04923,2022-11-03,CUST1029,Dev,57,M,South,Toys,RC Car,9,1486.39,0,Debit Card,Cancelled,2.4,2022,11,3
4924,ORD04925,2022-06-27,CUST0213,Anita,51,F,North,Toys,Doll,4,2467.71,5,Debit Card,Pending,3.6,2022,6,27
4925,ORD04926,2022-01-25,CUST1916,Meera,32,F,East,Sports,Dumbbells,1,3851.26,5,Debit Card,Delivered,1.6,2022,1,25
4928,ORD04929,2022-10-25,CUST0628,Vijay,57,M,South,Toys,Doll,6,2057.2,10,Credit Card,Cancelled,2.7,2022,10,25
4930,ORD04931,2022-08-28,CUST2976,Rahul,26,M,East,Sports,Badminton Set,6,2443.72,10,Net Banking,Pending,4.5,2022,8,28
4932,ORD04933,2022-12-03,CUST0363,Arjun,41,M,Central,Toys,Board Game,2,2531.1,15,Debit Card,Delivered,3.0,2022,12,3
4933,ORD04934,2022-02-28,CUST2356,Sneha,41,F,West,Clothing,Kurta,4,2359.16,10,Credit Card,Pending,2.9,2022,2,28
4934,ORD04935,2022-09-22,CUST0287,Sneha,54,F,East,Toys,LEGO Set,1,4766.75,0,Credit Card,Cancelled,3.8,2022,9,22
4935,ORD04936,2022-07-18,CUST2220,Divya,44,F,North,Sports,Badminton Set,10,240.33,0,UPI,Cancelled,4.7,2022,7,18
4937,ORD04938,2022-05-30,CUST1517,Amit,44,M,South,Books,Comics,8,70.43,0,Debit Card,Returned,1.1,2022,5,30
4938,ORD04939,2022-04-07,CUST0580,Divya,24,F,East,Sports,Football,4,1969.23,0,Debit Card,Cancelled,1.9,2022,4,7
4940,ORD04941,2022-07-11,CUST1155,Karan,46,M,Central,Sports,Cricket Bat,4,3713.2,20,Debit Card,Returned,2.0,2022,7,11
4942,ORD04943,2022-11-24,CUST2171,Dev,48,M,North,Sports,Football,4,3112.92,15,UPI,Pending,4.1,2022,11,24
4943,ORD04944,2022-07-16,CUST0826,Meera,44,F,Central,Electronics,Tablet,5,2457.14,10,Credit Card,Cancelled,4.9,2022,7,16
4944,ORD04945,2022-10-12,CUST1925,Vijay,24,M,West,Books,Comics,10,3089.59,0,Debit Card,Cancelled,1.1,2022,10,12
4945,ORD04946,2022-01-01,CUST1284,Pooja,37,F,East,Toys,RC Car,4,3457.9,0,Net Banking,Pending,4.1,2022,1,1
4946,ORD04947,2022-08-01,CUST2819,Arjun,54,M,East,Toys,RC Car,4,2356.88,15,Cash,Cancelled,2.6,2022,8,1
4947,ORD04948,2022-06-17,CUST2424,Ravi,38,M,North,Food,Spices Pack,10,4749.31,0,UPI,Returned,2.5,2022,6,17
4948,ORD04949,2022-12-21,CUST0966,Ritu,37,F,North,Clothing,T-Shirt,1,2919.97,5,Cash,Cancelled,3.0,2022,12,21
4953,ORD04954,2022-03-01,CUST1989,Priya,24,F,Central,Furniture,Chair,1,3301.13,0,UPI,Returned,3.4,2022,3,1
4954,ORD04955,2022-01-07,CUST1276,Sneha,48,F,Central,Sports,Cricket Bat,8,2440.49,10,Net Banking,Pending,3.2,2022,1,7
4955,ORD04956,2022-11-27,CUST1725,Amit,37,M,South,Toys,LEGO Set,6,3700.81,10,Cash,Returned,4.0,2022,11,27
4956,ORD04957,2022-09-16,CUST2262,Nikhil,53,M,West,Toys,Puzzle,1,250.63,15,Debit Card,Returned,4.4,2022,9,16
4959,ORD04960,2022-01-23,CUST0705,Vijay,57,M,Central,Clothing,T-Shirt,7,1496.91,5,Cash,Cancelled,2.7,2022,1,23
4960,ORD04961,2022-07-05,CUST2860,Rohan,29,M,Central,Books,Comics,2,3631.65,0,Net Banking,Returned,3.8,2022,7,5
4963,ORD04964,2022-11-30,CUST1341,Kavya,26,F,West,Furniture,Bed Frame,2,680.85,0,Credit Card,Delivered,1.6,2022,11,30
4964,ORD04965,2022-01-17,CUST2300,Amit,60,M,North,Sports,Cricket Bat,3,4593.29,5,Credit Card,Returned,3.1,2022,1,17
4965,ORD04966,2022-12-25,CUST0390,Amit,21,M,North,Clothing,Jacket,4,3744.59,15,Credit Card,Cancelled,4.8,2022,12,25
4967,ORD04968,2022-11-27,CUST2868,Dev,37,M,North,Toys,RC Car,2,462.39,0,Cash,Returned,,2022,11,27
4969,ORD04970,2022-01-09,CUST1165,Suresh,56,M,South,Sports,Cricket Bat,10,2450.84,20,Net Banking,Delivered,3.4,2022,1,9
4973,ORD04974,2022-07-17,CUST2649,Nisha,42,F,East,Electronics,Smartwatch,2,4473.92,20,Credit Card,Pending,2.7,2022,7,17
4975,ORD04976,2022-04-16,CUST0136,Divya,33,F,North,Clothing,Saree,2,338.83,15,Net Banking,Returned,2.1,2022,4,16
4976,ORD04977,2022-03-09,CUST1913,Kavya,52,F,North,Sports,Yoga Mat,9,762.53,20,Credit Card,Cancelled,4.3,2022,3,9
4977,ORD04978,2022-11-22,CUST1341,Anita,38,F,North,Furniture,Bed Frame,1,357.38,20,Net Banking,Pending,3.9,2022,11,22
4978,ORD04979,2022-10-15,CUST1638,Ravi,43,M,South,Food,Spices Pack,4,3825.43,10,Net Banking,Returned,3.4,2022,10,15
4981,ORD04982,2022-09-06,CUST2758,Nikhil,58,M,West,Electronics,Laptop,2,1064.89,0,Debit Card,Cancelled,4.9,2022,9,6
4985,ORD04986,2022-09-27,CUST0711,Arjun,35,M,North,Books,Cookbook,5,176.5,0,Net Banking,Delivered,3.3,2022,9,27
4986,ORD04987,2022-08-23,CUST0061,Pooja,39,F,South,Clothing,Jeans,8,2871.92,15,Cash,Delivered,,2022,8,23
4988,ORD04989,2022-05-04,CUST1468,Amit,21,M,South,Clothing,Saree,5,3561.56,15,Net Banking,Delivered,4.7,2022,5,4
4990,ORD04991,2022-02-19,CUST1744,Karan,61,M,West,Toys,Doll,7,4685.44,5,Debit Card,Pending,4.7,2022,2,19
4993,ORD04994,2022-03-22,CUST0321,Karan,32,M,East,Electronics,Laptop,1,4388.95,20,Net Banking,Delivered,3.1,2022,3,22
4995,ORD04996,2022-03-21,CUST2822,Divya,21,F,West,Electronics,Headphones,2,3267.85,15,UPI,Pending,2.4,2022,3,21
4996,ORD04997,2022-09-30,CUST0808,Rohan,35,M,East,Electronics,Headphones,9,839.86,15,UPI,Returned,4.1,2022,9,30
4998,ORD04999,2022-07-19,CUST2208,Divya,45,F,Central,Furniture,Table,6,2474.74,0,Cash,Returned,3.0,2022,7,19
4999,ORD05000,2022-12-03,CUST0014,Rahul,24,M,North,Furniture,Table,9,3683.23,15,Cash,Cancelled,1.9,2022,12,3
5005,ORD05006,2022-05-05,CUST0268,Meera,62,F,Central,Electronics,Tablet,6,2397.27,5,Credit Card,Returned,4.8,2022,5,5
5006,ORD05007,2022-06-13,CUST2970,Asha,29,F,South,Clothing,Kurta,1,885.66,20,Credit Card,Cancelled,2.7,2022,6,13
5007,ORD05008,2022-07-13,CUST2418,Amit,36,M,Central,Clothing,Jacket,1,4076.84,5,UPI,Returned,3.1,2022,7,13
5011,ORD05012,2022-11-14,CUST1522,Kavya,38,F,East,Toys,Doll,5,2490.5,0,Net Banking,Delivered,3.7,2022,11,14
5016,ORD05017,2022-09-29,CUST0121,Rahul,62,M,West,Furniture,Chair,7,3029.67,20,Cash,Cancelled,3.0,2022,9,29
5017,ORD05018,2022-05-11,CUST1017,Arjun,37,M,North,Clothing,T-Shirt,9,1891.9,20,UPI,Pending,1.3,2022,5,11
5018,ORD05019,2022-01-21,CUST0699,Meera,37,F,North,Sports,Dumbbells,6,4951.38,20,Credit Card,Delivered,2.9,2022,1,21
5019,ORD05020,2022-11-30,CUST0384,Nisha,27,F,West,Food,Rice 5kg,5,2980.72,5,Net Banking,Delivered,1.5,2022,11,30
5021,ORD05022,2022-02-26,CUST0588,Amit,42,M,South,Books,Cookbook,8,1425.97,0,Debit Card,Pending,2.0,2022,2,26
5022,ORD05023,2022-11-24,CUST2429,Vijay,35,M,East,Clothing,Saree,7,255.3,5,Cash,Pending,4.9,2022,11,24
5024,ORD05025,2022-12-05,CUST1450,Nikhil,51,M,South,Electronics,Phone,3,723.89,15,UPI,Pending,3.0,2022,12,5
5026,ORD05027,2022-12-31,CUST0660,Ravi,26,M,Central,Electronics,Phone,10,2214.76,5,Debit Card,Returned,3.0,2022,12,31
5028,ORD05029,2022-12-18,CUST1277,Pooja,36,F,East,Sports,Badminton Set,2,1414.17,10,UPI,Returned,3.9,2022,12,18
5029,ORD05030,2022-08-25,CUST2184,Kavya,31,F,South,Furniture,Table,7,2832.66,5,Net Banking,Pending,4.2,2022,8,25
5030,ORD05031,2022-08-26,CUST0313,Pooja,24,F,West,Books,Textbook,8,2729.8,0,UPI,Returned,1.8,2022,8,26
5032,ORD05033,2022-08-17,CUST0928,Arjun,32,M,East,Electronics,Tablet,10,3245.87,20,Net Banking,Returned,4.2,2022,8,17
5033,ORD05034,2022-11-09,CUST2896,Nisha,64,F,South,Electronics,Laptop,4,1709.38,20,UPI,Delivered,4.1,2022,11,9
5034,ORD05035,2022-05-16,CUST1865,Suresh,32,M,Central,Furniture,Table,3,166.96,5,Cash,Returned,,2022,5,16
5039,ORD05040,2022-07-21,CUST2831,Amit,43,M,Central,Toys,Doll,1,4245.19,10,Credit Card,Delivered,1.9,2022,7,21
5040,ORD05041,2022-10-28,CUST1033,Divya,44,F,East,Food,Rice 5kg,2,1727.83,15,Debit Card,Returned,4.1,2022,10,28
5044,ORD05045,2022-06-15,CUST0594,Rohan,33,M,West,Books,Novel,5,4373.27,10,Credit Card,Cancelled,4.3,2022,6,15
5049,ORD05050,2022-08-22,CUST1878,Karan,41,M,North,Electronics,Headphones,7,4065.4,5,Debit Card,Pending,4.9,2022,8,22
5051,ORD05052,2022-07-24,CUST2694,Asha,38,F,West,Furniture,Bookshelf,4,3692.81,15,UPI,Pending,1.6,2022,7,24
5052,ORD05053,2022-04-15,CUST2518,Nikhil,53,M,Central,Clothing,Kurta,2,2247.39,0,Credit Card,Delivered,4.2,2022,4,15
5054,ORD05055,2022-05-15,CUST0069,Ravi,25,M,East,Toys,Doll,3,1177.09,10,UPI,Returned,2.2,2022,5,15
5056,ORD05057,2022-11-15,CUST2097,Meera,54,F,South,Clothing,Jacket,3,667.36,20,Debit Card,Delivered,3.5,2022,11,15
5061,ORD05062,2022-07-16,CUST1013,Pooja,41,F,South,Books,Cookbook,3,252.14,0,Debit Card,Delivered,2.5,2022,7,16
5062,ORD05063,2022-10-22,CUST1283,Arjun,28,M,North,Clothing,Jacket,3,4392.1,0,Net Banking,Delivered,2.5,2022,10,22
5063,ORD05064,2022-07-17,CUST0195,Pooja,27,F,North,Clothing,Saree,8,2300.03,20,Cash,Delivered,4.2,2022,7,17
5064,ORD05065,2022-01-29,CUST0365,Kavya,41,F,South,Clothing,T-Shirt,8,2344.99,0,Cash,Returned,1.5,2022,1,29
5065,ORD05066,2022-01-11,CUST0661,Priya,49,F,North,Toys,Board Game,10,1727.24,10,Debit Card,Delivered,2.7,2022,1,11
5066,ORD05067,2022-10-10,CUST1594,Nikhil,46,M,West,Clothing,T-Shirt,10,2695.74,10,UPI,Cancelled,1.2,2022,10,10
5067,ORD05068,2022-12-23,CUST1644,Rohan,38,M,East,Toys,LEGO Set,7,1646.75,15,Net Banking,Returned,,2022,12,23
5070,ORD05071,2022-11-01,CUST2674,Dev,31,M,West,Toys,LEGO Set,3,1011.06,10,Credit Card,Cancelled,4.8,2022,11,1
5075,ORD05076,2022-12-20,CUST0179,Nisha,51,F,Central,Furniture,Sofa,2,3118.85,10,Credit Card,Cancelled,4.8,2022,12,20
5077,ORD05078,2022-11-27,CUST0128,Suresh,35,M,South,Toys,Doll,4,1919.58,10,Cash,Returned,1.7,2022,11,27
5080,ORD05081,2022-04-12,CUST0255,Ritu,43,F,North,Books,Novel,7,131.26,20,Cash,Returned,2.8,2022,4,12
5081,ORD05082,2022-02-22,CUST2494,Ravi,43,M,East,Sports,Dumbbells,8,381.3,15,Credit Card,Delivered,3.0,2022,2,22
5083,ORD05084,2022-11-14,CUST1689,Priya,55,F,East,Electronics,Headphones,6,2021.88,5,Credit Card,Returned,1.5,2022,11,14
5084,ORD05085,2022-06-29,CUST1126,Anita,29,F,South,Furniture,Table,9,3638.07,0,Debit Card,Pending,1.4,2022,6,29
5085,ORD05086,2022-08-04,CUST2487,Meera,35,F,Central,Furniture,Bed Frame,8,2631.25,0,Credit Card,Pending,3.1,2022,8,4
5088,ORD05089,2022-04-03,CUST1235,Rohan,55,M,East,Clothing,Saree,3,1906.6,5,Net Banking,Delivered,5.0,2022,4,3
5089,ORD05090,2022-04-22,CUST2229,Asha,39,F,South,Electronics,Smartwatch,3,3138.21,5,Cash,Returned,3.6,2022,4,22
5090,ORD05091,2022-03-23,CUST1979,Amit,55,M,West,Electronics,Tablet,3,4250.02,0,Credit Card,Pending,4.9,2022,3,23
5091,ORD05092,2022-11-18,CUST1270,Amit,33,M,South,Toys,Doll,1,1924.87,0,Debit Card,Pending,3.3,2022,11,18
5094,ORD05095,2022-06-01,CUST0472,Nikhil,42,M,South,Books,Cookbook,9,1025.65,20,Debit Card,Delivered,1.2,2022,6,1
5098,ORD05099,2022-08-04,CUST2580,Kavya,59,F,West,Books,Cookbook,10,4649.77,10,Credit Card,Delivered,3.8,2022,8,4
5100,ORD05101,2022-09-30,CUST2560,Ravi,47,M,West,Books,Comics,10,766.7,20,Credit Card,Cancelled,4.5,2022,9,30
5101,ORD05102,2022-04-06,CUST0643,Anita,21,F,West,Electronics,Smartwatch,6,2343.68,0,Cash,Cancelled,4.4,2022,4,6
5102,ORD05103,2022-12-11,CUST0677,Divya,54,F,North,Food,Spices Pack,8,4461.89,20,Cash,Pending,2.3,2022,12,11
5104,ORD05105,2022-12-19,CUST0641,Sneha,25,F,East,Food,Biscuits,1,2021.66,5,Credit Card,Delivered,1.9,2022,12,19
5110,ORD05111,2022-07-09,CUST2926,Pooja,37,F,West,Sports,Football,4,3866.04,20,UPI,Pending,2.2,2022,7,9
5111,ORD05112,2022-05-20,CUST2289,Pooja,56,F,West,Food,Cooking Oil,2,354.95,0,UPI,Returned,4.5,2022,5,20
5112,ORD05113,2022-06-30,CUST2539,Nisha,24,F,West,Furniture,Chair,5,2640.75,0,UPI,Returned,2.4,2022,6,30
5115,ORD05116,2022-10-16,CUST1282,Dev,20,M,North,Books,Cookbook,2,724.98,20,Credit Card,Returned,2.8,2022,10,16
5116,ORD05117,2022-02-27,CUST2329,Rohan,37,M,North,Food,Rice 5kg,5,3331.42,20,Credit Card,Cancelled,,2022,2,27
5117,ORD05118,2022-07-27,CUST0397,Meera,25,F,North,Sports,Cricket Bat,10,915.91,20,Debit Card,Cancelled,3.3,2022,7,27
5120,ORD05121,2022-02-26,CUST1037,Amit,43,M,East,Books,Cookbook,3,2444.61,0,Cash,Cancelled,3.1,2022,2,26
5122,ORD05123,2022-11-24,CUST1192,Ritu,37,F,South,Clothing,Jacket,9,1944.0,10,Credit Card,Returned,4.8,2022,11,24
5124,ORD05125,2022-11-01,CUST0546,Divya,36,F,Central,Electronics,Smartwatch,5,1961.55,15,Credit Card,Delivered,,2022,11,1
5127,ORD05128,2022-09-13,CUST0795,Vijay,42,M,South,Electronics,Tablet,1,4011.54,15,Debit Card,Delivered,4.4,2022,9,13
5128,ORD05129,2022-01-27,CUST1588,Ritu,23,F,Central,Sports,Cricket Bat,2,3957.09,5,Net Banking,Cancelled,5.0,2022,1,27
5132,ORD05133,2022-09-23,CUST1697,Pooja,65,F,North,Clothing,Jacket,10,3124.12,20,Net Banking,Pending,3.0,2022,9,23
5133,ORD05134,2022-05-12,CUST0434,Karan,26,M,West,Food,Biscuits,6,4628.22,0,Debit Card,Cancelled,,2022,5,12
5136,ORD05137,2022-03-11,CUST2985,Nikhil,26,M,West,Sports,Yoga Mat,5,835.93,10,Credit Card,Delivered,,2022,3,11
5138,ORD05139,2022-06-15,CUST1844,Kavya,46,F,South,Toys,Doll,7,3783.94,10,Credit Card,Delivered,2.7,2022,6,15
5147,ORD05148,2022-04-12,CUST2634,Ravi,41,M,North,Books,Novel,9,2502.39,10,Net Banking,Pending,4.4,2022,4,12
5149,ORD05150,2022-11-28,CUST0306,Priya,63,F,West,Toys,RC Car,4,2032.77,10,Credit Card,Delivered,,2022,11,28
5154,ORD05155,2022-09-18,CUST0215,Ritu,50,F,West,Food,Rice 5kg,4,4481.91,0,Cash,Returned,,2022,9,18
5155,ORD05156,2022-02-02,CUST2440,Nisha,23,F,South,Books,Self-Help,2,1444.38,15,Credit Card,Returned,4.7,2022,2,2
5158,ORD05159,2022-04-03,CUST1540,Amit,23,M,East,Toys,LEGO Set,2,3199.92,0,UPI,Pending,1.6,2022,4,3
5159,ORD05160,2022-02-23,CUST2136,Arjun,52,M,West,Books,Self-Help,2,3245.8,0,Net Banking,Pending,2.4,2022,2,23
5161,ORD05162,2022-04-20,CUST0319,Divya,37,F,East,Food,Rice 5kg,4,2456.98,20,Debit Card,Cancelled,1.7,2022,4,20
5165,ORD05166,2022-07-28,CUST2343,Anita,61,F,South,Food,Rice 5kg,1,4518.35,0,Credit Card,Returned,3.5,2022,7,28
5166,ORD05167,2022-02-20,CUST2803,Rohan,38,M,West,Furniture,Bed Frame,9,3904.0,0,Credit Card,Pending,3.0,2022,2,20
5169,ORD05170,2022-05-18,CUST0399,Divya,21,F,South,Electronics,Phone,3,1979.27,15,Credit Card,Pending,2.4,2022,5,18
5170,ORD05171,2022-06-16,CUST1968,Rahul,44,M,Central,Sports,Yoga Mat,1,1232.03,0,Net Banking,Cancelled,2.9,2022,6,16
5172,ORD05173,2022-12-16,CUST0831,Sneha,34,F,South,Clothing,Jacket,9,1726.78,0,UPI,Delivered,2.8,2022,12,16
5175,ORD05176,2022-03-07,CUST1715,Nikhil,35,M,North,Sports,Football,5,4914.13,0,Net Banking,Pending,1.5,2022,3,7
5176,ORD05177,2022-12-20,CUST1656,Nikhil,54,M,West,Toys,RC Car,4,3544.39,0,UPI,Delivered,4.0,2022,12,20
5177,ORD05178,2022-12-14,CUST1010,Asha,57,F,South,Clothing,Saree,9,923.41,5,Credit Card,Delivered,4.9,2022,12,14
5180,ORD05181,2022-08-27,CUST0986,Arjun,58,M,Central,Clothing,Kurta,10,1885.77,0,Debit Card,Cancelled,,2022,8,27
5181,ORD05182,2022-01-10,CUST1458,Kavya,42,F,West,Food,Biscuits,5,547.02,5,UPI,Pending,2.9,2022,1,10
5182,ORD05183,2022-06-09,CUST2082,Arjun,41,M,North,Books,Self-Help,1,3056.89,10,Net Banking,Delivered,2.7,2022,6,9
5183,ORD05184,2022-09-29,CUST0323,Amit,37,M,East,Clothing,T-Shirt,10,4993.42,10,UPI,Delivered,1.8,2022,9,29
5184,ORD05185,2022-09-15,CUST2328,Vijay,26,M,South,Furniture,Sofa,2,1745.93,15,Net Banking,Delivered,2.5,2022,9,15
5185,ORD05186,2022-10-28,CUST2492,Rahul,60,M,West,Furniture,Sofa,5,437.11,0,Debit Card,Returned,2.5,2022,10,28
5188,ORD05189,2022-03-03,CUST1024,Pooja,59,F,North,Toys,RC Car,5,3987.46,0,Cash,Returned,3.7,2022,3,3
5189,ORD05190,2022-06-19,CUST2810,Nikhil,58,M,East,Food,Biscuits,3,1147.19,15,Credit Card,Returned,2.2,2022,6,19
5190,ORD05191,2022-11-25,CUST0620,Ravi,38,M,South,Furniture,Bookshelf,5,4793.49,20,Net Banking,Cancelled,4.6,2022,11,25
5192,ORD05193,2022-12-30,CUST2342,Nikhil,55,M,North,Electronics,Tablet,6,1182.47,10,Debit Card,Delivered,3.0,2022,12,30
5194,ORD05195,2022-03-25,CUST1749,Amit,24,M,West,Clothing,T-Shirt,9,4110.26,5,Net Banking,Returned,1.4,2022,3,25
5197,ORD05198,2022-09-09,CUST0218,Rahul,21,M,Central,Food,Spices Pack,9,1493.99,10,Net Banking,Cancelled,4.2,2022,9,9
5198,ORD05199,2022-09-12,CUST0599,Nisha,33,F,South,Sports,Cricket Bat,6,4249.14,20,Debit Card,Returned,2.5,2022,9,12
5200,ORD05201,2022-06-03,CUST1675,Asha,29,F,Central,Sports,Dumbbells,6,304.52,5,Credit Card,Cancelled,3.4,2022,6,3
5201,ORD05202,2022-05-13,CUST2512,Sneha,59,F,West,Furniture,Bed Frame,3,1854.03,5,Net Banking,Returned,,2022,5,13
5202,ORD05203,2022-02-08,CUST2253,Sneha,36,F,North,Food,Rice 5kg,8,105.81,5,Net Banking,Pending,,2022,2,8
5203,ORD05204,2022-11-25,CUST0260,Vijay,49,M,Central,Clothing,Saree,3,3412.44,20,UPI,Cancelled,1.9,2022,11,25
5205,ORD05206,2022-02-10,CUST0502,Ritu,63,F,Central,Toys,Puzzle,8,4120.41,20,Debit Card,Pending,2.8,2022,2,10
5207,ORD05208,2022-05-25,CUST1624,Dev,37,M,East,Clothing,Jacket,1,2201.84,15,Credit Card,Pending,3.7,2022,5,25
5208,ORD05209,2022-10-10,CUST1553,Pooja,50,F,North,Furniture,Sofa,6,2871.89,20,Debit Card,Delivered,3.1,2022,10,10
5210,ORD05211,2022-01-29,CUST0789,Vijay,21,M,Central,Toys,RC Car,6,736.02,10,Debit Card,Cancelled,4.0,2022,1,29
5220,ORD05221,2022-05-31,CUST0033,Anita,30,F,East,Clothing,T-Shirt,8,1522.58,10,Debit Card,Returned,1.1,2022,5,31
5222,ORD05223,2022-10-10,CUST0601,Arjun,58,M,East,Electronics,Headphones,5,780.45,20,Net Banking,Delivered,2.6,2022,10,10
5223,ORD05224,2022-02-22,CUST0758,Suresh,61,M,East,Clothing,T-Shirt,7,4897.4,5,Net Banking,Returned,3.4,2022,2,22
5224,ORD05225,2022-08-03,CUST0061,Amit,36,M,North,Food,Rice 5kg,3,3648.2,10,Cash,Cancelled,5.0,2022,8,3
5229,ORD05230,2022-09-18,CUST1108,Nisha,34,F,East,Sports,Football,1,172.82,20,Credit Card,Cancelled,3.8,2022,9,18
5230,ORD05231,2022-01-03,CUST2096,Rohan,60,M,West,Food,Dal 2kg,6,1274.77,15,Debit Card,Returned,1.9,2022,1,3
5231,ORD05232,2022-01-26,CUST1519,Suresh,31,M,East,Clothing,Jeans,7,4875.2,15,Cash,Pending,3.3,2022,1,26
5234,ORD05235,2022-05-06,CUST2747,Anita,62,F,North,Electronics,Phone,2,3319.86,15,Net Banking,Delivered,,2022,5,6
5237,ORD05238,2022-12-09,CUST2829,Meera,42,F,East,Furniture,Chair,8,2240.44,10,Cash,Returned,3.1,2022,12,9
5239,ORD05240,2022-06-03,CUST1159,Vijay,50,M,South,Furniture,Table,5,1021.61,20,UPI,Delivered,1.1,2022,6,3
5240,ORD05241,2022-04-23,CUST2699,Karan,51,M,Central,Clothing,T-Shirt,8,3847.36,20,Net Banking,Returned,,2022,4,23
5241,ORD05242,2022-12-16,CUST2398,Vijay,57,M,Central,Food,Dal 2kg,2,1744.29,5,Net Banking,Cancelled,4.8,2022,12,16
5244,ORD05245,2022-12-04,CUST0623,Nisha,60,F,South,Books,Cookbook,10,2395.07,0,Net Banking,Delivered,3.9,2022,12,4
5245,ORD05246,2022-11-25,CUST2249,Nisha,51,F,Central,Furniture,Bookshelf,3,222.2,0,Credit Card,Cancelled,2.7,2022,11,25
5247,ORD05248,2022-04-21,CUST0231,Anita,46,F,South,Electronics,Tablet,4,3176.69,20,Net Banking,Cancelled,3.0,2022,4,21
5250,ORD05251,2022-02-07,CUST1314,Divya,61,F,East,Books,Cookbook,2,598.89,0,UPI,Returned,2.7,2022,2,7
5251,ORD05252,2022-07-28,CUST2711,Ravi,46,M,North,Electronics,Headphones,5,1036.09,20,Net Banking,Pending,1.6,2022,7,28
5253,ORD05254,2022-03-19,CUST2235,Arjun,45,M,Central,Electronics,Laptop,7,1046.52,20,Debit Card,Returned,4.8,2022,3,19
5256,ORD05257,2022-02-23,CUST0775,Vijay,33,M,East,Clothing,Jeans,6,554.22,10,UPI,Delivered,4.9,2022,2,23
5257,ORD05258,2022-08-29,CUST1826,Ritu,61,F,Central,Toys,Doll,9,3672.56,20,Net Banking,Returned,1.8,2022,8,29
5258,ORD05259,2022-06-15,CUST2400,Karan,51,M,Central,Books,Cookbook,1,1665.18,20,UPI,Delivered,4.3,2022,6,15
5259,ORD05260,2022-03-10,CUST1124,Asha,43,F,East,Sports,Cricket Bat,6,4726.58,10,Cash,Returned,2.6,2022,3,10
5265,ORD05266,2022-04-30,CUST2082,Rohan,45,M,Central,Electronics,Phone,3,685.42,0,Credit Card,Cancelled,3.8,2022,4,30
5269,ORD05270,2022-03-15,CUST0109,Ritu,48,F,South,Sports,Football,5,1802.73,10,Net Banking,Cancelled,3.4,2022,3,15
5270,ORD05271,2022-11-21,CUST0321,Nisha,46,F,Central,Toys,Doll,4,3093.48,5,Credit Card,Returned,3.4,2022,11,21
5272,ORD05273,2022-07-14,CUST2017,Anita,50,F,North,Furniture,Bed Frame,2,1004.61,20,Credit Card,Pending,1.4,2022,7,14
5274,ORD05275,2022-10-31,CUST1347,Ritu,47,F,Central,Toys,Puzzle,2,1584.22,10,Debit Card,Cancelled,,2022,10,31
5275,ORD05276,2022-03-28,CUST1250,Kavya,45,F,East,Electronics,Tablet,3,855.34,20,UPI,Delivered,3.7,2022,3,28
5276,ORD05277,2022-01-27,CUST1422,Nisha,59,F,South,Toys,Doll,1,938.52,0,Cash,Returned,4.0,2022,1,27
5278,ORD05279,2022-01-21,CUST2959,Amit,21,M,North,Clothing,Saree,8,732.13,10,Debit Card,Pending,1.9,2022,1,21
5283,ORD05284,2022-05-06,CUST1755,Suresh,37,M,North,Books,Novel,7,4428.77,20,Debit Card,Cancelled,1.8,2022,5,6
5285,ORD05286,2022-02-08,CUST1374,Nisha,18,F,South,Sports,Badminton Set,5,4376.73,10,Net Banking,Returned,3.2,2022,2,8
5286,ORD05287,2022-01-18,CUST0543,Rohan,55,M,West,Clothing,T-Shirt,5,4321.5,20,Credit Card,Pending,2.2,2022,1,18
5287,ORD05288,2022-11-09,CUST1501,Sneha,43,F,South,Electronics,Smartwatch,8,1198.11,20,UPI,Returned,1.7,2022,11,9
5288,ORD05289,2022-09-07,CUST1154,Divya,48,F,East,Toys,Board Game,3,3160.71,5,Cash,Returned,2.4,2022,9,7
5289,ORD05290,2022-08-23,CUST1411,Nisha,62,F,East,Toys,Puzzle,6,1598.98,20,Credit Card,Returned,2.7,2022,8,23
5292,ORD05293,2022-05-23,CUST0470,Vijay,19,M,Central,Books,Self-Help,1,336.57,10,UPI,Delivered,,2022,5,23
5293,ORD05294,2022-12-12,CUST2251,Nikhil,43,M,South,Toys,Board Game,8,2395.98,15,Net Banking,Cancelled,1.6,2022,12,12
5294,ORD05295,2022-12-09,CUST2707,Nikhil,48,M,South,Books,Comics,3,625.79,20,Cash,Delivered,4.5,2022,12,9
5295,ORD05296,2022-07-11,CUST0218,Kavya,59,F,Central,Furniture,Bed Frame,2,2223.08,10,Net Banking,Delivered,3.2,2022,7,11
5296,ORD05297,2022-11-03,CUST2925,Dev,46,M,East,Electronics,Smartwatch,9,564.61,15,Cash,Cancelled,3.8,2022,11,3
5297,ORD05298,2022-08-13,CUST2300,Rahul,42,M,East,Food,Rice 5kg,1,907.76,5,Credit Card,Delivered,4.1,2022,8,13
5300,ORD05301,2022-01-12,CUST1063,Rahul,36,M,Central,Electronics,Smartwatch,6,4801.94,10,Net Banking,Delivered,2.9,2022,1,12
5305,ORD05306,2022-09-18,CUST2396,Ravi,28,M,West,Sports,Cricket Bat,10,4171.64,5,Cash,Pending,4.0,2022,9,18
5307,ORD05308,2022-11-21,CUST2201,Arjun,19,M,West,Furniture,Table,9,1977.89,15,Cash,Pending,2.7,2022,11,21
5312,ORD05313,2022-02-28,CUST0125,Pooja,43,F,Central,Toys,Puzzle,8,4248.76,10,Cash,Pending,2.4,2022,2,28
5316,ORD05317,2022-03-25,CUST0065,Priya,22,F,North,Clothing,Kurta,8,2643.23,10,Debit Card,Delivered,1.3,2022,3,25
5318,ORD05319,2022-07-15,CUST0014,Karan,51,M,North,Food,Biscuits,5,2941.41,15,Credit Card,Delivered,2.2,2022,7,15
5320,ORD05321,2022-08-21,CUST1798,Meera,58,F,East,Food,Cooking Oil,4,2608.62,15,Net Banking,Cancelled,1.2,2022,8,21
5324,ORD05325,2022-05-16,CUST2302,Ravi,47,M,North,Furniture,Sofa,9,2324.84,0,Cash,Pending,3.1,2022,5,16
5325,ORD05326,2022-04-04,CUST0820,Amit,21,M,North,Furniture,Table,9,2123.12,0,UPI,Returned,,2022,4,4
5327,ORD05328,2022-09-25,CUST2542,Sneha,19,F,East,Toys,Board Game,5,4064.97,20,Net Banking,Returned,2.1,2022,9,25
5329,ORD05330,2022-03-26,CUST1646,Karan,33,M,North,Furniture,Table,5,607.13,10,Debit Card,Returned,4.1,2022,3,26
5331,ORD05332,2022-11-27,CUST1672,Divya,45,F,East,Sports,Dumbbells,1,3666.7,20,Cash,Delivered,3.4,2022,11,27
5332,ORD05333,2022-10-03,CUST2136,Kavya,19,F,North,Books,Comics,9,2406.15,15,Credit Card,Pending,4.7,2022,10,3
5333,ORD05334,2022-11-08,CUST0600,Amit,21,M,East,Sports,Badminton Set,3,3324.14,15,Debit Card,Returned,1.0,2022,11,8
5334,ORD05335,2022-01-22,CUST0550,Ritu,42,F,South,Toys,RC Car,8,3870.43,20,Net Banking,Returned,1.9,2022,1,22
5335,ORD05336,2022-02-06,CUST0019,Arjun,57,M,North,Furniture,Chair,7,3565.07,15,Net Banking,Returned,2.5,2022,2,6
5339,ORD05340,2022-01-17,CUST1619,Dev,33,M,East,Sports,Football,8,1250.68,10,UPI,Cancelled,2.3,2022,1,17
5340,ORD05341,2022-05-23,CUST2429,Suresh,65,M,West,Toys,Doll,7,3915.49,15,Net Banking,Returned,3.3,2022,5,23
5342,ORD05343,2022-01-22,CUST2808,Suresh,30,M,North,Books,Self-Help,1,3180.14,15,UPI,Delivered,4.9,2022,1,22
5347,ORD05348,2022-03-14,CUST2185,Nisha,57,F,South,Electronics,Smartwatch,1,634.67,20,Net Banking,Pending,3.6,2022,3,14
5348,ORD05349,2022-02-28,CUST2357,Ritu,55,F,North,Toys,LEGO Set,4,4374.48,0,Cash,Pending,4.7,2022,2,28
5353,ORD05354,2022-01-24,CUST1469,Ravi,28,M,West,Clothing,T-Shirt,6,2083.34,20,Net Banking,Pending,1.9,2022,1,24
5354,ORD05355,2022-09-06,CUST0797,Nisha,43,F,North,Clothing,Kurta,9,4660.0,10,Credit Card,Delivered,4.7,2022,9,6
5355,ORD05356,2022-04-10,CUST1400,Divya,18,F,North,Books,Novel,6,589.59,0,Debit Card,Cancelled,3.9,2022,4,10
5357,ORD05358,2022-09-24,CUST1160,Anita,27,F,East,Food,Dal 2kg,3,1213.1,15,Debit Card,Delivered,4.2,2022,9,24
5360,ORD05361,2022-05-21,CUST2782,Nikhil,61,M,Central,Toys,Doll,6,711.13,20,Cash,Returned,3.0,2022,5,21
5361,ORD05362,2022-01-12,CUST2356,Ravi,62,M,Central,Clothing,T-Shirt,3,1779.34,0,Debit Card,Delivered,4.1,2022,1,12
5365,ORD05366,2022-11-08,CUST0374,Vijay,47,M,Central,Clothing,Jeans,9,4626.66,10,UPI,Pending,2.6,2022,11,8
5366,ORD05367,2022-10-29,CUST2872,Pooja,37,F,North,Toys,LEGO Set,2,2233.4,0,UPI,Returned,2.0,2022,10,29
5367,ORD05368,2022-08-12,CUST0939,Anita,27,F,North,Food,Spices Pack,2,3452.61,20,Debit Card,Delivered,,2022,8,12
5369,ORD05370,2022-02-28,CUST0137,Divya,21,F,East,Sports,Badminton Set,2,2133.58,10,Debit Card,Pending,2.7,2022,2,28
5370,ORD05371,2022-05-24,CUST2193,Nisha,57,F,Central,Electronics,Phone,9,4390.41,15,Credit Card,Delivered,4.2,2022,5,24
5375,ORD05376,2022-04-17,CUST0051,Divya,45,F,South,Clothing,Saree,8,3294.03,5,Debit Card,Pending,2.7,2022,4,17
5376,ORD05377,2022-11-27,CUST2406,Meera,55,F,Central,Furniture,Table,8,719.06,10,Net Banking,Pending,2.6,2022,11,27
5380,ORD05381,2022-08-15,CUST1895,Priya,43,F,Central,Food,Cooking Oil,6,719.33,20,Net Banking,Returned,1.5,2022,8,15
5381,ORD05382,2022-10-13,CUST2781,Karan,32,M,South,Toys,Puzzle,3,640.06,15,Net Banking,Delivered,4.8,2022,10,13
5385,ORD05386,2022-09-08,CUST1663,Anita,52,F,West,Books,Textbook,9,2771.1,15,Cash,Pending,3.9,2022,9,8
5386,ORD05387,2022-03-17,CUST1702,Priya,50,F,South,Furniture,Bookshelf,5,2718.01,20,Credit Card,Pending,4.6,2022,3,17
5389,ORD05390,2022-11-01,CUST2594,Asha,34,F,Central,Electronics,Smartwatch,6,1111.18,15,Debit Card,Cancelled,2.5,2022,11,1
5390,ORD05391,2022-07-04,CUST1541,Kavya,52,F,Central,Books,Comics,1,2440.58,5,Debit Card,Returned,2.2,2022,7,4
5391,ORD05392,2022-03-31,CUST2248,Vijay,29,M,South,Toys,Board Game,2,3205.3,15,Debit Card,Delivered,4.8,2022,3,31
5393,ORD05394,2022-02-03,CUST2596,Karan,51,M,North,Sports,Dumbbells,5,1738.8,20,Cash,Returned,2.6,2022,2,3
5398,ORD05399,2022-04-04,CUST2198,Divya,59,F,West,Electronics,Phone,2,1317.01,20,Net Banking,Returned,3.6,2022,4,4
5399,ORD05400,2022-06-02,CUST2759,Rohan,38,M,North,Food,Rice 5kg,10,4371.64,20,Credit Card,Pending,4.7,2022,6,2
5400,ORD05401,2022-04-14,CUST2237,Vijay,18,M,Central,Electronics,Phone,4,506.14,5,Net Banking,Delivered,4.0,2022,4,14
5401,ORD05402,2022-11-01,CUST2949,Ravi,56,M,West,Sports,Football,1,4766.32,20,Cash,Delivered,2.3,2022,11,1
5403,ORD05404,2022-01-08,CUST0004,Divya,43,F,East,Clothing,Jeans,5,4177.84,10,Net Banking,Delivered,1.9,2022,1,8
5407,ORD05408,2022-07-15,CUST1818,Divya,23,F,South,Furniture,Bed Frame,10,4121.05,10,UPI,Delivered,2.5,2022,7,15
5409,ORD05410,2022-11-21,CUST0246,Ravi,55,M,West,Books,Textbook,8,561.07,10,Credit Card,Delivered,1.7,2022,11,21
5410,ORD05411,2022-06-14,CUST0037,Nisha,44,F,West,Electronics,Headphones,10,2297.46,5,Net Banking,Cancelled,2.8,2022,6,14
5412,ORD05413,2022-04-07,CUST2442,Nikhil,64,M,West,Clothing,Jeans,7,456.05,20,UPI,Cancelled,2.3,2022,4,7
5415,ORD05416,2022-09-27,CUST2712,Pooja,61,F,Central,Electronics,Headphones,5,409.6,0,Debit Card,Delivered,1.2,2022,9,27
5416,ORD05417,2022-05-31,CUST2710,Rohan,28,M,Central,Books,Textbook,7,4481.66,5,Net Banking,Delivered,4.6,2022,5,31
5420,ORD05421,2022-04-25,CUST2606,Priya,52,F,Central,Electronics,Tablet,7,4915.56,15,Debit Card,Returned,1.3,2022,4,25
5425,ORD05426,2022-04-24,CUST0450,Anita,47,F,North,Toys,Puzzle,1,4958.91,15,Cash,Cancelled,1.2,2022,4,24
5426,ORD05427,2022-04-16,CUST1350,Anita,33,F,Central,Clothing,Jacket,3,1474.9,20,UPI,Pending,4.5,2022,4,16
5427,ORD05428,2022-12-21,CUST2572,Meera,53,F,West,Clothing,Saree,3,1427.71,15,Debit Card,Returned,4.2,2022,12,21
5428,ORD05429,2022-06-21,CUST0738,Amit,41,M,Central,Food,Biscuits,3,4980.04,20,Debit Card,Cancelled,2.9,2022,6,21
5432,ORD05433,2022-08-28,CUST0999,Rahul,45,M,Central,Books,Self-Help,4,3617.4,20,Credit Card,Delivered,1.6,2022,8,28
5433,ORD05434,2022-07-22,CUST2514,Asha,25,F,West,Furniture,Table,2,2903.5,15,UPI,Delivered,3.8,2022,7,22
5434,ORD05435,2022-04-15,CUST2728,Asha,20,F,North,Electronics,Laptop,5,4135.12,5,Debit Card,Returned,2.3,2022,4,15
5435,ORD05436,2022-01-11,CUST2979,Asha,40,F,East,Furniture,Chair,8,4535.14,5,UPI,Delivered,,2022,1,11
5438,ORD05439,2022-09-10,CUST2577,Rahul,22,M,South,Clothing,Jacket,9,3305.14,5,Cash,Returned,1.9,2022,9,10
5446,ORD05447,2022-01-12,CUST1692,Rahul,40,M,West,Toys,Doll,10,1223.54,10,Net Banking,Pending,4.2,2022,1,12
5448,ORD05449,2022-04-20,CUST0836,Rohan,31,M,South,Clothing,Kurta,5,1526.0,5,Credit Card,Returned,2.2,2022,4,20
5450,ORD05451,2022-12-31,CUST2847,Asha,29,F,East,Furniture,Table,1,890.49,15,UPI,Cancelled,1.1,2022,12,31
5451,ORD05452,2022-08-17,CUST1089,Amit,33,M,Central,Sports,Yoga Mat,1,2203.99,5,Net Banking,Pending,4.2,2022,8,17
5455,ORD05456,2022-11-13,CUST0987,Suresh,63,M,South,Sports,Dumbbells,9,2384.79,20,Net Banking,Delivered,3.4,2022,11,13
5458,ORD05459,2022-05-04,CUST2514,Meera,41,F,North,Sports,Yoga Mat,1,982.05,5,Debit Card,Pending,1.1,2022,5,4
5459,ORD05460,2022-03-12,CUST0186,Suresh,45,M,Central,Books,Comics,10,1362.07,5,Credit Card,Returned,3.2,2022,3,12
5464,ORD05465,2022-01-24,CUST0267,Vijay,24,M,North,Books,Cookbook,8,4588.26,0,Net Banking,Pending,4.6,2022,1,24
5466,ORD05467,2022-09-26,CUST0279,Asha,29,F,East,Food,Biscuits,10,1588.62,10,Cash,Returned,,2022,9,26
5467,ORD05468,2022-07-05,CUST2916,Priya,28,F,Central,Furniture,Bed Frame,2,1285.82,20,UPI,Returned,1.5,2022,7,5
5468,ORD05469,2022-08-05,CUST1666,Dev,48,M,East,Furniture,Bookshelf,8,2609.82,5,Net Banking,Cancelled,3.6,2022,8,5
5470,ORD05471,2022-10-17,CUST2172,Amit,64,M,West,Toys,Board Game,10,4533.0,5,Credit Card,Cancelled,4.6,2022,10,17
5471,ORD05472,2022-06-06,CUST1814,Suresh,64,M,South,Furniture,Bed Frame,8,1345.49,15,Cash,Cancelled,4.1,2022,6,6
5472,ORD05473,2022-08-16,CUST2835,Suresh,43,M,South,Furniture,Chair,6,4781.63,20,Credit Card,Returned,1.2,2022,8,16
5474,ORD05475,2022-10-20,CUST0694,Ritu,23,F,East,Books,Novel,3,1238.68,0,Debit Card,Returned,1.3,2022,10,20
5475,ORD05476,2022-08-12,CUST0250,Meera,21,F,Central,Toys,RC Car,2,1292.61,10,Net Banking,Returned,1.6,2022,8,12
5478,ORD05479,2022-04-20,CUST0191,Divya,33,F,South,Food,Cooking Oil,4,2008.52,20,UPI,Returned,4.3,2022,4,20
5481,ORD05482,2022-01-17,CUST2634,Sneha,54,F,East,Toys,LEGO Set,10,3377.4,10,Cash,Delivered,4.1,2022,1,17
5483,ORD05484,2022-10-07,CUST2722,Karan,39,M,North,Furniture,Table,7,2799.11,15,UPI,Pending,2.5,2022,10,7
5486,ORD05487,2022-10-20,CUST2165,Amit,31,M,Central,Books,Textbook,8,3740.16,15,Debit Card,Delivered,2.9,2022,10,20
5487,ORD05488,2022-08-03,CUST2496,Ritu,25,F,West,Furniture,Bed Frame,2,139.62,0,Credit Card,Pending,2.9,2022,8,3
5488,ORD05489,2022-09-21,CUST0860,Vijay,19,M,East,Sports,Yoga Mat,7,2223.48,15,Net Banking,Cancelled,1.0,2022,9,21
5491,ORD05492,2022-12-18,CUST0843,Karan,33,M,Central,Sports,Football,4,3890.09,10,Credit Card,Cancelled,1.9,2022,12,18
5492,ORD05493,2022-10-17,CUST2841,Arjun,23,M,North,Furniture,Bed Frame,10,2586.74,0,Credit Card,Cancelled,1.8,2022,10,17
5493,ORD05494,2022-01-29,CUST1046,Amit,18,M,East,Electronics,Tablet,10,3179.96,10,Debit Card,Cancelled,2.6,2022,1,29
5494,ORD05495,2022-08-19,CUST0234,Anita,56,F,South,Toys,Puzzle,10,343.95,5,Credit Card,Delivered,4.2,2022,8,19
5497,ORD05498,2022-06-08,CUST2800,Rohan,31,M,Central,Furniture,Chair,4,4485.38,20,Cash,Returned,4.0,2022,6,8
5498,ORD05499,2022-05-20,CUST2508,Karan,26,M,East,Clothing,Saree,6,1663.01,15,Credit Card,Delivered,1.1,2022,5,20
5500,ORD05501,2022-05-15,CUST0162,Rahul,43,M,West,Sports,Badminton Set,9,1093.99,15,Cash,Returned,,2022,5,15
5503,ORD05504,2022-01-11,CUST0861,Amit,41,M,South,Food,Cooking Oil,2,1798.18,0,UPI,Pending,3.8,2022,1,11
5506,ORD05507,2022-12-02,CUST1058,Ritu,65,F,North,Clothing,Saree,1,1338.31,5,Credit Card,Returned,3.3,2022,12,2
5507,ORD05508,2022-10-25,CUST1260,Asha,41,F,West,Sports,Dumbbells,2,3548.92,20,UPI,Returned,1.7,2022,10,25
5508,ORD05509,2022-06-09,CUST1368,Sneha,27,F,Central,Food,Biscuits,6,3170.14,5,Cash,Returned,4.0,2022,6,9
5509,ORD05510,2022-05-19,CUST0176,Rahul,20,M,West,Furniture,Table,9,1940.04,10,Cash,Pending,,2022,5,19
5510,ORD05511,2022-01-24,CUST0347,Amit,34,M,Central,Clothing,Jeans,6,4251.22,15,Cash,Returned,2.2,2022,1,24
5511,ORD05512,2022-11-29,CUST1335,Kavya,46,F,South,Toys,LEGO Set,3,4408.69,20,Debit Card,Returned,3.2,2022,11,29
5512,ORD05513,2022-02-15,CUST0645,Meera,41,F,Central,Clothing,Saree,1,2740.63,10,Debit Card,Delivered,3.7,2022,2,15
5515,ORD05516,2022-04-06,CUST2238,Arjun,49,M,Central,Furniture,Table,8,1450.53,20,Debit Card,Delivered,2.2,2022,4,6
5516,ORD05517,2022-02-21,CUST0688,Sneha,39,F,East,Sports,Cricket Bat,9,4254.19,10,Debit Card,Cancelled,1.2,2022,2,21
5517,ORD05518,2022-01-23,CUST0128,Karan,32,M,West,Toys,Puzzle,4,4882.35,5,Cash,Pending,4.5,2022,1,23
5518,ORD05519,2022-01-01,CUST1139,Priya,61,F,West,Toys,RC Car,4,1044.93,10,Debit Card,Pending,1.4,2022,1,1
5522,ORD05523,2022-07-07,CUST0181,Pooja,22,F,West,Books,Novel,1,4312.17,15,Net Banking,Pending,4.3,2022,7,7
5525,ORD05526,2022-05-23,CUST2894,Amit,56,M,Central,Clothing,Jacket,10,2542.47,5,Net Banking,Delivered,1.3,2022,5,23
5527,ORD05528,2022-08-19,CUST0569,Dev,58,M,West,Books,Comics,10,2400.81,10,UPI,Returned,3.9,2022,8,19
5528,ORD05529,2022-12-27,CUST2212,Rohan,19,M,West,Books,Novel,10,551.07,15,Cash,Delivered,3.4,2022,12,27
5529,ORD05530,2022-03-02,CUST2438,Sneha,30,F,South,Books,Self-Help,10,1705.07,15,Cash,Delivered,2.4,2022,3,2
5530,ORD05531,2022-01-14,CUST2090,Rahul,36,M,East,Toys,Puzzle,9,969.21,5,Cash,Delivered,4.1,2022,1,14
5531,ORD05532,2022-11-23,CUST0916,Ravi,27,M,West,Sports,Yoga Mat,9,1618.13,15,Net Banking,Delivered,4.4,2022,11,23
5532,ORD05533,2022-06-27,CUST1309,Suresh,20,M,South,Sports,Football,2,638.55,15,UPI,Pending,,2022,6,27
5534,ORD05535,2022-06-28,CUST1472,Priya,39,F,South,Furniture,Chair,4,1493.48,15,Net Banking,Pending,,2022,6,28
5537,ORD05538,2022-02-28,CUST2511,Divya,53,F,Central,Electronics,Laptop,9,4348.92,15,Credit Card,Delivered,2.8,2022,2,28
5538,ORD05539,2022-04-28,CUST1904,Anita,47,F,East,Sports,Cricket Bat,3,4372.58,5,Cash,Delivered,2.7,2022,4,28
5539,ORD05540,2022-11-05,CUST0119,Kavya,46,F,West,Food,Biscuits,3,3147.88,10,UPI,Pending,2.4,2022,11,5
5541,ORD05542,2022-05-29,CUST0787,Karan,48,M,South,Books,Cookbook,1,2511.18,10,Net Banking,Delivered,1.6,2022,5,29
5542,ORD05543,2022-09-08,CUST1181,Amit,26,M,North,Food,Spices Pack,3,4664.14,5,UPI,Delivered,3.5,2022,9,8
5543,ORD05544,2022-07-16,CUST1981,Ritu,22,F,Central,Clothing,Kurta,6,1137.08,10,UPI,Cancelled,,2022,7,16
5545,ORD05546,2022-02-23,CUST0292,Nikhil,41,M,West,Books,Novel,6,3503.32,5,Net Banking,Cancelled,1.8,2022,2,23
5546,ORD05547,2022-08-28,CUST2899,Suresh,42,M,North,Sports,Yoga Mat,6,2683.22,15,Debit Card,Delivered,4.2,2022,8,28
5547,ORD05548,2022-10-09,CUST1158,Rahul,18,M,East,Toys,Doll,9,2217.34,20,UPI,Cancelled,1.8,2022,10,9
5548,ORD05549,2022-06-10,CUST0296,Nisha,62,F,Central,Electronics,Tablet,7,3128.2,5,Credit Card,Returned,4.3,2022,6,10
5549,ORD05550,2022-03-24,CUST0766,Rohan,49,M,West,Electronics,Smartwatch,2,2368.37,0,Credit Card,Cancelled,3.8,2022,3,24
5551,ORD05552,2022-08-08,CUST1972,Meera,39,F,Central,Electronics,Tablet,7,1831.78,10,Debit Card,Returned,4.4,2022,8,8
5553,ORD05554,2022-02-05,CUST2949,Nisha,37,F,Central,Furniture,Table,6,871.8,10,Credit Card,Returned,1.4,2022,2,5
5554,ORD05555,2022-02-26,CUST1769,Rahul,34,M,East,Food,Dal 2kg,6,758.35,10,UPI,Returned,2.0,2022,2,26
5557,ORD05558,2022-06-04,CUST2218,Arjun,48,M,East,Books,Self-Help,2,1788.06,10,Cash,Returned,1.3,2022,6,4
5559,ORD05560,2022-04-06,CUST1264,Priya,32,F,West,Sports,Yoga Mat,2,3660.12,20,Cash,Cancelled,3.1,2022,4,6
5563,ORD05564,2022-02-04,CUST2034,Dev,52,M,West,Electronics,Laptop,2,4730.79,15,Cash,Cancelled,2.2,2022,2,4
5564,ORD05565,2022-01-04,CUST0992,Asha,54,F,West,Electronics,Tablet,3,634.19,15,Credit Card,Delivered,3.0,2022,1,4
5565,ORD05566,2022-03-08,CUST1850,Kavya,48,F,North,Electronics,Headphones,3,2915.39,20,Debit Card,Cancelled,4.3,2022,3,8
5566,ORD05567,2022-02-22,CUST2251,Divya,61,F,Central,Furniture,Sofa,2,3446.2,15,Debit Card,Pending,3.2,2022,2,22
5569,ORD05570,2022-08-06,CUST0620,Karan,42,M,Central,Toys,RC Car,2,3491.28,20,Credit Card,Cancelled,1.4,2022,8,6
5571,ORD05572,2022-07-07,CUST1240,Nisha,29,F,East,Books,Self-Help,9,4929.14,20,Cash,Returned,3.8,2022,7,7
5572,ORD05573,2022-01-17,CUST0859,Ritu,43,F,South,Clothing,Kurta,9,3211.34,0,Net Banking,Returned,2.4,2022,1,17
5573,ORD05574,2022-03-08,CUST2248,Asha,35,F,Central,Toys,Puzzle,2,2558.41,0,Net Banking,Pending,1.0,2022,3,8
5574,ORD05575,2022-03-12,CUST0515,Nikhil,48,M,East,Electronics,Tablet,5,2364.94,5,Net Banking,Returned,2.5,2022,3,12
5575,ORD05576,2022-08-17,CUST0637,Vijay,57,M,West,Electronics,Laptop,7,521.07,20,UPI,Delivered,3.4,2022,8,17
5579,ORD05580,2022-12-13,CUST1773,Nisha,53,F,East,Sports,Dumbbells,10,1085.43,5,Cash,Pending,2.8,2022,12,13
5582,ORD05583,2022-06-02,CUST0469,Nikhil,42,M,East,Electronics,Smartwatch,9,1718.59,10,Cash,Delivered,2.5,2022,6,2
5583,ORD05584,2022-11-30,CUST2659,Amit,38,M,South,Books,Cookbook,1,2649.91,20,Credit Card,Delivered,3.2,2022,11,30
5584,ORD05585,2022-09-09,CUST1938,Amit,54,M,Central,Toys,RC Car,10,4439.84,15,UPI,Returned,3.2,2022,9,9
5587,ORD05588,2022-02-26,CUST0738,Divya,22,F,Central,Clothing,Kurta,7,3579.59,20,Credit Card,Returned,3.9,2022,2,26
5588,ORD05589,2022-01-12,CUST0239,Pooja,50,F,South,Electronics,Phone,6,2708.41,10,Credit Card,Cancelled,3.0,2022,1,12
5592,ORD05593,2022-09-28,CUST1231,Ritu,60,F,North,Food,Biscuits,7,708.72,15,Cash,Returned,1.9,2022,9,28
5593,ORD05594,2022-07-11,CUST1708,Kavya,50,F,East,Books,Self-Help,1,1243.75,10,Net Banking,Pending,3.5,2022,7,11
5594,ORD05595,2022-09-27,CUST0945,Rohan,33,M,South,Electronics,Headphones,10,563.4,20,Net Banking,Cancelled,4.1,2022,9,27
5595,ORD05596,2022-04-17,CUST0610,Anita,39,F,North,Furniture,Table,10,2534.44,20,Cash,Pending,2.8,2022,4,17
5596,ORD05597,2022-11-12,CUST1545,Meera,32,F,Central,Sports,Cricket Bat,6,3928.31,5,Debit Card,Delivered,1.2,2022,11,12
5597,ORD05598,2022-01-03,CUST1024,Dev,57,M,West,Food,Spices Pack,5,901.02,15,Credit Card,Delivered,3.4,2022,1,3
5598,ORD05599,2022-12-13,CUST0402,Asha,49,F,West,Sports,Badminton Set,10,3849.2,5,Cash,Returned,1.0,2022,12,13
5600,ORD05601,2022-04-12,CUST2291,Suresh,23,M,East,Clothing,T-Shirt,3,857.93,0,Debit Card,Pending,3.7,2022,4,12
5601,ORD05602,2022-09-14,CUST0018,Kavya,57,F,East,Electronics,Phone,5,3189.51,15,Credit Card,Pending,,2022,9,14
5604,ORD05605,2022-05-21,CUST2855,Suresh,53,M,North,Clothing,T-Shirt,7,2456.89,15,Net Banking,Pending,3.3,2022,5,21
5605,ORD05606,2022-08-13,CUST0638,Asha,60,F,North,Electronics,Tablet,5,4095.09,5,UPI,Cancelled,4.6,2022,8,13
5606,ORD05607,2022-11-10,CUST2159,Vijay,48,M,Central,Clothing,Jeans,5,4419.11,15,Cash,Cancelled,4.8,2022,11,10
5607,ORD05608,2022-08-02,CUST2381,Dev,46,M,Central,Food,Spices Pack,2,1188.16,0,Net Banking,Delivered,3.8,2022,8,2
5609,ORD05610,2022-02-22,CUST0497,Ritu,21,F,East,Sports,Badminton Set,8,966.62,5,Debit Card,Delivered,2.3,2022,2,22
5611,ORD05612,2022-10-13,CUST0458,Ritu,20,F,East,Clothing,Jeans,6,3491.69,5,Credit Card,Cancelled,3.0,2022,10,13
5612,ORD05613,2022-01-07,CUST0290,Sneha,44,F,East,Toys,Board Game,6,4196.61,0,Credit Card,Pending,1.0,2022,1,7
5614,ORD05615,2022-04-25,CUST1040,Ravi,36,M,North,Books,Cookbook,3,396.16,20,Debit Card,Pending,2.5,2022,4,25
5615,ORD05616,2022-12-15,CUST2509,Amit,41,M,West,Books,Self-Help,7,3671.0,0,UPI,Cancelled,1.1,2022,12,15
5616,ORD05617,2022-08-17,CUST0385,Amit,34,M,Central,Books,Textbook,5,1149.5,10,Cash,Returned,3.4,2022,8,17
5617,ORD05618,2022-10-11,CUST0685,Vijay,45,M,South,Clothing,Jacket,10,4256.89,5,UPI,Cancelled,2.9,2022,10,11
5618,ORD05619,2022-06-20,CUST1812,Rohan,65,M,South,Toys,Doll,10,517.98,10,Credit Card,Cancelled,4.6,2022,6,20
5619,ORD05620,2022-01-13,CUST1455,Ravi,60,M,East,Electronics,Phone,7,1469.77,0,Credit Card,Cancelled,1.7,2022,1,13
5621,ORD05622,2022-10-27,CUST0804,Suresh,18,M,North,Books,Self-Help,6,3692.35,15,Credit Card,Pending,2.0,2022,10,27
5622,ORD05623,2022-02-18,CUST2758,Suresh,50,M,South,Sports,Football,5,4748.29,5,UPI,Returned,1.6,2022,2,18
5625,ORD05626,2022-01-13,CUST0831,Arjun,35,M,Central,Books,Cookbook,3,3487.4,0,Cash,Pending,3.1,2022,1,13
5628,ORD05629,2022-04-28,CUST2800,Meera,51,F,Central,Sports,Yoga Mat,5,1542.28,5,Cash,Cancelled,3.3,2022,4,28
5630,ORD05631,2022-02-04,CUST2432,Suresh,36,M,Central,Books,Novel,6,676.99,15,Credit Card,Pending,5.0,2022,2,4
5631,ORD05632,2022-11-11,CUST0736,Nisha,34,F,East,Sports,Cricket Bat,1,226.44,10,Net Banking,Returned,2.4,2022,11,11
5634,ORD05635,2022-05-29,CUST1646,Karan,20,M,North,Books,Comics,8,1185.58,5,Net Banking,Pending,3.8,2022,5,29
5635,ORD05636,2022-06-21,CUST2515,Sneha,54,F,North,Furniture,Bed Frame,9,2627.02,5,Cash,Pending,,2022,6,21
5638,ORD05639,2022-02-19,CUST1813,Anita,20,F,North,Food,Dal 2kg,8,1206.88,20,Debit Card,Returned,1.5,2022,2,19
5640,ORD05641,2022-03-27,CUST0397,Karan,50,M,West,Toys,Puzzle,7,4173.22,10,UPI,Pending,1.2,2022,3,27
5642,ORD05643,2022-08-16,CUST2473,Meera,64,F,East,Electronics,Phone,1,1013.86,10,Cash,Cancelled,2.3,2022,8,16
5644,ORD05645,2022-02-18,CUST0355,Ritu,20,F,West,Furniture,Table,10,4087.19,15,Credit Card,Delivered,4.6,2022,2,18
5647,ORD05648,2022-08-21,CUST0587,Ravi,35,M,Central,Food,Biscuits,7,4602.48,5,UPI,Returned,3.5,2022,8,21
5653,ORD05654,2022-07-17,CUST1276,Amit,46,M,West,Clothing,Saree,7,2872.2,20,UPI,Returned,1.1,2022,7,17
5655,ORD05656,2022-07-06,CUST1879,Vijay,29,M,North,Furniture,Bookshelf,10,374.69,20,Cash,Cancelled,1.6,2022,7,6
5658,ORD05659,2022-01-23,CUST1113,Pooja,27,F,North,Toys,Board Game,4,2622.82,10,Debit Card,Cancelled,4.3,2022,1,23
5660,ORD05661,2022-05-05,CUST0053,Anita,59,F,East,Food,Cooking Oil,6,1294.45,5,Credit Card,Returned,4.2,2022,5,5
5661,ORD05662,2022-08-16,CUST0036,Amit,63,M,Central,Toys,Puzzle,3,3630.62,20,UPI,Delivered,1.7,2022,8,16
5663,ORD05664,2022-08-04,CUST0084,Meera,31,F,Central,Electronics,Phone,10,606.0,5,Cash,Delivered,2.9,2022,8,4
5664,ORD05665,2022-09-22,CUST2097,Nikhil,41,M,East,Toys,RC Car,9,3780.29,15,Credit Card,Returned,4.6,2022,9,22
5665,ORD05666,2022-11-27,CUST0035,Divya,57,F,West,Books,Textbook,2,2608.33,0,Net Banking,Delivered,2.0,2022,11,27
5666,ORD05667,2022-04-22,CUST2545,Divya,33,F,West,Clothing,Jacket,1,2514.81,5,Net Banking,Pending,3.1,2022,4,22
5667,ORD05668,2022-11-19,CUST2679,Suresh,33,M,South,Food,Biscuits,5,3203.93,20,Cash,Pending,3.6,2022,11,19
5668,ORD05669,2022-10-25,CUST2996,Suresh,51,M,Central,Toys,RC Car,1,1996.49,20,Credit Card,Returned,2.0,2022,10,25
5669,ORD05670,2022-01-05,CUST1029,Meera,37,F,Central,Furniture,Chair,3,2393.02,20,UPI,Cancelled,2.6,2022,1,5
5671,ORD05672,2022-01-13,CUST2978,Nikhil,38,M,East,Electronics,Headphones,4,4006.03,15,UPI,Pending,3.6,2022,1,13
5672,ORD05673,2022-06-30,CUST2205,Nisha,44,F,North,Electronics,Tablet,5,3143.77,10,UPI,Pending,3.8,2022,6,30
5673,ORD05674,2022-06-24,CUST2109,Rohan,22,M,East,Food,Rice 5kg,4,3207.93,20,Credit Card,Delivered,2.4,2022,6,24
5677,ORD05678,2022-05-04,CUST0092,Ritu,26,F,West,Furniture,Table,3,287.36,0,Debit Card,Pending,2.5,2022,5,4
5678,ORD05679,2022-07-01,CUST2372,Pooja,47,F,West,Furniture,Bookshelf,7,3718.36,20,Cash,Cancelled,,2022,7,1
5679,ORD05680,2022-08-26,CUST0776,Nisha,42,F,West,Food,Spices Pack,8,3132.96,10,Net Banking,Delivered,3.7,2022,8,26
5683,ORD05684,2022-10-08,CUST0757,Arjun,31,M,West,Sports,Badminton Set,6,1268.27,5,UPI,Cancelled,,2022,10,8
5685,ORD05686,2022-05-08,CUST0001,Nisha,38,F,East,Books,Novel,4,2405.05,0,Net Banking,Delivered,3.9,2022,5,8
5686,ORD05687,2022-08-26,CUST2277,Pooja,48,F,South,Sports,Yoga Mat,2,4579.99,5,UPI,Cancelled,4.0,2022,8,26
5687,ORD05688,2022-12-22,CUST2375,Asha,59,F,Central,Food,Dal 2kg,5,800.12,15,Credit Card,Pending,4.1,2022,12,22
5689,ORD05690,2022-01-13,CUST1490,Karan,65,M,Central,Toys,LEGO Set,7,120.29,20,Cash,Pending,4.8,2022,1,13
5691,ORD05692,2022-06-08,CUST0631,Rahul,65,M,North,Books,Self-Help,4,1439.89,10,Cash,Delivered,4.0,2022,6,8
5692,ORD05693,2022-02-26,CUST0225,Suresh,52,M,West,Electronics,Smartwatch,5,1243.03,20,UPI,Returned,3.2,2022,2,26
5695,ORD05696,2022-06-08,CUST0776,Kavya,52,F,East,Toys,Puzzle,6,3986.26,5,Debit Card,Delivered,,2022,6,8
5701,ORD05702,2022-12-03,CUST2223,Karan,29,M,Central,Food,Rice 5kg,5,1780.54,20,Debit Card,Delivered,,2022,12,3
5703,ORD05704,2022-11-09,CUST0871,Kavya,56,F,North,Sports,Badminton Set,9,3795.31,5,Net Banking,Delivered,,2022,11,9
5704,ORD05705,2022-06-30,CUST0196,Pooja,30,F,East,Toys,LEGO Set,9,4686.44,15,UPI,Delivered,3.4,2022,6,30
5705,ORD05706,2022-09-14,CUST2415,Asha,36,F,South,Toys,Board Game,3,3342.95,5,Debit Card,Cancelled,2.6,2022,9,14
5706,ORD05707,2022-08-15,CUST2637,Sneha,26,F,North,Clothing,Jacket,8,2484.1,20,UPI,Pending,,2022,8,15
5707,ORD05708,2022-02-07,CUST2432,Dev,31,M,Central,Clothing,Jeans,4,884.27,5,Net Banking,Returned,,2022,2,7
5708,ORD05709,2022-03-07,CUST1682,Nikhil,24,M,East,Furniture,Table,4,1750.38,0,Net Banking,Pending,2.2,2022,3,7
5713,ORD05714,2022-08-28,CUST2422,Karan,58,M,West,Books,Novel,4,2240.05,20,Debit Card,Returned,4.6,2022,8,28
5717,ORD05718,2022-01-14,CUST1664,Karan,22,M,North,Electronics,Phone,6,4907.57,20,UPI,Delivered,3.0,2022,1,14
5718,ORD05719,2022-01-22,CUST0538,Divya,43,F,South,Furniture,Chair,4,1540.97,15,Net Banking,Pending,,2022,1,22
5719,ORD05720,2022-02-14,CUST1784,Meera,28,F,North,Furniture,Table,3,3330.96,10,Debit Card,Returned,2.0,2022,2,14
5720,ORD05721,2022-09-18,CUST0271,Karan,55,M,Central,Sports,Football,1,421.05,20,Cash,Pending,1.2,2022,9,18
5722,ORD05723,2022-05-08,CUST0747,Divya,46,F,Central,Furniture,Table,2,3665.85,0,Credit Card,Returned,2.5,2022,5,8
5726,ORD05727,2022-03-02,CUST1566,Kavya,60,F,Central,Toys,Puzzle,10,769.72,20,Cash,Pending,2.0,2022,3,2
5727,ORD05728,2022-03-11,CUST1342,Arjun,65,M,Central,Toys,Doll,10,2489.08,5,Cash,Pending,,2022,3,11
5728,ORD05729,2022-05-01,CUST2238,Dev,64,M,South,Food,Cooking Oil,5,3343.21,0,Debit Card,Returned,1.4,2022,5,1
5729,ORD05730,2022-10-17,CUST0383,Ravi,27,M,East,Food,Spices Pack,8,266.91,10,Debit Card,Pending,1.8,2022,10,17
5730,ORD05731,2022-07-07,CUST2108,Kavya,59,F,North,Clothing,Jacket,5,3555.6,20,Credit Card,Pending,5.0,2022,7,7
5734,ORD05735,2022-02-09,CUST0399,Nisha,63,F,East,Food,Dal 2kg,4,3979.83,20,Credit Card,Returned,2.9,2022,2,9
5735,ORD05736,2022-04-09,CUST2406,Rahul,54,M,South,Furniture,Table,5,225.37,15,Net Banking,Returned,3.6,2022,4,9
5737,ORD05738,2022-06-10,CUST0997,Arjun,31,M,East,Sports,Cricket Bat,5,2331.03,10,Credit Card,Delivered,4.1,2022,6,10
5738,ORD05739,2022-04-30,CUST2517,Suresh,33,M,East,Clothing,Kurta,1,4135.87,0,Credit Card,Pending,4.2,2022,4,30
5739,ORD05740,2022-03-19,CUST0002,Vijay,62,M,Central,Electronics,Phone,2,3777.81,10,Debit Card,Pending,3.2,2022,3,19
5740,ORD05741,2022-12-17,CUST1108,Nikhil,21,M,North,Furniture,Sofa,10,3949.53,5,Debit Card,Delivered,1.4,2022,12,17
5743,ORD05744,2022-03-26,CUST2286,Nikhil,47,M,North,Electronics,Laptop,8,2005.59,10,Credit Card,Pending,2.3,2022,3,26
5744,ORD05745,2022-11-01,CUST2910,Rohan,45,M,West,Food,Rice 5kg,7,1261.79,10,Debit Card,Pending,4.9,2022,11,1
5747,ORD05748,2022-12-14,CUST1367,Sneha,62,F,Central,Furniture,Bed Frame,9,1871.83,0,Debit Card,Returned,2.7,2022,12,14
5748,ORD05749,2022-07-31,CUST1524,Amit,44,M,Central,Sports,Yoga Mat,5,2036.93,15,Credit Card,Returned,3.1,2022,7,31
5751,ORD05752,2022-06-12,CUST0577,Rohan,29,M,North,Electronics,Smartwatch,6,2310.97,20,Debit Card,Cancelled,2.1,2022,6,12
5753,ORD05754,2022-09-06,CUST1527,Nikhil,49,M,West,Sports,Cricket Bat,10,2217.25,15,Debit Card,Cancelled,3.0,2022,9,6
5759,ORD05760,2022-12-20,CUST2362,Amit,33,M,North,Food,Cooking Oil,1,2993.76,20,UPI,Returned,1.4,2022,12,20
5760,ORD05761,2022-09-27,CUST2739,Karan,50,M,Central,Books,Cookbook,7,3842.06,10,Credit Card,Cancelled,4.3,2022,9,27
5761,ORD05762,2022-03-26,CUST2556,Anita,47,F,East,Sports,Cricket Bat,8,1458.99,10,Net Banking,Cancelled,3.6,2022,3,26
5762,ORD05763,2022-11-04,CUST2513,Anita,47,F,East,Toys,Puzzle,6,4339.37,5,Debit Card,Cancelled,3.7,2022,11,4
5763,ORD05764,2022-09-24,CUST0175,Suresh,21,M,East,Books,Cookbook,4,1404.12,15,UPI,Delivered,3.3,2022,9,24
5766,ORD05767,2022-01-17,CUST0938,Dev,60,M,South,Books,Comics,2,1039.08,15,Credit Card,Delivered,2.9,2022,1,17
5770,ORD05771,2022-02-11,CUST0669,Asha,33,F,South,Sports,Yoga Mat,1,3762.31,20,Net Banking,Cancelled,4.2,2022,2,11
5771,ORD05772,2022-02-04,CUST1203,Ravi,27,M,East,Food,Dal 2kg,5,1727.28,10,Debit Card,Returned,3.4,2022,2,4
5772,ORD05773,2022-05-14,CUST1694,Rahul,34,M,South,Clothing,T-Shirt,4,3143.02,10,UPI,Returned,,2022,5,14
5776,ORD05777,2022-12-10,CUST1155,Anita,61,F,North,Food,Spices Pack,1,4595.01,10,Credit Card,Cancelled,1.1,2022,12,10
5779,ORD05780,2022-08-31,CUST0637,Karan,19,M,West,Books,Textbook,6,3771.87,10,UPI,Pending,3.5,2022,8,31
5780,ORD05781,2022-11-21,CUST2716,Meera,51,F,South,Electronics,Smartwatch,1,3668.77,20,Credit Card,Pending,1.6,2022,11,21
5781,ORD05782,2022-08-29,CUST1959,Ritu,26,F,East,Toys,Puzzle,4,4950.63,20,Credit Card,Returned,3.8,2022,8,29
5782,ORD05783,2022-03-22,CUST1592,Dev,32,M,Central,Books,Cookbook,6,1257.09,20,Debit Card,Cancelled,1.7,2022,3,22
5784,ORD05785,2022-02-04,CUST2320,Suresh,38,M,West,Books,Comics,1,2848.45,15,UPI,Returned,4.9,2022,2,4
5785,ORD05786,2022-12-28,CUST1853,Nikhil,42,M,Central,Furniture,Bed Frame,3,2819.55,15,Credit Card,Cancelled,3.1,2022,12,28
5786,ORD05787,2022-11-11,CUST2381,Rahul,57,M,South,Toys,RC Car,2,3479.85,0,Cash,Cancelled,4.3,2022,11,11
5787,ORD05788,2022-09-12,CUST1357,Ravi,65,M,Central,Food,Biscuits,8,890.37,15,UPI,Delivered,1.6,2022,9,12
5788,ORD05789,2022-08-17,CUST2236,Ravi,51,M,North,Toys,RC Car,8,1837.17,15,UPI,Delivered,4.5,2022,8,17
5792,ORD05793,2022-03-14,CUST0413,Nisha,47,F,South,Books,Comics,9,959.01,20,Net Banking,Delivered,2.6,2022,3,14
5793,ORD05794,2022-05-09,CUST2808,Dev,52,M,South,Sports,Cricket Bat,4,2594.85,15,Net Banking,Delivered,3.7,2022,5,9
5794,ORD05795,2022-09-15,CUST2498,Ritu,33,F,North,Furniture,Bookshelf,9,4930.86,10,Net Banking,Returned,3.3,2022,9,15
5796,ORD05797,2022-09-29,CUST1187,Divya,26,F,North,Sports,Football,3,2538.28,15,UPI,Delivered,2.0,2022,9,29
5800,ORD05801,2022-08-10,CUST0698,Amit,31,M,South,Toys,Doll,7,3764.11,0,Cash,Cancelled,3.3,2022,8,10
5802,ORD05803,2022-02-08,CUST2645,Divya,41,F,Central,Food,Spices Pack,3,3821.21,15,Debit Card,Returned,1.4,2022,2,8
5803,ORD05804,2022-11-20,CUST1761,Suresh,65,M,North,Electronics,Phone,9,3121.79,20,UPI,Pending,3.0,2022,11,20
5804,ORD05805,2022-12-28,CUST2101,Suresh,56,M,East,Electronics,Laptop,3,1916.76,5,Net Banking,Cancelled,2.1,2022,12,28
5805,ORD05806,2022-11-17,CUST0951,Meera,34,F,South,Furniture,Sofa,6,169.33,15,UPI,Pending,3.3,2022,11,17
5806,ORD05807,2022-03-23,CUST1087,Karan,46,M,East,Books,Novel,9,1854.12,0,Credit Card,Pending,4.2,2022,3,23
5807,ORD05808,2022-06-04,CUST2680,Nisha,32,F,South,Clothing,Jacket,3,1737.76,5,Net Banking,Delivered,3.2,2022,6,4
5810,ORD05811,2022-09-07,CUST2277,Vijay,22,M,Central,Toys,Board Game,7,2151.89,10,Debit Card,Pending,3.8,2022,9,7
5814,ORD05815,2022-10-01,CUST2878,Kavya,56,F,South,Books,Novel,2,180.45,20,Debit Card,Returned,2.4,2022,10,1
5817,ORD05818,2022-11-28,CUST2311,Amit,30,M,North,Toys,LEGO Set,4,2546.3,15,Credit Card,Cancelled,,2022,11,28
5823,ORD05824,2022-05-02,CUST2691,Karan,18,M,West,Food,Dal 2kg,8,2799.71,0,UPI,Cancelled,2.7,2022,5,2
5824,ORD05825,2022-09-30,CUST2915,Karan,61,M,West,Sports,Dumbbells,4,2873.71,20,Net Banking,Pending,1.4,2022,9,30
5825,ORD05826,2022-07-03,CUST1078,Ravi,58,M,Central,Food,Spices Pack,6,134.22,5,Debit Card,Delivered,1.5,2022,7,3
5828,ORD05829,2022-03-02,CUST0082,Dev,43,M,West,Toys,RC Car,1,1483.8,20,Credit Card,Cancelled,,2022,3,2
5829,ORD05830,2022-08-09,CUST0215,Sneha,19,F,Central,Food,Rice 5kg,9,4994.69,20,Cash,Cancelled,1.9,2022,8,9
5830,ORD05831,2022-07-02,CUST0583,Suresh,63,M,West,Sports,Badminton Set,3,2813.07,20,Net Banking,Returned,3.0,2022,7,2
5832,ORD05833,2022-08-14,CUST2157,Rohan,35,M,South,Furniture,Bed Frame,7,3294.46,0,Debit Card,Cancelled,4.3,2022,8,14
5834,ORD05835,2022-11-13,CUST2436,Rahul,43,M,Central,Books,Textbook,1,3163.66,15,Debit Card,Cancelled,2.3,2022,11,13
5835,ORD05836,2022-08-02,CUST0399,Asha,52,F,South,Clothing,Kurta,8,1620.69,20,Debit Card,Delivered,3.7,2022,8,2
5836,ORD05837,2022-01-07,CUST1682,Amit,24,M,West,Food,Dal 2kg,4,4075.83,5,Cash,Returned,1.8,2022,1,7
5837,ORD05838,2022-01-16,CUST0241,Ritu,36,F,Central,Food,Dal 2kg,4,4887.0,0,Credit Card,Cancelled,4.3,2022,1,16
5842,ORD05843,2022-10-08,CUST0904,Priya,19,F,North,Books,Cookbook,3,695.18,0,Debit Card,Returned,3.7,2022,10,8
5844,ORD05845,2022-01-19,CUST0915,Sneha,64,F,East,Electronics,Headphones,2,4035.68,20,Cash,Cancelled,3.8,2022,1,19
5846,ORD05847,2022-05-11,CUST1669,Meera,52,F,West,Books,Cookbook,10,2547.9,5,Net Banking,Returned,,2022,5,11
5847,ORD05848,2022-06-17,CUST0750,Meera,59,F,North,Clothing,Kurta,10,1365.78,10,Cash,Delivered,3.4,2022,6,17
5848,ORD05849,2022-03-13,CUST0654,Nikhil,33,M,East,Books,Self-Help,6,4440.47,10,Cash,Cancelled,3.0,2022,3,13
5850,ORD05851,2022-11-25,CUST1663,Ravi,40,M,North,Furniture,Bed Frame,1,3529.57,0,Debit Card,Cancelled,2.8,2022,11,25
5851,ORD05852,2022-12-18,CUST0828,Suresh,62,M,Central,Electronics,Headphones,6,4389.84,20,Net Banking,Returned,3.7,2022,12,18
5853,ORD05854,2022-05-01,CUST1823,Vijay,63,M,West,Clothing,Saree,4,4971.02,15,Credit Card,Cancelled,4.7,2022,5,1
5855,ORD05856,2022-09-28,CUST1122,Anita,26,F,North,Electronics,Tablet,6,1940.18,5,Net Banking,Pending,2.8,2022,9,28
5859,ORD05860,2022-03-17,CUST1685,Meera,19,F,Central,Electronics,Laptop,1,900.0,0,Cash,Returned,1.5,2022,3,17
5861,ORD05862,2022-01-09,CUST0566,Vijay,26,M,East,Sports,Badminton Set,3,643.65,10,Credit Card,Cancelled,,2022,1,9
5864,ORD05865,2022-06-19,CUST0661,Vijay,65,M,East,Toys,Puzzle,10,705.47,20,Cash,Returned,3.5,2022,6,19
5865,ORD05866,2022-07-10,CUST2512,Meera,20,F,Central,Food,Cooking Oil,8,1369.41,0,UPI,Cancelled,2.1,2022,7,10
5867,ORD05868,2022-12-12,CUST2288,Ritu,65,F,East,Electronics,Headphones,6,4858.08,10,UPI,Delivered,2.1,2022,12,12
5869,ORD05870,2022-01-16,CUST1148,Suresh,27,M,North,Books,Comics,10,1530.76,5,UPI,Returned,4.1,2022,1,16
5871,ORD05872,2022-01-25,CUST0564,Kavya,18,F,South,Books,Cookbook,6,1487.32,0,Net Banking,Cancelled,4.6,2022,1,25
5872,ORD05873,2022-11-18,CUST1979,Ritu,30,F,North,Food,Rice 5kg,3,2412.53,0,Cash,Returned,3.8,2022,11,18
5873,ORD05874,2022-04-23,CUST0201,Rahul,21,M,Central,Electronics,Laptop,4,2958.62,0,Cash,Returned,,2022,4,23
5874,ORD05875,2022-12-09,CUST1907,Rahul,50,M,Central,Clothing,Kurta,9,2431.24,0,Cash,Cancelled,2.2,2022,12,9
5875,ORD05876,2022-05-23,CUST1502,Meera,41,F,South,Electronics,Laptop,7,922.11,10,Debit Card,Cancelled,4.7,2022,5,23
5876,ORD05877,2022-06-12,CUST2908,Rohan,65,M,North,Furniture,Bed Frame,2,1620.75,10,UPI,Returned,1.7,2022,6,12
5881,ORD05882,2022-05-04,CUST0504,Suresh,33,M,East,Clothing,Jacket,8,1453.21,10,Cash,Delivered,4.0,2022,5,4
5885,ORD05886,2022-12-10,CUST2589,Vijay,42,M,South,Sports,Badminton Set,5,1368.42,0,Cash,Delivered,2.1,2022,12,10
5888,ORD05889,2022-12-18,CUST1312,Suresh,53,M,Central,Clothing,Kurta,9,3725.52,20,Credit Card,Pending,4.1,2022,12,18
5890,ORD05891,2022-03-10,CUST2712,Kavya,48,F,East,Electronics,Phone,2,1099.88,5,Credit Card,Cancelled,3.0,2022,3,10
5891,ORD05892,2022-05-12,CUST2408,Kavya,46,F,South,Toys,LEGO Set,10,4129.23,15,Credit Card,Pending,,2022,5,12
5894,ORD05895,2022-02-20,CUST2203,Karan,19,M,South,Electronics,Smartwatch,6,1665.86,0,Credit Card,Cancelled,4.0,2022,2,20
5896,ORD05897,2022-03-20,CUST0811,Amit,44,M,West,Toys,Board Game,5,3214.11,15,Net Banking,Delivered,,2022,3,20
5897,ORD05898,2022-03-08,CUST2918,Kavya,60,F,East,Clothing,Kurta,8,3116.13,20,Net Banking,Delivered,3.3,2022,3,8
5899,ORD05900,2022-09-20,CUST0271,Amit,42,M,South,Furniture,Chair,6,1026.01,15,Cash,Delivered,1.9,2022,9,20
5900,ORD05901,2022-02-14,CUST1281,Suresh,18,M,Central,Electronics,Laptop,5,3387.79,5,Net Banking,Returned,1.6,2022,2,14
5903,ORD05904,2022-06-13,CUST1268,Vijay,26,M,East,Electronics,Laptop,4,3329.11,0,Debit Card,Pending,1.5,2022,6,13
5904,ORD05905,2022-04-28,CUST2419,Dev,49,M,North,Clothing,Kurta,9,553.23,5,Credit Card,Returned,,2022,4,28
5905,ORD05906,2022-11-23,CUST0735,Meera,62,F,South,Clothing,Jeans,7,85.79,5,Debit Card,Delivered,1.9,2022,11,23
5906,ORD05907,2022-11-28,CUST0008,Anita,57,F,South,Clothing,Jeans,3,309.95,20,UPI,Returned,4.5,2022,11,28
5909,ORD05910,2022-10-04,CUST1029,Sneha,48,F,North,Sports,Football,4,1005.33,10,UPI,Returned,1.1,2022,10,4
5913,ORD05914,2022-11-14,CUST0236,Asha,46,F,East,Clothing,T-Shirt,1,1121.62,10,Debit Card,Returned,2.1,2022,11,14
5915,ORD05916,2022-02-22,CUST2484,Ritu,37,F,East,Sports,Badminton Set,2,4725.61,20,Cash,Delivered,2.7,2022,2,22
5917,ORD05918,2022-07-21,CUST1264,Ravi,54,M,East,Sports,Cricket Bat,9,3871.41,0,Net Banking,Pending,4.2,2022,7,21
5918,ORD05919,2022-07-05,CUST2407,Amit,53,M,North,Food,Cooking Oil,6,1349.51,20,UPI,Pending,3.2,2022,7,5
5919,ORD05920,2022-12-31,CUST1217,Divya,48,F,North,Sports,Football,3,2846.73,5,Net Banking,Returned,3.8,2022,12,31
5923,ORD05924,2022-09-04,CUST1323,Rohan,54,M,North,Clothing,Jeans,2,2627.88,20,UPI,Cancelled,3.1,2022,9,4
5925,ORD05926,2022-05-07,CUST2514,Vijay,49,M,South,Toys,LEGO Set,9,2976.54,10,UPI,Cancelled,4.6,2022,5,7
5926,ORD05927,2022-11-17,CUST0075,Arjun,49,M,East,Books,Novel,8,3788.81,15,Net Banking,Cancelled,4.1,2022,11,17
5927,ORD05928,2022-02-24,CUST2581,Ravi,30,M,Central,Toys,Puzzle,8,4672.07,20,Debit Card,Pending,1.2,2022,2,24
5928,ORD05929,2022-09-13,CUST1999,Asha,21,F,East,Furniture,Chair,10,4435.73,0,Debit Card,Pending,1.3,2022,9,13
5931,ORD05932,2022-10-20,CUST0350,Meera,62,F,West,Food,Cooking Oil,1,1580.43,0,Net Banking,Pending,3.9,2022,10,20
5933,ORD05934,2022-06-11,CUST2748,Asha,52,F,East,Furniture,Bed Frame,4,1100.47,15,Debit Card,Pending,1.1,2022,6,11
5938,ORD05939,2022-02-01,CUST0733,Priya,55,F,East,Sports,Yoga Mat,6,2078.3,0,Net Banking,Delivered,4.5,2022,2,1
5939,ORD05940,2022-10-04,CUST1968,Ravi,56,M,Central,Sports,Football,6,3748.1,5,Net Banking,Cancelled,2.6,2022,10,4
5940,ORD05941,2022-05-07,CUST0182,Ritu,55,F,Central,Sports,Football,7,3647.24,20,UPI,Cancelled,2.4,2022,5,7
5941,ORD05942,2022-11-03,CUST0804,Ravi,58,M,South,Furniture,Bookshelf,8,1324.59,10,UPI,Pending,2.7,2022,11,3
5945,ORD05946,2022-08-30,CUST0527,Dev,50,M,West,Sports,Dumbbells,1,2172.51,15,Debit Card,Delivered,1.8,2022,8,30
5946,ORD05947,2022-04-19,CUST0780,Sneha,45,F,Central,Clothing,Jacket,3,2814.77,20,Debit Card,Returned,4.4,2022,4,19
5948,ORD05949,2022-09-06,CUST2497,Nisha,46,F,North,Electronics,Headphones,4,2673.37,20,Credit Card,Pending,3.4,2022,9,6
5949,ORD05950,2022-03-19,CUST2289,Nisha,23,F,West,Food,Biscuits,9,4060.93,0,Net Banking,Delivered,1.1,2022,3,19
5950,ORD05951,2022-04-11,CUST1214,Amit,20,M,North,Clothing,Kurta,2,1532.88,15,Credit Card,Pending,3.2,2022,4,11
5954,ORD05955,2022-06-19,CUST0239,Ritu,63,F,West,Food,Dal 2kg,10,4145.21,20,Debit Card,Returned,4.7,2022,6,19
5958,ORD05959,2022-09-13,CUST0679,Rohan,18,M,West,Food,Spices Pack,10,2350.25,0,Cash,Delivered,,2022,9,13
5959,ORD05960,2022-12-14,CUST1895,Nikhil,28,M,East,Clothing,Jacket,9,616.19,0,Net Banking,Cancelled,,2022,12,14
5960,ORD05961,2022-09-06,CUST0665,Nikhil,49,M,South,Electronics,Smartwatch,6,2681.08,10,UPI,Pending,1.4,2022,9,6
5962,ORD05963,2022-09-13,CUST0009,Nikhil,27,M,East,Clothing,Jeans,10,457.99,0,Debit Card,Pending,2.4,2022,9,13
5969,ORD05970,2022-05-16,CUST1089,Anita,43,F,North,Food,Dal 2kg,1,2859.88,10,UPI,Returned,1.2,2022,5,16
5973,ORD05974,2022-11-29,CUST2507,Ravi,54,M,South,Electronics,Laptop,1,2621.54,0,Cash,Returned,4.1,2022,11,29
5974,ORD05975,2022-10-29,CUST1519,Divya,63,F,Central,Furniture,Table,10,2280.66,10,Debit Card,Pending,2.4,2022,10,29
5975,ORD05976,2022-12-10,CUST1023,Sneha,61,F,North,Furniture,Table,5,2620.75,10,Debit Card,Cancelled,1.2,2022,12,10
5977,ORD05978,2022-08-13,CUST0621,Priya,32,F,North,Furniture,Table,1,2868.02,10,Credit Card,Returned,1.5,2022,8,13
5978,ORD05979,2022-09-10,CUST2109,Amit,37,M,Central,Toys,LEGO Set,4,736.52,5,Net Banking,Cancelled,3.2,2022,9,10
5980,ORD05981,2022-02-03,CUST0227,Rohan,35,M,South,Electronics,Tablet,4,3509.5,15,Net Banking,Pending,2.7,2022,2,3
5982,ORD05983,2022-12-13,CUST2275,Karan,47,M,North,Clothing,T-Shirt,4,896.85,0,Credit Card,Pending,,2022,12,13
5983,ORD05984,2022-08-23,CUST0621,Ravi,27,M,Central,Food,Dal 2kg,5,3811.77,15,UPI,Delivered,3.2,2022,8,23
5985,ORD05986,2022-04-18,CUST1817,Asha,40,F,North,Electronics,Tablet,5,592.56,5,Credit Card,Cancelled,3.9,2022,4,18
5986,ORD05987,2022-11-30,CUST2908,Amit,48,M,East,Food,Cooking Oil,10,3289.74,0,Debit Card,Delivered,3.8,2022,11,30
5987,ORD05988,2022-02-03,CUST0963,Ritu,48,F,East,Toys,Board Game,10,322.37,5,Debit Card,Delivered,4.5,2022,2,3
5993,ORD05994,2022-11-26,CUST0503,Pooja,23,F,West,Furniture,Bookshelf,9,2220.7,0,Net Banking,Delivered,2.2,2022,11,26
5994,ORD05995,2022-05-29,CUST2465,Karan,57,M,West,Clothing,Jacket,1,4817.9,10,Debit Card,Cancelled,1.6,2022,5,29
5995,ORD05996,2022-02-22,CUST2062,Divya,25,F,West,Sports,Yoga Mat,10,3941.4,0,Credit Card,Pending,3.2,2022,2,22
5996,ORD05997,2022-10-25,CUST1971,Suresh,20,M,South,Furniture,Bed Frame,7,1390.78,0,Debit Card,Returned,4.9,2022,10,25
5998,ORD05999,2022-07-05,CUST1545,Arjun,18,M,Central,Sports,Badminton Set,10,4595.37,20,UPI,Returned,5.0,2022,7,5
5999,ORD06000,2022-07-21,CUST2661,Rahul,40,M,East,Electronics,Phone,1,797.69,5,Credit Card,Returned,3.6,2022,7,21
6000,ORD06001,2022-09-15,CUST2262,Pooja,22,F,South,Electronics,Phone,4,3835.64,10,Credit Card,Cancelled,3.5,2022,9,15
6003,ORD06004,2022-01-26,CUST0607,Anita,45,F,Central,Books,Comics,8,3000.74,0,Net Banking,Returned,3.0,2022,1,26
6006,ORD06007,2022-12-21,CUST2680,Nikhil,24,M,South,Toys,LEGO Set,1,4910.54,15,Debit Card,Returned,,2022,12,21
6007,ORD06008,2022-12-14,CUST1125,Vijay,64,M,Central,Furniture,Table,10,3865.56,15,Debit Card,Cancelled,1.9,2022,12,14
6008,ORD06009,2022-11-21,CUST1912,Karan,61,M,Central,Clothing,T-Shirt,5,2756.81,5,Credit Card,Returned,4.3,2022,11,21
6010,ORD06011,2022-04-12,CUST2883,Arjun,51,M,North,Sports,Cricket Bat,8,4454.73,15,Net Banking,Delivered,2.0,2022,4,12
6011,ORD06012,2022-05-31,CUST0829,Priya,41,F,West,Electronics,Laptop,4,2096.12,0,Net Banking,Delivered,1.3,2022,5,31
6013,ORD06014,2022-09-15,CUST0152,Dev,24,M,Central,Sports,Dumbbells,6,1079.88,10,UPI,Returned,2.0,2022,9,15
6014,ORD06015,2022-04-20,CUST2908,Pooja,34,F,South,Clothing,Saree,4,4484.98,10,Credit Card,Delivered,1.4,2022,4,20
6015,ORD06016,2022-11-28,CUST1524,Nisha,36,F,West,Clothing,T-Shirt,1,3872.06,5,Net Banking,Delivered,2.2,2022,11,28
6016,ORD06017,2022-10-14,CUST2845,Anita,24,F,West,Clothing,Jacket,10,1642.05,20,Cash,Pending,4.3,2022,10,14
6017,ORD06018,2022-06-05,CUST0352,Anita,56,F,Central,Clothing,Saree,2,3067.52,20,Net Banking,Returned,4.2,2022,6,5
6022,ORD06023,2022-12-11,CUST0284,Vijay,39,M,West,Sports,Cricket Bat,1,2578.34,20,Cash,Cancelled,4.2,2022,12,11
6023,ORD06024,2022-06-24,CUST0723,Priya,28,F,East,Toys,Puzzle,4,4532.04,15,Credit Card,Pending,3.1,2022,6,24
6024,ORD06025,2022-11-20,CUST1088,Dev,27,M,North,Furniture,Sofa,4,512.29,5,Debit Card,Pending,3.1,2022,11,20
6025,ORD06026,2022-02-15,CUST1261,Dev,39,M,West,Food,Spices Pack,5,4893.02,5,Debit Card,Cancelled,4.3,2022,2,15
6026,ORD06027,2022-06-16,CUST2634,Arjun,50,M,North,Clothing,T-Shirt,4,4516.88,20,Debit Card,Returned,1.4,2022,6,16
6028,ORD06029,2022-08-31,CUST0299,Anita,21,F,West,Toys,RC Car,6,2163.53,15,Cash,Cancelled,2.8,2022,8,31
6030,ORD06031,2022-01-11,CUST2711,Vijay,31,M,West,Books,Novel,2,3011.77,10,Debit Card,Returned,2.5,2022,1,11
6033,ORD06034,2022-01-10,CUST1456,Vijay,31,M,East,Clothing,T-Shirt,5,1549.45,10,UPI,Pending,1.0,2022,1,10
6034,ORD06035,2022-05-17,CUST1983,Sneha,29,F,East,Toys,Doll,8,4813.88,20,Cash,Returned,3.0,2022,5,17
6037,ORD06038,2022-09-14,CUST0101,Ritu,18,F,Central,Sports,Yoga Mat,7,3878.49,20,Net Banking,Delivered,4.9,2022,9,14
6040,ORD06041,2022-05-25,CUST2895,Nisha,51,F,East,Electronics,Phone,1,2929.49,0,Net Banking,Pending,1.9,2022,5,25
6042,ORD06043,2022-12-05,CUST2443,Pooja,25,F,East,Toys,RC Car,5,3112.64,0,Credit Card,Returned,2.2,2022,12,5
6046,ORD06047,2022-01-16,CUST0973,Pooja,37,F,South,Books,Cookbook,3,846.43,20,Net Banking,Pending,3.4,2022,1,16
6047,ORD06048,2022-03-07,CUST1664,Asha,29,F,East,Food,Dal 2kg,6,894.75,20,Debit Card,Returned,1.3,2022,3,7
6048,ORD06049,2022-02-05,CUST1659,Sneha,21,F,East,Sports,Dumbbells,6,4026.61,5,Cash,Cancelled,1.1,2022,2,5
6051,ORD06052,2022-10-15,CUST1695,Dev,64,M,East,Sports,Cricket Bat,10,1307.38,10,Cash,Delivered,4.4,2022,10,15
6052,ORD06053,2022-02-21,CUST0561,Karan,61,M,North,Sports,Cricket Bat,6,2753.62,5,UPI,Pending,4.3,2022,2,21
6053,ORD06054,2022-04-06,CUST2061,Nikhil,36,M,Central,Electronics,Phone,5,1414.23,0,Net Banking,Returned,1.9,2022,4,6
6056,ORD06057,2022-04-01,CUST2073,Vijay,44,M,North,Electronics,Laptop,2,4463.54,10,UPI,Cancelled,2.4,2022,4,1
6059,ORD06060,2022-02-16,CUST2832,Arjun,31,M,North,Sports,Yoga Mat,7,4649.16,10,Credit Card,Delivered,1.4,2022,2,16
6060,ORD06061,2022-12-17,CUST0036,Dev,65,M,South,Books,Comics,10,4175.69,5,UPI,Delivered,1.2,2022,12,17
6067,ORD06068,2022-01-07,CUST2166,Arjun,55,M,South,Food,Rice 5kg,3,1287.57,5,Credit Card,Cancelled,4.0,2022,1,7
6068,ORD06069,2022-04-09,CUST2660,Ravi,47,M,West,Books,Textbook,7,4669.5,15,Cash,Pending,2.0,2022,4,9
6071,ORD06072,2022-04-26,CUST2308,Pooja,31,F,Central,Toys,Board Game,1,105.7,20,Credit Card,Returned,2.3,2022,4,26
6072,ORD06073,2022-06-18,CUST0762,Nikhil,58,M,Central,Food,Rice 5kg,7,2522.1,0,Credit Card,Cancelled,2.2,2022,6,18
6073,ORD06074,2022-12-26,CUST0186,Ravi,55,M,Central,Electronics,Laptop,1,2336.01,5,UPI,Returned,1.5,2022,12,26
6077,ORD06078,2022-09-26,CUST0754,Dev,41,M,South,Sports,Badminton Set,6,2494.49,5,Credit Card,Cancelled,3.8,2022,9,26
6078,ORD06079,2022-08-11,CUST1095,Priya,41,F,West,Books,Textbook,4,2281.57,20,UPI,Delivered,1.2,2022,8,11
6080,ORD06081,2022-06-26,CUST2579,Amit,64,M,West,Furniture,Chair,3,2492.21,15,Debit Card,Cancelled,,2022,6,26
6081,ORD06082,2022-12-15,CUST2565,Dev,31,M,North,Toys,Puzzle,9,4762.19,15,Cash,Returned,,2022,12,15
6082,ORD06083,2022-08-21,CUST2253,Meera,31,F,South,Sports,Football,7,2135.19,10,Cash,Pending,3.0,2022,8,21
6083,ORD06084,2022-07-10,CUST2428,Rahul,58,M,South,Clothing,T-Shirt,6,1716.22,10,Credit Card,Pending,4.6,2022,7,10
6084,ORD06085,2022-02-13,CUST2323,Rahul,48,M,South,Food,Rice 5kg,9,3657.36,10,Cash,Delivered,4.9,2022,2,13
6085,ORD06086,2022-01-09,CUST1366,Dev,21,M,North,Sports,Cricket Bat,9,3486.56,15,Credit Card,Returned,3.4,2022,1,9
6088,ORD06089,2022-04-26,CUST0886,Divya,23,F,Central,Sports,Yoga Mat,10,60.89,20,Cash,Cancelled,,2022,4,26
6089,ORD06090,2022-03-25,CUST2402,Ravi,28,M,South,Food,Dal 2kg,1,76.88,20,UPI,Returned,4.6,2022,3,25
6093,ORD06094,2022-07-03,CUST0752,Asha,37,F,Central,Food,Biscuits,2,670.94,20,Credit Card,Pending,4.3,2022,7,3
6094,ORD06095,2022-11-27,CUST1042,Ritu,64,F,West,Furniture,Chair,9,3096.58,15,Cash,Returned,3.1,2022,11,27
6095,ORD06096,2022-05-26,CUST2111,Amit,23,M,North,Furniture,Chair,3,4774.17,20,UPI,Delivered,2.5,2022,5,26
6096,ORD06097,2022-05-29,CUST1993,Anita,25,F,North,Furniture,Bed Frame,10,4127.83,5,UPI,Cancelled,1.5,2022,5,29
6097,ORD06098,2022-02-28,CUST0150,Nisha,24,F,East,Clothing,T-Shirt,2,4733.33,15,Cash,Delivered,2.8,2022,2,28
6098,ORD06099,2022-05-08,CUST1125,Arjun,18,M,East,Toys,Puzzle,8,3287.13,20,Cash,Returned,1.5,2022,5,8
6099,ORD06100,2022-03-25,CUST2081,Ravi,36,M,South,Clothing,T-Shirt,1,3046.49,10,Debit Card,Cancelled,,2022,3,25
6113,ORD06114,2022-11-24,CUST1024,Karan,61,M,West,Toys,RC Car,9,2946.86,20,Cash,Returned,,2022,11,24
6114,ORD06115,2022-08-22,CUST0077,Priya,42,F,Central,Furniture,Bookshelf,9,853.59,15,UPI,Cancelled,4.8,2022,8,22
6115,ORD06116,2022-05-30,CUST1561,Divya,63,F,West,Food,Cooking Oil,2,1676.22,15,UPI,Pending,3.4,2022,5,30
6118,ORD06119,2022-10-02,CUST2308,Anita,22,F,Central,Clothing,T-Shirt,6,846.63,15,Credit Card,Cancelled,4.8,2022,10,2
6121,ORD06122,2022-07-08,CUST1662,Ravi,22,M,Central,Sports,Dumbbells,4,1631.2,5,Cash,Returned,1.2,2022,7,8
6123,ORD06124,2022-04-03,CUST0488,Nisha,44,F,Central,Clothing,Jacket,5,696.11,15,UPI,Pending,3.4,2022,4,3
6125,ORD06126,2022-04-26,CUST2263,Ravi,57,M,Central,Sports,Badminton Set,2,3823.53,10,Net Banking,Returned,1.3,2022,4,26
6127,ORD06128,2022-07-25,CUST0782,Divya,55,F,East,Sports,Badminton Set,10,2569.81,20,Net Banking,Returned,3.9,2022,7,25
6128,ORD06129,2022-02-16,CUST2316,Vijay,58,M,West,Toys,RC Car,5,3129.99,15,Net Banking,Cancelled,1.4,2022,2,16
6129,ORD06130,2022-04-08,CUST1857,Priya,33,F,North,Electronics,Phone,9,2057.03,10,Debit Card,Pending,1.1,2022,4,8
6131,ORD06132,2022-02-08,CUST0190,Dev,52,M,Central,Toys,Puzzle,3,2236.81,10,Net Banking,Delivered,3.0,2022,2,8
6134,ORD06135,2022-06-27,CUST0035,Arjun,44,M,Central,Food,Spices Pack,6,1354.87,5,UPI,Returned,4.4,2022,6,27
6135,ORD06136,2022-06-11,CUST0532,Pooja,54,F,Central,Clothing,Kurta,7,2918.02,5,UPI,Cancelled,4.5,2022,6,11
6137,ORD06138,2022-05-23,CUST0138,Anita,30,F,East,Books,Textbook,6,4449.75,15,UPI,Pending,1.8,2022,5,23
6138,ORD06139,2022-10-31,CUST1684,Rohan,44,M,East,Books,Comics,4,257.19,20,Net Banking,Delivered,4.0,2022,10,31
6140,ORD06141,2022-01-30,CUST2083,Priya,48,F,Central,Furniture,Chair,4,143.82,20,UPI,Returned,3.6,2022,1,30
6142,ORD06143,2022-05-03,CUST2961,Amit,22,M,South,Sports,Dumbbells,3,757.78,5,Cash,Delivered,1.9,2022,5,3
6143,ORD06144,2022-01-05,CUST1941,Rahul,34,M,Central,Toys,LEGO Set,10,1703.78,10,UPI,Delivered,3.8,2022,1,5
6145,ORD06146,2022-10-06,CUST2887,Ritu,59,F,West,Food,Dal 2kg,3,3734.42,20,Credit Card,Delivered,4.3,2022,10,6
6146,ORD06147,2022-10-27,CUST0514,Dev,24,M,North,Sports,Football,4,2837.0,20,Debit Card,Returned,2.9,2022,10,27
6148,ORD06149,2022-02-24,CUST0513,Asha,56,F,South,Books,Self-Help,9,535.54,5,UPI,Delivered,4.6,2022,2,24
6150,ORD06151,2022-10-10,CUST0400,Amit,41,M,North,Food,Dal 2kg,9,4264.01,0,Net Banking,Cancelled,4.9,2022,10,10
6151,ORD06152,2022-04-12,CUST0554,Nisha,36,F,West,Clothing,Kurta,3,3856.24,20,UPI,Delivered,1.4,2022,4,12
6152,ORD06153,2022-02-24,CUST0090,Asha,54,F,Central,Toys,Board Game,10,3139.36,15,Cash,Returned,3.0,2022,2,24
6153,ORD06154,2022-05-22,CUST0616,Vijay,30,M,East,Sports,Football,2,3194.42,0,Debit Card,Pending,5.0,2022,5,22
6154,ORD06155,2022-12-06,CUST1856,Arjun,56,M,North,Books,Novel,10,1218.08,5,Debit Card,Pending,1.4,2022,12,6
6155,ORD06156,2022-08-19,CUST0052,Nikhil,48,M,North,Food,Rice 5kg,10,4968.98,15,UPI,Cancelled,1.9,2022,8,19
6161,ORD06162,2022-10-03,CUST2199,Vijay,51,M,East,Toys,Doll,8,170.24,0,UPI,Returned,3.7,2022,10,3
6163,ORD06164,2022-08-27,CUST2809,Dev,27,M,Central,Furniture,Sofa,1,4634.78,10,Cash,Pending,3.8,2022,8,27
6165,ORD06166,2022-11-01,CUST0696,Anita,52,F,Central,Toys,LEGO Set,9,3010.18,15,UPI,Pending,,2022,11,1
6166,ORD06167,2022-12-21,CUST0850,Dev,51,M,East,Sports,Badminton Set,6,1190.19,10,Cash,Delivered,2.4,2022,12,21
6167,ORD06168,2022-03-01,CUST2437,Divya,63,F,West,Toys,LEGO Set,2,4593.53,0,Debit Card,Pending,2.5,2022,3,1
6168,ORD06169,2022-11-10,CUST0673,Vijay,50,M,Central,Books,Textbook,5,566.27,5,Debit Card,Returned,3.8,2022,11,10
6170,ORD06171,2022-09-25,CUST1619,Rohan,60,M,East,Furniture,Table,10,3660.31,15,Net Banking,Delivered,,2022,9,25
6171,ORD06172,2022-02-21,CUST2099,Pooja,59,F,West,Sports,Badminton Set,10,526.96,0,Net Banking,Returned,2.5,2022,2,21
6174,ORD06175,2022-04-05,CUST0781,Suresh,44,M,South,Toys,Doll,3,2187.49,0,Net Banking,Cancelled,4.7,2022,4,5
6175,ORD06176,2022-02-19,CUST0417,Arjun,57,M,North,Toys,RC Car,3,284.77,15,Cash,Pending,,2022,2,19
6180,ORD06181,2022-11-20,CUST2806,Meera,41,F,East,Furniture,Table,6,1867.11,15,Net Banking,Delivered,4.2,2022,11,20
6181,ORD06182,2022-05-22,CUST2394,Ritu,25,F,South,Toys,Doll,4,1047.79,20,Credit Card,Cancelled,2.7,2022,5,22
6182,ORD06183,2022-12-17,CUST1047,Amit,23,M,South,Books,Textbook,10,743.93,20,UPI,Delivered,,2022,12,17
6183,ORD06184,2022-11-23,CUST2882,Priya,63,F,Central,Toys,Puzzle,8,478.58,0,Net Banking,Returned,2.5,2022,11,23
6184,ORD06185,2022-03-11,CUST2399,Arjun,23,M,North,Toys,LEGO Set,1,2553.03,20,Credit Card,Delivered,1.7,2022,3,11
6185,ORD06186,2022-05-24,CUST1504,Arjun,56,M,Central,Sports,Dumbbells,5,353.35,20,Debit Card,Cancelled,2.1,2022,5,24
6186,ORD06187,2022-07-02,CUST2148,Ritu,29,F,East,Sports,Dumbbells,9,3746.38,20,UPI,Pending,3.2,2022,7,2
6188,ORD06189,2022-07-27,CUST2114,Nisha,37,F,Central,Electronics,Phone,3,3614.43,10,Cash,Returned,3.6,2022,7,27
6190,ORD06191,2022-12-23,CUST1563,Rohan,59,M,East,Electronics,Smartwatch,1,3176.27,15,UPI,Returned,3.0,2022,12,23
6191,ORD06192,2022-11-13,CUST2251,Vijay,56,M,South,Toys,Board Game,4,981.1,15,Credit Card,Delivered,1.8,2022,11,13
6192,ORD06193,2022-11-02,CUST0826,Ritu,47,F,South,Toys,Board Game,9,311.17,20,Credit Card,Returned,2.6,2022,11,2
6193,ORD06194,2022-06-16,CUST1006,Divya,51,F,South,Toys,LEGO Set,6,3048.12,20,UPI,Cancelled,3.4,2022,6,16
6195,ORD06196,2022-12-07,CUST2455,Anita,65,F,North,Electronics,Phone,1,239.72,0,Credit Card,Pending,3.3,2022,12,7
6196,ORD06197,2022-03-11,CUST0506,Kavya,30,F,East,Food,Cooking Oil,5,2899.0,10,UPI,Cancelled,3.9,2022,3,11
6198,ORD06199,2022-03-15,CUST1253,Rohan,61,M,North,Food,Biscuits,1,1516.2,0,Debit Card,Cancelled,1.5,2022,3,15
6199,ORD06200,2022-07-22,CUST1073,Priya,40,F,East,Clothing,Kurta,9,4433.82,15,Debit Card,Pending,1.3,2022,7,22
6204,ORD06205,2022-09-21,CUST2789,Ravi,21,M,West,Clothing,Kurta,3,1023.11,10,Credit Card,Returned,1.6,2022,9,21
6205,ORD06206,2022-01-04,CUST0625,Suresh,32,M,South,Electronics,Phone,6,1109.61,0,UPI,Pending,2.9,2022,1,4
6206,ORD06207,2022-10-16,CUST0229,Meera,40,F,East,Food,Rice 5kg,6,552.61,15,UPI,Delivered,3.2,2022,10,16
6209,ORD06210,2022-12-26,CUST2108,Anita,20,F,West,Toys,Puzzle,3,2008.82,10,Debit Card,Cancelled,1.2,2022,12,26
6214,ORD06215,2022-01-17,CUST0425,Arjun,45,M,South,Toys,RC Car,1,4403.65,0,Cash,Cancelled,2.3,2022,1,17
6216,ORD06217,2022-02-22,CUST0877,Vijay,44,M,North,Sports,Cricket Bat,7,3806.97,15,Cash,Delivered,1.7,2022,2,22
6219,ORD06220,2022-01-28,CUST0046,Nikhil,33,M,West,Sports,Cricket Bat,6,2741.21,5,Net Banking,Cancelled,1.1,2022,1,28
6220,ORD06221,2022-08-14,CUST1845,Asha,61,F,Central,Electronics,Smartwatch,3,4668.1,5,Cash,Delivered,3.4,2022,8,14
6221,ORD06222,2022-10-19,CUST1657,Asha,51,F,East,Toys,Board Game,4,2059.18,15,Debit Card,Cancelled,2.3,2022,10,19
6222,ORD06223,2022-08-16,CUST0635,Vijay,30,M,East,Food,Dal 2kg,5,4392.14,5,Credit Card,Pending,2.9,2022,8,16
6223,ORD06224,2022-03-23,CUST2055,Rohan,63,M,West,Clothing,Kurta,10,3365.8,0,Cash,Delivered,2.7,2022,3,23
6225,ORD06226,2022-06-27,CUST2650,Dev,41,M,East,Food,Cooking Oil,9,3862.3,20,Debit Card,Delivered,3.7,2022,6,27
6226,ORD06227,2022-04-13,CUST2308,Amit,26,M,East,Books,Novel,4,4542.61,0,UPI,Cancelled,4.8,2022,4,13
6228,ORD06229,2022-06-05,CUST2761,Suresh,20,M,West,Toys,Board Game,3,3896.21,5,Debit Card,Pending,4.3,2022,6,5
6232,ORD06233,2022-08-08,CUST1438,Nisha,35,F,East,Food,Dal 2kg,10,2976.32,0,Cash,Delivered,2.6,2022,8,8
6234,ORD06235,2022-05-01,CUST1864,Priya,64,F,North,Food,Cooking Oil,3,348.62,15,UPI,Returned,1.6,2022,5,1
6235,ORD06236,2022-10-16,CUST0539,Ritu,34,F,North,Furniture,Sofa,1,4734.27,20,Net Banking,Pending,4.1,2022,10,16
6241,ORD06242,2022-06-16,CUST1678,Divya,24,F,East,Toys,Puzzle,9,3404.87,0,UPI,Pending,3.5,2022,6,16
6242,ORD06243,2022-12-18,CUST2111,Nisha,31,F,Central,Toys,LEGO Set,2,4047.3,15,Debit Card,Returned,3.3,2022,12,18
6243,ORD06244,2022-11-10,CUST2485,Karan,40,M,West,Furniture,Chair,10,4529.95,15,Net Banking,Returned,1.6,2022,11,10
6244,ORD06245,2022-08-14,CUST1228,Rahul,35,M,Central,Sports,Badminton Set,6,1415.07,10,Cash,Cancelled,4.1,2022,8,14
6247,ORD06248,2022-09-22,CUST2294,Suresh,53,M,North,Food,Rice 5kg,9,2133.0,15,Debit Card,Returned,3.0,2022,9,22
6248,ORD06249,2022-03-04,CUST0930,Pooja,62,F,North,Furniture,Bookshelf,2,2313.02,5,Debit Card,Returned,1.1,2022,3,4
6249,ORD06250,2022-11-20,CUST1773,Vijay,26,M,East,Electronics,Laptop,2,3991.71,10,UPI,Pending,,2022,11,20
6250,ORD06251,2022-11-07,CUST1244,Rahul,32,M,North,Sports,Cricket Bat,4,2366.01,5,UPI,Cancelled,2.2,2022,11,7
6251,ORD06252,2022-03-01,CUST1907,Priya,54,F,Central,Food,Biscuits,1,2829.34,5,Cash,Pending,,2022,3,1
6252,ORD06253,2022-06-26,CUST2740,Kavya,52,F,North,Sports,Badminton Set,6,1740.52,10,Net Banking,Pending,1.0,2022,6,26
6253,ORD06254,2022-10-14,CUST1225,Priya,55,F,North,Electronics,Laptop,10,70.36,0,UPI,Delivered,3.4,2022,10,14
6255,ORD06256,2022-04-19,CUST0153,Karan,43,M,East,Toys,Board Game,2,3237.61,10,Net Banking,Returned,3.3,2022,4,19
6256,ORD06257,2022-05-22,CUST0539,Suresh,51,M,West,Clothing,Kurta,6,488.04,10,Net Banking,Cancelled,2.1,2022,5,22
6258,ORD06259,2022-12-18,CUST0366,Arjun,64,M,West,Books,Cookbook,5,2482.03,0,Net Banking,Pending,1.5,2022,12,18
6261,ORD06262,2022-08-21,CUST0936,Pooja,22,F,West,Electronics,Tablet,2,572.0,10,UPI,Returned,2.0,2022,8,21
6263,ORD06264,2022-03-29,CUST1966,Priya,63,F,Central,Furniture,Bed Frame,7,4678.25,20,Cash,Cancelled,1.1,2022,3,29
6266,ORD06267,2022-01-18,CUST0956,Asha,31,F,East,Clothing,T-Shirt,2,4442.6,10,Debit Card,Pending,2.2,2022,1,18
6273,ORD06274,2022-04-13,CUST2369,Rahul,48,M,East,Toys,RC Car,7,379.12,5,Cash,Pending,3.5,2022,4,13
6277,ORD06278,2022-11-11,CUST0107,Karan,25,M,South,Electronics,Phone,7,4011.12,5,Net Banking,Returned,1.8,2022,11,11
6279,ORD06280,2022-04-07,CUST1645,Ritu,26,F,Central,Toys,RC Car,6,834.87,20,Credit Card,Cancelled,,2022,4,7
6281,ORD06282,2022-10-21,CUST1021,Rahul,59,M,Central,Electronics,Headphones,1,1582.53,15,Credit Card,Cancelled,,2022,10,21
6282,ORD06283,2022-09-17,CUST1842,Nikhil,37,M,Central,Electronics,Phone,3,2077.77,5,UPI,Cancelled,1.9,2022,9,17
6284,ORD06285,2022-05-15,CUST2708,Ritu,39,F,North,Sports,Dumbbells,7,2659.18,15,Net Banking,Cancelled,2.3,2022,5,15
6285,ORD06286,2022-12-12,CUST0865,Dev,55,M,North,Clothing,Jeans,7,89.17,5,Debit Card,Cancelled,1.8,2022,12,12
6286,ORD06287,2022-09-18,CUST2398,Arjun,62,M,South,Books,Self-Help,1,732.51,15,Debit Card,Returned,4.6,2022,9,18
6288,ORD06289,2022-11-03,CUST1596,Nisha,52,F,East,Toys,Doll,4,1797.07,15,Net Banking,Cancelled,3.8,2022,11,3
6294,ORD06295,2022-09-12,CUST1059,Priya,56,F,South,Toys,RC Car,8,3996.1,0,Debit Card,Pending,1.7,2022,9,12
6296,ORD06297,2022-08-09,CUST1136,Ravi,49,M,North,Furniture,Chair,7,574.81,0,Credit Card,Pending,4.5,2022,8,9
6299,ORD06300,2022-04-29,CUST0559,Anita,43,F,South,Clothing,Jeans,5,4079.77,15,Cash,Returned,,2022,4,29
6300,ORD06301,2022-06-05,CUST0018,Rohan,18,M,Central,Electronics,Headphones,6,4859.0,5,UPI,Cancelled,4.4,2022,6,5
6302,ORD06303,2022-03-06,CUST2571,Ritu,18,F,Central,Electronics,Smartwatch,9,3010.33,5,Cash,Cancelled,1.1,2022,3,6
6304,ORD06305,2022-10-22,CUST1561,Vijay,46,M,North,Furniture,Sofa,1,4504.84,10,Credit Card,Cancelled,2.3,2022,10,22
6306,ORD06307,2022-01-19,CUST1807,Ravi,32,M,East,Food,Rice 5kg,7,2655.58,15,Debit Card,Pending,2.4,2022,1,19
6307,ORD06308,2022-09-24,CUST0243,Suresh,18,M,Central,Electronics,Smartwatch,4,2544.53,5,Credit Card,Pending,3.8,2022,9,24
6309,ORD06310,2022-05-07,CUST2739,Meera,47,F,East,Toys,RC Car,4,1371.96,0,Debit Card,Delivered,,2022,5,7
6313,ORD06314,2022-08-17,CUST1161,Nisha,45,F,Central,Clothing,Jacket,9,2833.24,10,Net Banking,Cancelled,,2022,8,17
6314,ORD06315,2022-08-05,CUST1788,Rahul,48,M,South,Food,Rice 5kg,1,307.3,10,Net Banking,Returned,4.3,2022,8,5
6317,ORD06318,2022-10-26,CUST1108,Asha,29,F,Central,Furniture,Table,6,2988.75,10,UPI,Returned,2.0,2022,10,26
6319,ORD06320,2022-03-23,CUST2384,Sneha,42,F,West,Sports,Dumbbells,9,279.03,0,Net Banking,Cancelled,3.8,2022,3,23
6321,ORD06322,2022-04-08,CUST1719,Asha,39,F,North,Electronics,Laptop,1,892.28,5,Cash,Pending,1.6,2022,4,8
6322,ORD06323,2022-05-14,CUST0196,Asha,29,F,North,Food,Dal 2kg,10,2913.48,10,Credit Card,Delivered,4.8,2022,5,14
6326,ORD06327,2022-04-16,CUST1456,Dev,61,M,South,Clothing,Kurta,3,4479.3,20,Net Banking,Cancelled,3.1,2022,4,16
6328,ORD06329,2022-04-15,CUST0499,Anita,24,F,North,Furniture,Chair,4,2430.29,0,Net Banking,Returned,4.9,2022,4,15
6334,ORD06335,2022-09-11,CUST2444,Asha,52,F,West,Food,Biscuits,8,4821.52,15,Credit Card,Cancelled,2.1,2022,9,11
6335,ORD06336,2022-08-07,CUST0524,Nisha,52,F,North,Electronics,Phone,2,859.16,15,UPI,Delivered,,2022,8,7
6337,ORD06338,2022-03-18,CUST2453,Vijay,51,M,North,Toys,Board Game,6,3499.37,20,Net Banking,Delivered,1.0,2022,3,18
6340,ORD06341,2022-07-21,CUST2841,Asha,58,F,South,Sports,Dumbbells,8,3923.15,10,Net Banking,Cancelled,1.5,2022,7,21
6341,ORD06342,2022-04-13,CUST2599,Sneha,62,F,Central,Clothing,Jacket,7,1246.92,15,Debit Card,Cancelled,,2022,4,13
6346,ORD06347,2022-03-03,CUST0195,Priya,32,F,Central,Electronics,Phone,5,4874.76,0,Cash,Returned,4.4,2022,3,3
6350,ORD06351,2022-06-04,CUST1482,Meera,34,F,Central,Toys,RC Car,5,3522.73,20,Credit Card,Cancelled,3.5,2022,6,4
6351,ORD06352,2022-01-28,CUST0667,Anita,64,F,Central,Food,Biscuits,9,4520.61,0,Net Banking,Returned,4.0,2022,1,28
6353,ORD06354,2022-05-14,CUST2693,Sneha,36,F,North,Food,Biscuits,9,2594.49,20,Cash,Returned,4.6,2022,5,14
6356,ORD06357,2022-08-05,CUST2167,Priya,63,F,West,Electronics,Headphones,3,2385.08,10,UPI,Pending,3.3,2022,8,5
6357,ORD06358,2022-05-23,CUST0019,Kavya,25,F,Central,Toys,Puzzle,5,647.26,20,Credit Card,Delivered,2.1,2022,5,23
6358,ORD06359,2022-01-29,CUST0999,Vijay,42,M,West,Sports,Cricket Bat,1,965.96,0,Debit Card,Delivered,2.7,2022,1,29
6360,ORD06361,2022-03-17,CUST0545,Nisha,53,F,South,Clothing,T-Shirt,3,3917.13,20,Cash,Returned,2.3,2022,3,17
6365,ORD06366,2022-05-29,CUST1740,Vijay,58,M,West,Books,Self-Help,5,56.04,0,Net Banking,Pending,4.7,2022,5,29
6367,ORD06368,2022-01-26,CUST2789,Amit,26,M,Central,Books,Textbook,3,1764.14,20,Cash,Cancelled,2.6,2022,1,26
6368,ORD06369,2022-04-18,CUST0472,Nikhil,26,M,South,Books,Comics,4,3245.28,15,Net Banking,Returned,3.8,2022,4,18
6372,ORD06373,2022-06-25,CUST0307,Suresh,57,M,East,Food,Spices Pack,7,4019.0,5,Net Banking,Delivered,,2022,6,25
6373,ORD06374,2022-08-17,CUST2922,Amit,55,M,North,Furniture,Table,4,4487.22,15,Credit Card,Delivered,5.0,2022,8,17
6374,ORD06375,2022-12-21,CUST0891,Divya,59,F,North,Clothing,Jeans,8,4487.4,10,Credit Card,Cancelled,1.4,2022,12,21
6375,ORD06376,2022-05-11,CUST1654,Meera,33,F,South,Toys,Doll,1,808.74,0,Net Banking,Cancelled,4.3,2022,5,11
6376,ORD06377,2022-06-07,CUST2829,Rohan,44,M,East,Food,Biscuits,10,1473.8,5,Credit Card,Returned,2.5,2022,6,7
6379,ORD06380,2022-11-24,CUST0193,Arjun,42,M,West,Books,Comics,6,2401.69,20,Debit Card,Cancelled,3.6,2022,11,24
6383,ORD06384,2022-07-17,CUST0480,Pooja,35,F,West,Sports,Cricket Bat,8,2978.47,15,Net Banking,Pending,3.4,2022,7,17
6385,ORD06386,2022-10-06,CUST2480,Sneha,57,F,East,Books,Comics,2,2158.1,15,Debit Card,Returned,2.1,2022,10,6
6394,ORD06395,2022-01-16,CUST1933,Karan,29,M,West,Books,Self-Help,2,2061.39,15,Cash,Delivered,3.4,2022,1,16
6396,ORD06397,2022-06-14,CUST1613,Rohan,22,M,South,Food,Rice 5kg,8,1848.61,15,Net Banking,Pending,3.2,2022,6,14
6398,ORD06399,2022-07-22,CUST2049,Karan,27,M,Central,Furniture,Sofa,9,1300.7,15,Net Banking,Pending,2.6,2022,7,22
6402,ORD06403,2022-08-12,CUST2212,Kavya,61,F,South,Clothing,Saree,10,3739.96,10,UPI,Delivered,2.7,2022,8,12
6406,ORD06407,2022-03-03,CUST0564,Rohan,56,M,South,Furniture,Chair,9,2357.75,0,Net Banking,Delivered,,2022,3,3
6407,ORD06408,2022-09-28,CUST0089,Vijay,49,M,East,Books,Cookbook,1,2922.05,10,Credit Card,Pending,3.0,2022,9,28
6408,ORD06409,2022-10-14,CUST1641,Anita,49,F,South,Books,Textbook,3,1299.41,0,Debit Card,Cancelled,,2022,10,14
6409,ORD06410,2022-11-11,CUST0451,Nisha,24,F,West,Electronics,Headphones,8,4190.93,0,Net Banking,Cancelled,4.1,2022,11,11
6412,ORD06413,2022-07-14,CUST0977,Meera,55,F,North,Books,Comics,3,4133.49,10,Credit Card,Cancelled,4.5,2022,7,14
6417,ORD06418,2022-05-03,CUST0729,Amit,44,M,East,Books,Novel,9,1476.5,15,Debit Card,Returned,3.3,2022,5,3
6420,ORD06421,2022-07-04,CUST0676,Ritu,57,F,Central,Electronics,Headphones,4,1229.48,20,Credit Card,Delivered,4.7,2022,7,4
6421,ORD06422,2022-04-06,CUST2805,Sneha,64,F,South,Food,Cooking Oil,9,156.93,0,Debit Card,Cancelled,1.2,2022,4,6
6428,ORD06429,2022-11-26,CUST1623,Dev,59,M,West,Electronics,Tablet,7,3761.16,5,Net Banking,Pending,1.1,2022,11,26
6429,ORD06430,2022-01-28,CUST0494,Priya,32,F,South,Toys,Puzzle,10,621.62,15,Net Banking,Returned,3.5,2022,1,28
6431,ORD06432,2022-07-23,CUST0834,Nisha,47,F,North,Food,Cooking Oil,1,3872.07,5,Debit Card,Pending,2.5,2022,7,23
6434,ORD06435,2022-09-01,CUST0672,Sneha,29,F,Central,Sports,Football,3,2472.1,15,Cash,Delivered,3.5,2022,9,1
6435,ORD06436,2022-03-24,CUST2126,Asha,42,F,South,Toys,RC Car,2,3431.38,0,Credit Card,Cancelled,4.9,2022,3,24
6437,ORD06438,2022-07-03,CUST0333,Meera,40,F,East,Sports,Badminton Set,4,4853.47,15,Net Banking,Cancelled,1.5,2022,7,3
6438,ORD06439,2022-11-11,CUST0262,Rohan,59,M,East,Clothing,T-Shirt,2,949.02,20,UPI,Pending,1.5,2022,11,11
6442,ORD06443,2022-04-26,CUST0099,Nikhil,18,M,Central,Sports,Football,10,69.64,20,Credit Card,Delivered,2.9,2022,4,26
6443,ORD06444,2022-05-03,CUST1661,Karan,47,M,South,Furniture,Table,8,3194.56,5,Cash,Delivered,,2022,5,3
6444,ORD06445,2022-01-19,CUST0832,Divya,36,F,South,Food,Cooking Oil,6,2088.45,15,UPI,Returned,4.3,2022,1,19
6445,ORD06446,2022-03-25,CUST2970,Divya,38,F,East,Food,Rice 5kg,3,3797.78,15,Net Banking,Pending,4.0,2022,3,25
6446,ORD06447,2022-03-10,CUST2100,Ravi,30,M,West,Food,Biscuits,10,838.27,0,Debit Card,Delivered,,2022,3,10
6448,ORD06449,2022-05-01,CUST0992,Meera,57,F,North,Books,Cookbook,9,330.16,0,UPI,Returned,2.3,2022,5,1
6449,ORD06450,2022-01-30,CUST2923,Amit,26,M,East,Food,Biscuits,7,1017.63,15,UPI,Delivered,1.0,2022,1,30
6450,ORD06451,2022-05-15,CUST0320,Anita,39,F,South,Sports,Badminton Set,10,1410.69,10,Cash,Cancelled,1.9,2022,5,15
6451,ORD06452,2022-07-11,CUST1131,Amit,54,M,East,Books,Novel,6,910.0,5,Debit Card,Cancelled,2.3,2022,7,11
6452,ORD06453,2022-08-02,CUST1317,Divya,63,F,North,Furniture,Sofa,5,3211.02,15,Cash,Returned,4.8,2022,8,2
6454,ORD06455,2022-08-02,CUST2820,Pooja,49,F,West,Electronics,Laptop,5,437.05,15,Net Banking,Pending,4.0,2022,8,2
6455,ORD06456,2022-08-21,CUST0283,Nikhil,48,M,North,Food,Biscuits,8,3028.44,10,Credit Card,Delivered,1.7,2022,8,21
6458,ORD06459,2022-09-30,CUST2175,Arjun,33,M,South,Sports,Yoga Mat,1,134.97,15,Cash,Delivered,3.2,2022,9,30
6459,ORD06460,2022-03-20,CUST0115,Meera,32,F,East,Electronics,Phone,9,4942.22,5,Debit Card,Delivered,2.1,2022,3,20
6460,ORD06461,2022-05-08,CUST0747,Dev,38,M,South,Electronics,Smartwatch,2,4834.24,5,Debit Card,Delivered,2.4,2022,5,8
6462,ORD06463,2022-03-11,CUST0038,Nisha,53,F,East,Food,Spices Pack,6,4479.59,5,Debit Card,Pending,3.7,2022,3,11
6463,ORD06464,2022-03-06,CUST1362,Meera,20,F,West,Sports,Yoga Mat,4,1524.94,15,Credit Card,Delivered,1.7,2022,3,6
6464,ORD06465,2022-06-30,CUST1956,Rohan,44,M,North,Sports,Dumbbells,5,4100.81,10,Debit Card,Delivered,4.4,2022,6,30
6465,ORD06466,2022-03-22,CUST0518,Ravi,35,M,South,Toys,Doll,8,1370.18,10,UPI,Delivered,4.4,2022,3,22
6467,ORD06468,2022-05-15,CUST1819,Ritu,30,F,North,Books,Textbook,5,2353.91,15,Net Banking,Returned,4.8,2022,5,15
6470,ORD06471,2022-11-27,CUST0931,Asha,63,F,West,Sports,Cricket Bat,9,730.68,10,Cash,Pending,4.8,2022,11,27
6472,ORD06473,2022-12-15,CUST2821,Priya,63,F,South,Furniture,Bookshelf,2,2627.36,0,Cash,Cancelled,3.2,2022,12,15
6476,ORD06477,2022-09-17,CUST2305,Sneha,19,F,South,Books,Comics,4,1503.44,0,Credit Card,Cancelled,4.9,2022,9,17
6477,ORD06478,2022-05-14,CUST0574,Sneha,48,F,West,Electronics,Headphones,5,4301.66,15,UPI,Returned,4.0,2022,5,14
6478,ORD06479,2022-11-30,CUST2863,Amit,63,M,South,Furniture,Table,3,2826.91,15,Debit Card,Cancelled,4.8,2022,11,30
6480,ORD06481,2022-12-19,CUST2983,Anita,25,F,North,Books,Self-Help,9,4514.35,15,Debit Card,Pending,4.1,2022,12,19
6481,ORD06482,2022-09-15,CUST0381,Divya,43,F,North,Clothing,Kurta,8,3296.76,20,Net Banking,Delivered,4.0,2022,9,15
6482,ORD06483,2022-01-16,CUST2578,Vijay,40,M,West,Books,Self-Help,7,4843.12,5,Cash,Delivered,1.2,2022,1,16
6483,ORD06484,2022-09-20,CUST1285,Nisha,48,F,East,Clothing,Jeans,2,2965.68,5,Net Banking,Cancelled,3.9,2022,9,20
6485,ORD06486,2022-03-15,CUST2754,Kavya,18,F,Central,Electronics,Smartwatch,2,1567.78,5,Credit Card,Delivered,,2022,3,15
6488,ORD06489,2022-07-10,CUST1972,Divya,46,F,North,Clothing,Jacket,8,4998.99,0,Cash,Pending,,2022,7,10
6492,ORD06493,2022-11-20,CUST1441,Suresh,57,M,North,Books,Self-Help,2,1226.91,15,Cash,Pending,1.7,2022,11,20
6495,ORD06496,2022-11-15,CUST1032,Kavya,41,F,East,Food,Rice 5kg,7,193.49,20,Debit Card,Returned,3.5,2022,11,15
6497,ORD06498,2022-02-02,CUST1834,Arjun,53,M,South,Furniture,Bookshelf,8,1285.72,20,UPI,Returned,4.7,2022,2,2
6498,ORD06499,2022-07-24,CUST0716,Nikhil,41,M,Central,Toys,LEGO Set,7,59.13,15,Cash,Cancelled,,2022,7,24
6503,ORD06504,2022-01-13,CUST2787,Kavya,27,F,South,Furniture,Table,4,1663.65,5,Debit Card,Returned,3.9,2022,1,13
6506,ORD06507,2022-05-11,CUST0090,Divya,28,F,East,Books,Novel,3,1402.48,0,Debit Card,Cancelled,2.6,2022,5,11
6515,ORD06516,2022-10-19,CUST1455,Pooja,45,F,Central,Toys,Doll,10,4379.52,10,Cash,Pending,4.0,2022,10,19
6516,ORD06517,2022-12-09,CUST2184,Sneha,60,F,West,Furniture,Bookshelf,2,4407.82,20,Net Banking,Delivered,1.3,2022,12,9
6518,ORD06519,2022-10-19,CUST2017,Pooja,31,F,East,Books,Self-Help,2,415.98,15,Cash,Returned,2.3,2022,10,19
6523,ORD06524,2022-10-15,CUST0282,Suresh,46,M,East,Furniture,Bed Frame,8,3425.08,5,Cash,Returned,3.5,2022,10,15
6524,ORD06525,2022-04-20,CUST0518,Nisha,22,F,North,Food,Biscuits,9,1750.28,0,Cash,Returned,,2022,4,20
6527,ORD06528,2022-06-26,CUST1069,Vijay,58,M,South,Clothing,Kurta,7,2161.68,10,Cash,Pending,2.8,2022,6,26
6529,ORD06530,2022-08-22,CUST0259,Amit,21,M,West,Toys,LEGO Set,3,4951.29,15,Debit Card,Delivered,3.2,2022,8,22
6532,ORD06533,2022-03-31,CUST2029,Dev,53,M,South,Food,Spices Pack,8,1655.04,5,Net Banking,Cancelled,4.8,2022,3,31
6534,ORD06535,2022-01-20,CUST1548,Karan,59,M,West,Toys,Doll,10,3974.39,0,Credit Card,Pending,1.9,2022,1,20
6535,ORD06536,2022-09-16,CUST2696,Ravi,45,M,West,Toys,Board Game,3,872.79,5,Net Banking,Delivered,,2022,9,16
6538,ORD06539,2022-05-28,CUST1376,Nisha,27,F,Central,Sports,Football,2,1063.1,0,Net Banking,Pending,3.0,2022,5,28
6539,ORD06540,2022-07-29,CUST0943,Rohan,36,M,North,Sports,Dumbbells,7,4948.43,0,UPI,Pending,2.3,2022,7,29
6541,ORD06542,2022-08-19,CUST0315,Pooja,18,F,South,Books,Textbook,9,2690.57,15,UPI,Returned,2.5,2022,8,19
6544,ORD06545,2022-04-08,CUST2791,Amit,48,M,South,Electronics,Phone,9,257.76,15,Credit Card,Delivered,2.3,2022,4,8
6547,ORD06548,2022-02-01,CUST2140,Anita,45,F,Central,Electronics,Smartwatch,7,3185.86,20,Net Banking,Delivered,4.9,2022,2,1
6548,ORD06549,2022-11-25,CUST2770,Dev,24,M,South,Clothing,Kurta,5,3627.3,15,Debit Card,Delivered,3.0,2022,11,25
6549,ORD06550,2022-10-19,CUST0501,Sneha,45,F,East,Food,Rice 5kg,9,4163.99,15,UPI,Returned,3.4,2022,10,19
6550,ORD06551,2022-02-02,CUST2971,Arjun,23,M,South,Clothing,T-Shirt,10,297.96,20,Debit Card,Delivered,3.5,2022,2,2
6551,ORD06552,2022-04-26,CUST2036,Anita,30,F,North,Electronics,Tablet,1,1983.13,5,Credit Card,Delivered,4.3,2022,4,26
6552,ORD06553,2022-11-17,CUST0160,Meera,51,F,Central,Furniture,Chair,10,3609.36,0,Net Banking,Cancelled,2.4,2022,11,17
6554,ORD06555,2022-10-31,CUST0529,Anita,45,F,South,Books,Self-Help,6,1379.94,20,Cash,Cancelled,4.8,2022,10,31
6557,ORD06558,2022-03-12,CUST0682,Ritu,37,F,Central,Clothing,Jacket,5,1456.47,10,Cash,Returned,2.7,2022,3,12
6561,ORD06562,2022-12-21,CUST1049,Asha,33,F,Central,Food,Dal 2kg,9,2082.22,0,Cash,Delivered,3.1,2022,12,21
6562,ORD06563,2022-11-03,CUST2817,Ritu,31,F,North,Furniture,Bookshelf,6,4109.74,10,Net Banking,Cancelled,2.1,2022,11,3
6567,ORD06568,2022-06-23,CUST2171,Ravi,48,M,Central,Sports,Dumbbells,4,1681.16,0,Credit Card,Pending,2.4,2022,6,23
6568,ORD06569,2022-04-23,CUST2255,Kavya,24,F,South,Electronics,Headphones,8,2464.07,20,Credit Card,Pending,,2022,4,23
6574,ORD06575,2022-10-02,CUST1556,Meera,61,F,South,Electronics,Smartwatch,1,3401.88,0,Credit Card,Delivered,4.4,2022,10,2
6575,ORD06576,2022-01-16,CUST1210,Suresh,61,M,Central,Clothing,T-Shirt,2,652.43,10,Net Banking,Delivered,1.7,2022,1,16
6578,ORD06579,2022-03-26,CUST1803,Pooja,40,F,West,Furniture,Bed Frame,9,2263.16,5,UPI,Returned,1.3,2022,3,26
6580,ORD06581,2022-03-28,CUST0694,Kavya,61,F,West,Sports,Yoga Mat,10,796.89,15,Debit Card,Returned,1.5,2022,3,28
6583,ORD06584,2022-10-01,CUST2177,Anita,38,F,Central,Sports,Yoga Mat,6,4088.83,15,Debit Card,Pending,4.5,2022,10,1
6584,ORD06585,2022-01-23,CUST2000,Kavya,34,F,Central,Sports,Yoga Mat,7,824.29,0,UPI,Pending,4.4,2022,1,23
6586,ORD06587,2022-01-05,CUST2571,Pooja,42,F,South,Electronics,Smartwatch,7,3509.07,5,Net Banking,Returned,4.0,2022,1,5
6587,ORD06588,2022-04-01,CUST0169,Rohan,23,M,West,Books,Textbook,5,477.88,10,UPI,Cancelled,2.1,2022,4,1
6588,ORD06589,2022-10-03,CUST1399,Suresh,19,M,Central,Books,Self-Help,5,432.49,10,Credit Card,Cancelled,3.4,2022,10,3
6590,ORD06591,2022-10-15,CUST0372,Karan,58,M,West,Clothing,Saree,5,3444.97,0,Cash,Cancelled,2.3,2022,10,15
6592,ORD06593,2022-08-01,CUST2878,Rahul,32,M,South,Sports,Football,9,886.36,15,UPI,Cancelled,2.3,2022,8,1
6593,ORD06594,2022-09-19,CUST1276,Priya,24,F,West,Books,Textbook,3,381.24,10,Credit Card,Cancelled,4.4,2022,9,19
6594,ORD06595,2022-08-02,CUST1125,Ritu,23,F,South,Books,Comics,6,2863.95,20,Debit Card,Delivered,1.1,2022,8,2
6597,ORD06598,2022-03-16,CUST1662,Divya,48,F,South,Books,Textbook,3,3592.86,10,Debit Card,Cancelled,2.5,2022,3,16
6598,ORD06599,2022-05-08,CUST1716,Karan,29,M,West,Furniture,Chair,1,4773.04,5,Debit Card,Returned,4.6,2022,5,8
6599,ORD06600,2022-03-09,CUST2985,Suresh,48,M,West,Toys,Board Game,4,3670.55,5,Net Banking,Cancelled,4.4,2022,3,9
6600,ORD06601,2022-01-03,CUST2906,Arjun,59,M,South,Sports,Dumbbells,9,4947.08,0,Debit Card,Pending,3.0,2022,1,3
6601,ORD06602,2022-04-16,CUST2737,Anita,22,F,South,Food,Biscuits,7,2991.71,20,UPI,Pending,1.5,2022,4,16
6602,ORD06603,2022-06-06,CUST1277,Kavya,35,F,South,Books,Textbook,10,2859.61,5,Debit Card,Delivered,2.7,2022,6,6
6605,ORD06606,2022-04-11,CUST1860,Divya,36,F,West,Clothing,T-Shirt,6,835.09,15,Net Banking,Returned,2.8,2022,4,11
6606,ORD06607,2022-10-07,CUST2228,Suresh,55,M,East,Food,Dal 2kg,7,355.24,10,UPI,Delivered,3.4,2022,10,7
6608,ORD06609,2022-03-20,CUST0577,Rohan,52,M,North,Furniture,Bed Frame,10,4336.46,20,Credit Card,Cancelled,4.6,2022,3,20
6609,ORD06610,2022-12-24,CUST2096,Arjun,53,M,West,Books,Self-Help,9,811.62,0,Debit Card,Delivered,4.4,2022,12,24
6610,ORD06611,2022-10-08,CUST2699,Vijay,32,M,West,Furniture,Table,5,2391.49,0,Cash,Delivered,3.9,2022,10,8
6611,ORD06612,2022-08-24,CUST2298,Pooja,35,F,North,Furniture,Table,7,74.35,20,Net Banking,Delivered,2.9,2022,8,24
6615,ORD06616,2022-07-30,CUST2307,Ravi,37,M,East,Books,Novel,1,2983.2,15,UPI,Returned,4.4,2022,7,30
6616,ORD06617,2022-09-22,CUST2668,Vijay,43,M,West,Toys,LEGO Set,8,4194.4,20,Credit Card,Cancelled,2.4,2022,9,22
6617,ORD06618,2022-10-09,CUST1624,Ritu,64,F,South,Furniture,Table,2,3317.79,15,Credit Card,Cancelled,3.6,2022,10,9
6618,ORD06619,2022-05-30,CUST2853,Meera,58,F,East,Electronics,Phone,10,4834.9,5,Credit Card,Pending,1.5,2022,5,30
6619,ORD06620,2022-03-07,CUST1645,Amit,61,M,East,Toys,RC Car,6,1469.82,20,UPI,Returned,3.1,2022,3,7
6623,ORD06624,2022-12-25,CUST0256,Priya,45,F,North,Books,Cookbook,10,4714.65,15,Debit Card,Pending,2.8,2022,12,25
6624,ORD06625,2022-08-06,CUST2112,Nikhil,23,M,East,Sports,Dumbbells,7,918.83,10,Debit Card,Delivered,2.8,2022,8,6
6625,ORD06626,2022-11-25,CUST1826,Anita,40,F,West,Electronics,Smartwatch,9,973.23,15,Debit Card,Delivered,4.9,2022,11,25
6626,ORD06627,2022-11-04,CUST2814,Asha,21,F,East,Books,Textbook,4,2872.27,10,Debit Card,Cancelled,4.3,2022,11,4
6630,ORD06631,2022-08-27,CUST2533,Anita,28,F,North,Toys,LEGO Set,1,407.17,20,Net Banking,Returned,2.1,2022,8,27
6632,ORD06633,2022-11-14,CUST1567,Rohan,35,M,Central,Toys,Puzzle,6,804.32,10,Net Banking,Cancelled,4.7,2022,11,14
6633,ORD06634,2022-03-01,CUST2876,Asha,51,F,East,Sports,Yoga Mat,10,4328.97,20,Debit Card,Delivered,3.9,2022,3,1
6635,ORD06636,2022-11-28,CUST0959,Rahul,42,M,West,Sports,Dumbbells,10,2994.06,15,Cash,Cancelled,2.3,2022,11,28
6639,ORD06640,2022-02-05,CUST0006,Sneha,27,F,East,Toys,Doll,9,251.56,20,Cash,Pending,3.2,2022,2,5
6640,ORD06641,2022-05-31,CUST1980,Suresh,48,M,Central,Food,Biscuits,5,2240.62,0,Net Banking,Returned,3.3,2022,5,31
6641,ORD06642,2022-01-15,CUST2125,Asha,35,F,South,Food,Dal 2kg,6,4844.41,10,Credit Card,Pending,3.8,2022,1,15
6644,ORD06645,2022-07-10,CUST2474,Asha,40,F,West,Toys,Doll,9,3897.72,10,Debit Card,Pending,,2022,7,10
6645,ORD06646,2022-10-16,CUST0313,Divya,24,F,East,Furniture,Bookshelf,1,4741.92,10,Cash,Returned,,2022,10,16
6647,ORD06648,2022-05-22,CUST2978,Anita,21,F,West,Books,Comics,1,1862.14,20,UPI,Pending,4.7,2022,5,22
6648,ORD06649,2022-10-20,CUST0986,Rohan,54,M,South,Sports,Yoga Mat,8,3856.87,10,UPI,Cancelled,3.8,2022,10,20
6650,ORD06651,2022-10-28,CUST2763,Karan,24,M,South,Sports,Yoga Mat,3,3857.47,15,Credit Card,Returned,3.8,2022,10,28
6653,ORD06654,2022-01-17,CUST2978,Arjun,19,M,Central,Food,Rice 5kg,3,3224.04,20,Cash,Returned,1.5,2022,1,17
6654,ORD06655,2022-06-03,CUST1060,Nisha,40,F,North,Electronics,Tablet,9,3135.03,10,UPI,Returned,1.9,2022,6,3
6657,ORD06658,2022-04-01,CUST1040,Sneha,59,F,West,Furniture,Bed Frame,5,620.12,0,Net Banking,Delivered,1.5,2022,4,1
6660,ORD06661,2022-04-28,CUST2555,Anita,64,F,Central,Sports,Badminton Set,7,214.75,15,Credit Card,Pending,4.5,2022,4,28
6666,ORD06667,2022-10-17,CUST0598,Arjun,30,M,East,Food,Spices Pack,6,2646.28,0,UPI,Returned,4.7,2022,10,17
6671,ORD06672,2022-03-04,CUST1368,Rohan,40,M,Central,Furniture,Chair,10,1886.82,15,Credit Card,Pending,3.7,2022,3,4
6672,ORD06673,2022-12-09,CUST0170,Ritu,55,F,North,Books,Novel,3,960.32,0,UPI,Pending,1.9,2022,12,9
6673,ORD06674,2022-04-13,CUST0190,Vijay,56,M,West,Sports,Dumbbells,2,3752.16,10,Debit Card,Returned,1.4,2022,4,13
6674,ORD06675,2022-10-27,CUST2377,Nikhil,30,M,South,Clothing,Jacket,9,1531.72,0,Net Banking,Returned,,2022,10,27
6676,ORD06677,2022-03-02,CUST1556,Divya,31,F,West,Food,Spices Pack,9,2149.67,5,Debit Card,Pending,4.9,2022,3,2
6678,ORD06679,2022-07-26,CUST0928,Anita,21,F,Central,Electronics,Headphones,4,3124.42,20,Net Banking,Returned,2.9,2022,7,26
6681,ORD06682,2022-12-22,CUST1196,Nikhil,39,M,Central,Food,Rice 5kg,6,4325.5,20,Cash,Delivered,4.6,2022,12,22
6682,ORD06683,2022-10-15,CUST0975,Amit,29,M,Central,Clothing,Jacket,9,802.82,5,Credit Card,Returned,1.8,2022,10,15
6684,ORD06685,2022-12-02,CUST0864,Nisha,24,F,North,Sports,Yoga Mat,3,4245.45,20,Net Banking,Pending,2.1,2022,12,2
6686,ORD06687,2022-04-10,CUST2350,Arjun,57,M,Central,Food,Rice 5kg,5,3887.43,5,Debit Card,Cancelled,3.3,2022,4,10
6687,ORD06688,2022-09-13,CUST1548,Ravi,50,M,Central,Furniture,Table,9,380.44,20,Cash,Delivered,4.1,2022,9,13
6688,ORD06689,2022-03-27,CUST0334,Amit,60,M,South,Books,Self-Help,1,4706.81,10,UPI,Cancelled,2.5,2022,3,27
6690,ORD06691,2022-12-20,CUST2976,Dev,46,M,Central,Sports,Yoga Mat,5,1829.63,5,Net Banking,Returned,,2022,12,20
6693,ORD06694,2022-11-07,CUST2141,Priya,57,F,North,Food,Cooking Oil,3,4040.61,5,Cash,Returned,2.3,2022,11,7
6696,ORD06697,2022-01-04,CUST2188,Karan,35,M,South,Books,Cookbook,9,2814.89,0,UPI,Returned,3.5,2022,1,4
6699,ORD06700,2022-08-03,CUST0626,Meera,39,F,Central,Books,Novel,1,2249.46,0,UPI,Cancelled,3.8,2022,8,3
6700,ORD06701,2022-04-16,CUST2176,Dev,40,M,East,Clothing,Kurta,6,3285.15,15,Credit Card,Pending,2.3,2022,4,16
6701,ORD06702,2022-01-25,CUST2853,Asha,24,F,West,Electronics,Tablet,10,2749.72,10,Debit Card,Returned,2.2,2022,1,25
6703,ORD06704,2022-10-15,CUST0358,Nikhil,60,M,West,Electronics,Headphones,8,2705.43,20,Credit Card,Returned,2.5,2022,10,15
6705,ORD06706,2022-10-20,CUST2020,Suresh,35,M,Central,Electronics,Phone,5,4931.18,15,Debit Card,Returned,1.5,2022,10,20
6706,ORD06707,2022-10-05,CUST0101,Sneha,37,F,Central,Food,Rice 5kg,5,1177.1,20,Debit Card,Delivered,,2022,10,5
6707,ORD06708,2022-07-03,CUST1842,Meera,63,F,Central,Food,Biscuits,9,322.86,20,Net Banking,Returned,2.7,2022,7,3
6708,ORD06709,2022-05-21,CUST0285,Karan,37,M,East,Electronics,Smartwatch,10,4410.87,10,Cash,Delivered,3.7,2022,5,21
6709,ORD06710,2022-07-12,CUST1706,Kavya,64,F,Central,Electronics,Laptop,5,3287.91,15,Debit Card,Pending,3.9,2022,7,12
6712,ORD06713,2022-08-04,CUST2409,Vijay,46,M,Central,Electronics,Laptop,7,3136.14,20,Cash,Pending,2.8,2022,8,4
6713,ORD06714,2022-10-27,CUST0030,Vijay,46,M,North,Toys,Puzzle,1,2625.0,5,Credit Card,Delivered,4.4,2022,10,27
6716,ORD06717,2022-07-07,CUST0966,Suresh,32,M,Central,Electronics,Phone,5,284.62,5,Net Banking,Pending,2.0,2022,7,7
6718,ORD06719,2022-07-20,CUST1246,Pooja,31,F,West,Books,Comics,1,630.72,5,UPI,Delivered,4.6,2022,7,20
6725,ORD06726,2022-09-03,CUST2348,Ravi,31,M,North,Furniture,Table,8,878.25,20,Net Banking,Returned,,2022,9,3
6726,ORD06727,2022-05-31,CUST0632,Dev,62,M,North,Furniture,Chair,7,304.24,5,Net Banking,Returned,2.1,2022,5,31
6728,ORD06729,2022-09-12,CUST0880,Suresh,36,M,West,Books,Cookbook,4,4851.77,20,Cash,Returned,4.6,2022,9,12
6731,ORD06732,2022-01-11,CUST1816,Priya,62,F,North,Food,Cooking Oil,5,4825.14,10,Credit Card,Delivered,2.2,2022,1,11
6737,ORD06738,2022-01-04,CUST0378,Rohan,38,M,Central,Furniture,Bookshelf,10,1995.98,5,Debit Card,Pending,2.2,2022,1,4
6741,ORD06742,2022-04-03,CUST1502,Dev,47,M,South,Food,Biscuits,6,4767.92,10,Cash,Delivered,4.0,2022,4,3
6742,ORD06743,2022-11-29,CUST1706,Priya,55,F,West,Books,Comics,10,4209.85,0,Net Banking,Delivered,2.8,2022,11,29
6743,ORD06744,2022-06-09,CUST2421,Divya,41,F,West,Furniture,Table,2,1557.86,0,Credit Card,Pending,3.0,2022,6,9
6744,ORD06745,2022-11-19,CUST0103,Vijay,29,M,East,Toys,LEGO Set,7,4638.16,0,Credit Card,Delivered,1.6,2022,11,19
6745,ORD06746,2022-09-12,CUST2463,Kavya,20,F,East,Furniture,Table,7,1054.88,15,Cash,Cancelled,3.9,2022,9,12
6747,ORD06748,2022-10-07,CUST2845,Asha,55,F,Central,Clothing,T-Shirt,2,4851.8,15,Net Banking,Delivered,4.0,2022,10,7
6748,ORD06749,2022-01-22,CUST0715,Pooja,57,F,West,Food,Cooking Oil,5,2348.76,10,Cash,Pending,3.6,2022,1,22
6751,ORD06752,2022-01-23,CUST2776,Rohan,48,M,Central,Electronics,Headphones,4,4356.55,0,Net Banking,Cancelled,3.9,2022,1,23
6753,ORD06754,2022-02-22,CUST1021,Asha,65,F,Central,Clothing,Kurta,3,3762.79,5,Cash,Cancelled,4.9,2022,2,22
6756,ORD06757,2022-11-02,CUST1642,Nikhil,45,M,North,Furniture,Sofa,1,1490.67,5,Credit Card,Cancelled,3.2,2022,11,2
6759,ORD06760,2022-04-23,CUST2457,Karan,42,M,Central,Toys,Doll,3,2867.62,0,UPI,Delivered,,2022,4,23
6761,ORD06762,2022-08-05,CUST0421,Rahul,37,M,South,Electronics,Tablet,7,1220.83,10,Debit Card,Returned,1.1,2022,8,5
6762,ORD06763,2022-12-08,CUST0368,Ravi,21,M,North,Toys,RC Car,7,1054.53,20,Net Banking,Returned,4.1,2022,12,8
6763,ORD06764,2022-06-01,CUST0785,Arjun,32,M,South,Furniture,Chair,6,4223.38,15,UPI,Cancelled,2.9,2022,6,1
6764,ORD06765,2022-05-05,CUST2101,Pooja,52,F,East,Clothing,Jeans,10,1561.35,0,UPI,Returned,3.9,2022,5,5
6768,ORD06769,2022-05-23,CUST1401,Karan,32,M,South,Food,Dal 2kg,7,3237.68,5,Debit Card,Cancelled,2.8,2022,5,23
6772,ORD06773,2022-09-24,CUST2178,Dev,64,M,Central,Sports,Dumbbells,6,1651.36,10,Net Banking,Delivered,4.3,2022,9,24
6775,ORD06776,2022-02-07,CUST0450,Kavya,19,F,West,Electronics,Smartwatch,1,294.33,0,UPI,Delivered,3.2,2022,2,7
6776,ORD06777,2022-02-24,CUST0191,Nikhil,46,M,South,Books,Novel,1,4098.27,0,Debit Card,Pending,1.6,2022,2,24
6778,ORD06779,2022-11-18,CUST0050,Dev,44,M,North,Furniture,Table,5,1709.24,10,Net Banking,Delivered,4.1,2022,11,18
6781,ORD06782,2022-07-21,CUST2270,Sneha,58,F,North,Clothing,Jacket,3,3418.37,10,Cash,Cancelled,1.6,2022,7,21
6782,ORD06783,2022-02-23,CUST0397,Ritu,23,F,South,Sports,Football,10,438.54,20,Debit Card,Pending,4.0,2022,2,23
6788,ORD06789,2022-10-02,CUST0633,Karan,51,M,East,Furniture,Sofa,3,131.05,10,Debit Card,Pending,4.7,2022,10,2
6789,ORD06790,2022-05-20,CUST2318,Karan,18,M,East,Clothing,Kurta,3,4759.96,10,Cash,Pending,4.1,2022,5,20
6793,ORD06794,2022-02-14,CUST1743,Ritu,34,F,West,Sports,Yoga Mat,7,1360.97,0,Debit Card,Delivered,2.6,2022,2,14
6794,ORD06795,2022-01-10,CUST2655,Nikhil,36,M,North,Food,Spices Pack,3,3610.75,15,UPI,Pending,,2022,1,10
6795,ORD06796,2022-12-03,CUST1546,Rahul,23,M,South,Toys,RC Car,2,4941.78,15,Cash,Pending,4.4,2022,12,3
6796,ORD06797,2022-03-29,CUST2513,Divya,45,F,South,Furniture,Table,7,3082.29,20,Cash,Returned,,2022,3,29
6797,ORD06798,2022-02-07,CUST2577,Sneha,58,F,South,Food,Cooking Oil,8,2645.72,5,Credit Card,Cancelled,1.2,2022,2,7
6798,ORD06799,2022-08-25,CUST1253,Asha,54,F,East,Electronics,Phone,4,3327.63,5,Debit Card,Cancelled,,2022,8,25
6799,ORD06800,2022-08-09,CUST0386,Ritu,64,F,East,Electronics,Headphones,1,1643.29,0,Net Banking,Delivered,1.2,2022,8,9
6800,ORD06801,2022-10-01,CUST2575,Rahul,23,M,South,Sports,Dumbbells,6,2594.54,5,Debit Card,Cancelled,4.1,2022,10,1
6801,ORD06802,2022-04-10,CUST2188,Rahul,23,M,East,Toys,Doll,2,4047.12,10,Net Banking,Delivered,2.5,2022,4,10
6803,ORD06804,2022-04-18,CUST2238,Ravi,37,M,North,Books,Comics,3,2891.43,10,Credit Card,Returned,2.5,2022,4,18
6804,ORD06805,2022-01-27,CUST1511,Priya,62,F,East,Sports,Yoga Mat,6,958.92,15,Cash,Delivered,2.6,2022,1,27
6806,ORD06807,2022-07-25,CUST0024,Vijay,42,M,South,Sports,Badminton Set,3,910.81,10,Cash,Delivered,1.0,2022,7,25
6809,ORD06810,2022-06-19,CUST1878,Pooja,49,F,South,Clothing,Saree,7,2057.41,15,UPI,Pending,1.8,2022,6,19
6812,ORD06813,2022-08-29,CUST2917,Divya,23,F,West,Electronics,Smartwatch,10,3359.0,0,Net Banking,Pending,3.9,2022,8,29
6813,ORD06814,2022-07-24,CUST0749,Priya,57,F,East,Books,Textbook,2,4640.8,20,Net Banking,Returned,3.2,2022,7,24
6815,ORD06816,2022-04-12,CUST0728,Vijay,39,M,South,Clothing,T-Shirt,5,692.43,0,UPI,Delivered,4.4,2022,4,12
6816,ORD06817,2022-04-01,CUST0506,Meera,29,F,East,Food,Spices Pack,1,4227.52,5,Debit Card,Cancelled,4.4,2022,4,1
6817,ORD06818,2022-08-05,CUST0983,Pooja,20,F,North,Toys,Board Game,6,2083.52,0,Debit Card,Returned,3.9,2022,8,5
6821,ORD06822,2022-10-07,CUST2069,Rahul,59,M,Central,Toys,Doll,1,449.46,15,Debit Card,Returned,3.7,2022,10,7
6822,ORD06823,2022-02-01,CUST0025,Pooja,65,F,Central,Furniture,Table,2,335.39,0,UPI,Cancelled,1.0,2022,2,1
6823,ORD06824,2022-12-02,CUST1503,Arjun,22,M,South,Electronics,Headphones,2,919.22,10,Cash,Returned,1.5,2022,12,2
6824,ORD06825,2022-01-27,CUST2949,Nikhil,64,M,North,Furniture,Sofa,1,3030.14,20,UPI,Cancelled,3.5,2022,1,27
6829,ORD06830,2022-02-06,CUST0312,Meera,53,F,East,Electronics,Phone,3,409.98,15,Cash,Returned,2.9,2022,2,6
6830,ORD06831,2022-01-03,CUST2031,Pooja,34,F,East,Books,Cookbook,5,2239.74,10,UPI,Returned,3.0,2022,1,3
6831,ORD06832,2022-07-24,CUST2027,Suresh,65,M,Central,Toys,Board Game,7,2425.38,5,UPI,Returned,4.7,2022,7,24
6833,ORD06834,2022-11-12,CUST0220,Dev,26,M,Central,Clothing,Saree,2,1027.35,0,Net Banking,Returned,3.7,2022,11,12
6837,ORD06838,2022-12-25,CUST1468,Nikhil,62,M,Central,Electronics,Smartwatch,3,2378.05,0,UPI,Cancelled,2.8,2022,12,25
6839,ORD06840,2022-12-06,CUST1647,Karan,50,M,East,Food,Cooking Oil,4,513.0,5,Credit Card,Returned,2.7,2022,12,6
6840,ORD06841,2022-04-19,CUST1663,Priya,60,F,South,Food,Spices Pack,9,1936.45,0,Cash,Delivered,,2022,4,19
6842,ORD06843,2022-03-15,CUST0177,Amit,42,M,South,Clothing,Jacket,7,3493.5,15,Credit Card,Pending,4.5,2022,3,15
6845,ORD06846,2022-09-12,CUST1091,Nisha,28,F,East,Books,Comics,10,4073.09,10,UPI,Cancelled,4.3,2022,9,12
6846,ORD06847,2022-07-01,CUST2552,Ritu,44,F,North,Food,Dal 2kg,7,906.9,20,Debit Card,Cancelled,4.8,2022,7,1
6847,ORD06848,2022-02-10,CUST1101,Sneha,38,F,Central,Sports,Dumbbells,3,2608.56,15,UPI,Returned,2.7,2022,2,10
6848,ORD06849,2022-05-15,CUST0942,Ravi,64,M,Central,Toys,Doll,2,2190.46,15,Debit Card,Pending,,2022,5,15
6851,ORD06852,2022-04-27,CUST2812,Dev,65,M,North,Food,Rice 5kg,10,3485.5,5,UPI,Pending,3.0,2022,4,27
6852,ORD06853,2022-12-24,CUST1202,Dev,47,M,South,Sports,Badminton Set,7,2884.77,15,Net Banking,Pending,2.0,2022,12,24
6857,ORD06858,2022-07-27,CUST0847,Karan,19,M,West,Books,Textbook,5,2127.77,0,Credit Card,Returned,3.8,2022,7,27
6858,ORD06859,2022-08-27,CUST1270,Dev,51,M,Central,Sports,Badminton Set,5,3743.28,5,Debit Card,Returned,4.7,2022,8,27
6859,ORD06860,2022-02-21,CUST2010,Divya,58,F,South,Toys,Doll,9,2962.42,15,Net Banking,Pending,4.1,2022,2,21
6861,ORD06862,2022-04-17,CUST0224,Nikhil,26,M,East,Toys,Doll,6,2615.02,10,Cash,Delivered,1.1,2022,4,17
6862,ORD06863,2022-09-04,CUST2538,Rohan,54,M,North,Toys,RC Car,9,3231.23,0,Debit Card,Pending,2.1,2022,9,4
6864,ORD06865,2022-07-14,CUST0737,Kavya,60,F,West,Books,Novel,6,3942.74,0,UPI,Delivered,1.4,2022,7,14
6865,ORD06866,2022-12-26,CUST2243,Dev,58,M,West,Sports,Football,9,3303.22,15,Debit Card,Delivered,5.0,2022,12,26
6866,ORD06867,2022-07-18,CUST0610,Divya,48,F,Central,Furniture,Sofa,4,199.17,15,Net Banking,Returned,2.3,2022,7,18
6869,ORD06870,2022-02-17,CUST2607,Kavya,65,F,North,Electronics,Tablet,1,3386.58,15,Cash,Delivered,2.9,2022,2,17
6872,ORD06873,2022-08-02,CUST0699,Arjun,34,M,North,Sports,Football,7,4287.16,20,Debit Card,Delivered,3.7,2022,8,2
6875,ORD06876,2022-01-21,CUST0287,Rahul,52,M,East,Clothing,T-Shirt,6,787.93,15,UPI,Delivered,2.0,2022,1,21
6877,ORD06878,2022-01-25,CUST0848,Meera,23,F,South,Food,Cooking Oil,7,1462.46,10,UPI,Delivered,4.0,2022,1,25
6878,ORD06879,2022-08-14,CUST1377,Nikhil,32,M,North,Clothing,Kurta,9,1524.78,20,UPI,Delivered,4.8,2022,8,14
6879,ORD06880,2022-08-01,CUST0340,Rahul,55,M,South,Clothing,Saree,3,1207.22,5,Credit Card,Delivered,4.4,2022,8,1
6881,ORD06882,2022-02-12,CUST0988,Arjun,19,M,Central,Food,Spices Pack,2,3676.26,15,Debit Card,Pending,1.6,2022,2,12
6883,ORD06884,2022-06-19,CUST0088,Arjun,40,M,North,Furniture,Sofa,1,1264.94,0,Cash,Cancelled,3.4,2022,6,19
6884,ORD06885,2022-09-26,CUST1668,Rohan,38,M,South,Sports,Cricket Bat,1,4652.77,20,UPI,Returned,4.2,2022,9,26
6885,ORD06886,2022-02-13,CUST1425,Nisha,64,F,South,Clothing,Jeans,5,1107.48,10,Debit Card,Pending,1.9,2022,2,13
6888,ORD06889,2022-09-15,CUST2602,Pooja,61,F,Central,Electronics,Laptop,7,3877.39,10,UPI,Returned,2.0,2022,9,15
6891,ORD06892,2022-05-02,CUST0215,Meera,35,F,South,Toys,Board Game,1,2515.77,15,Credit Card,Delivered,4.1,2022,5,2
6892,ORD06893,2022-09-12,CUST2453,Kavya,31,F,South,Clothing,Jacket,1,656.69,15,Net Banking,Returned,1.4,2022,9,12
6894,ORD06895,2022-03-06,CUST2540,Asha,24,F,West,Food,Cooking Oil,2,4298.88,10,UPI,Cancelled,3.9,2022,3,6
6895,ORD06896,2022-04-28,CUST2416,Ravi,23,M,South,Furniture,Sofa,1,4798.54,0,Cash,Cancelled,2.1,2022,4,28
6897,ORD06898,2022-12-25,CUST0920,Anita,42,F,East,Food,Dal 2kg,5,4984.78,5,Debit Card,Returned,1.4,2022,12,25
6898,ORD06899,2022-05-24,CUST1761,Amit,46,M,South,Toys,Puzzle,10,3425.0,10,UPI,Returned,4.4,2022,5,24
6900,ORD06901,2022-02-03,CUST2585,Sneha,45,F,East,Sports,Dumbbells,1,1982.23,20,Cash,Delivered,2.0,2022,2,3
6902,ORD06903,2022-06-28,CUST0090,Priya,27,F,East,Furniture,Bookshelf,1,137.26,0,Cash,Delivered,3.2,2022,6,28
6908,ORD06909,2022-10-11,CUST0861,Meera,49,F,South,Furniture,Bed Frame,7,1264.62,20,Debit Card,Pending,2.5,2022,10,11
6909,ORD06910,2022-09-09,CUST0186,Rohan,48,M,South,Clothing,T-Shirt,4,1560.2,0,Net Banking,Cancelled,4.7,2022,9,9
6910,ORD06911,2022-02-21,CUST1107,Karan,56,M,North,Electronics,Headphones,2,1248.85,20,Credit Card,Returned,4.7,2022,2,21
6911,ORD06912,2022-10-16,CUST2019,Arjun,56,M,East,Clothing,Jeans,9,1179.33,0,Credit Card,Cancelled,,2022,10,16
6912,ORD06913,2022-07-22,CUST2736,Vijay,38,M,West,Clothing,Saree,6,857.41,20,UPI,Cancelled,1.8,2022,7,22
6913,ORD06914,2022-10-02,CUST1850,Meera,29,F,North,Food,Biscuits,3,1793.33,15,UPI,Returned,3.0,2022,10,2
6914,ORD06915,2022-04-15,CUST2201,Ravi,48,M,Central,Food,Cooking Oil,1,1163.98,10,Net Banking,Delivered,2.6,2022,4,15
6916,ORD06917,2022-04-12,CUST1761,Rahul,53,M,East,Sports,Yoga Mat,7,2297.04,5,Net Banking,Pending,2.3,2022,4,12
6917,ORD06918,2022-02-20,CUST0159,Ravi,38,M,West,Furniture,Sofa,9,1799.41,20,Cash,Cancelled,2.7,2022,2,20
6919,ORD06920,2022-09-09,CUST2596,Nikhil,26,M,South,Food,Dal 2kg,9,2720.23,15,Net Banking,Pending,4.4,2022,9,9
6920,ORD06921,2022-05-17,CUST1009,Ritu,25,F,East,Sports,Dumbbells,4,1090.67,0,Cash,Returned,3.5,2022,5,17
6921,ORD06922,2022-05-28,CUST0955,Rahul,22,M,Central,Food,Rice 5kg,7,3957.22,10,UPI,Cancelled,4.7,2022,5,28
6922,ORD06923,2022-03-11,CUST2082,Pooja,37,F,West,Food,Biscuits,10,4158.84,20,Cash,Pending,2.2,2022,3,11
6923,ORD06924,2022-09-16,CUST1123,Amit,45,M,South,Food,Cooking Oil,6,2202.94,5,UPI,Pending,,2022,9,16
6924,ORD06925,2022-10-10,CUST1392,Anita,61,F,East,Clothing,Kurta,1,3389.94,20,Cash,Pending,1.8,2022,10,10
6925,ORD06926,2022-01-17,CUST1241,Rahul,38,M,West,Sports,Badminton Set,7,2296.83,20,UPI,Returned,1.4,2022,1,17
6928,ORD06929,2022-04-12,CUST1815,Amit,58,M,East,Food,Dal 2kg,3,4586.3,5,UPI,Pending,3.2,2022,4,12
6931,ORD06932,2022-10-03,CUST1124,Divya,47,F,Central,Furniture,Table,2,1880.8,20,Net Banking,Pending,1.4,2022,10,3
6932,ORD06933,2022-05-03,CUST0105,Rohan,31,M,East,Books,Cookbook,1,2355.88,10,Credit Card,Returned,4.6,2022,5,3
6933,ORD06934,2022-10-06,CUST1072,Asha,23,F,North,Furniture,Chair,7,2390.72,20,Cash,Pending,4.0,2022,10,6
6935,ORD06936,2022-10-05,CUST2423,Priya,52,F,North,Furniture,Bookshelf,3,1493.86,15,UPI,Pending,4.1,2022,10,5
6936,ORD06937,2022-03-23,CUST0696,Arjun,19,M,West,Furniture,Sofa,4,1462.81,5,Cash,Pending,4.2,2022,3,23
6937,ORD06938,2022-03-30,CUST0667,Vijay,24,M,South,Clothing,Jacket,9,2147.8,10,Debit Card,Cancelled,4.7,2022,3,30
6938,ORD06939,2022-12-27,CUST1906,Meera,22,F,South,Electronics,Headphones,2,1306.22,20,Debit Card,Pending,1.0,2022,12,27
6940,ORD06941,2022-03-11,CUST2509,Rahul,38,M,Central,Books,Comics,5,2846.28,20,Credit Card,Returned,3.1,2022,3,11
6942,ORD06943,2022-07-20,CUST2739,Ritu,39,F,North,Sports,Cricket Bat,4,1081.44,15,Net Banking,Cancelled,4.2,2022,7,20
6943,ORD06944,2022-09-03,CUST2276,Ritu,41,F,North,Sports,Football,7,4320.42,0,Debit Card,Pending,4.6,2022,9,3
6944,ORD06945,2022-06-26,CUST1200,Sneha,27,F,North,Food,Rice 5kg,2,4332.58,20,Cash,Pending,1.3,2022,6,26
6947,ORD06948,2022-09-08,CUST0092,Asha,47,F,South,Food,Rice 5kg,6,735.4,20,Net Banking,Returned,2.0,2022,9,8
6948,ORD06949,2022-09-29,CUST1137,Dev,58,M,East,Toys,Board Game,3,949.95,15,Debit Card,Delivered,2.3,2022,9,29
6949,ORD06950,2022-02-11,CUST2002,Kavya,19,F,South,Toys,RC Car,5,3727.22,20,Net Banking,Cancelled,2.2,2022,2,11
6950,ORD06951,2022-01-10,CUST0478,Nikhil,36,M,East,Electronics,Laptop,9,4318.46,20,Debit Card,Delivered,3.1,2022,1,10
6953,ORD06954,2022-02-25,CUST0087,Meera,59,F,Central,Sports,Yoga Mat,6,1334.91,20,Credit Card,Cancelled,,2022,2,25
6954,ORD06955,2022-10-11,CUST2795,Karan,60,M,Central,Electronics,Laptop,6,3293.55,5,Credit Card,Pending,1.6,2022,10,11
6955,ORD06956,2022-01-29,CUST0518,Asha,56,F,North,Clothing,Kurta,1,3088.13,20,Cash,Delivered,2.8,2022,1,29
6959,ORD06960,2022-11-09,CUST2510,Ritu,40,F,South,Furniture,Bookshelf,3,1017.59,10,Debit Card,Returned,4.0,2022,11,9
6960,ORD06961,2022-02-07,CUST0782,Pooja,47,F,West,Sports,Football,10,1697.89,10,Credit Card,Returned,2.8,2022,2,7
6961,ORD06962,2022-01-21,CUST1047,Nisha,43,F,North,Books,Textbook,10,3823.66,20,UPI,Delivered,,2022,1,21
6962,ORD06963,2022-09-27,CUST0466,Vijay,25,M,North,Toys,RC Car,9,88.27,20,UPI,Pending,2.4,2022,9,27
6963,ORD06964,2022-03-21,CUST1484,Pooja,42,F,West,Books,Textbook,9,2416.9,10,Debit Card,Cancelled,4.7,2022,3,21
6964,ORD06965,2022-05-20,CUST2010,Vijay,29,M,East,Books,Novel,7,880.58,20,UPI,Pending,3.6,2022,5,20
6965,ORD06966,2022-07-05,CUST2447,Dev,39,M,North,Electronics,Headphones,8,4139.32,10,UPI,Cancelled,,2022,7,5
6966,ORD06967,2022-12-20,CUST1987,Pooja,57,F,East,Books,Self-Help,5,1574.98,0,Debit Card,Pending,3.8,2022,12,20
6968,ORD06969,2022-08-31,CUST1572,Ravi,22,M,North,Sports,Dumbbells,8,2892.32,15,Cash,Pending,3.1,2022,8,31
6970,ORD06971,2022-01-31,CUST1500,Rahul,58,M,South,Sports,Badminton Set,7,4370.83,10,Credit Card,Pending,3.0,2022,1,31
6971,ORD06972,2022-10-13,CUST1797,Meera,43,F,North,Toys,Doll,2,284.18,15,Net Banking,Cancelled,2.7,2022,10,13
6972,ORD06973,2022-06-05,CUST2665,Nikhil,40,M,Central,Books,Cookbook,5,711.47,5,Debit Card,Pending,4.2,2022,6,5
6974,ORD06975,2022-08-23,CUST0282,Dev,18,M,South,Electronics,Headphones,7,2627.15,0,UPI,Cancelled,,2022,8,23
6975,ORD06976,2022-05-01,CUST1743,Ravi,47,M,West,Sports,Badminton Set,10,877.25,15,UPI,Cancelled,4.2,2022,5,1
6976,ORD06977,2022-04-16,CUST0600,Kavya,47,F,South,Electronics,Phone,4,1375.45,0,Debit Card,Returned,4.4,2022,4,16
6978,ORD06979,2022-02-08,CUST2774,Ravi,39,M,East,Sports,Football,10,2965.16,5,Debit Card,Returned,3.7,2022,2,8
6979,ORD06980,2022-07-17,CUST1464,Arjun,40,M,North,Books,Self-Help,6,4938.09,5,UPI,Delivered,2.4,2022,7,17
6981,ORD06982,2022-03-15,CUST1645,Karan,50,M,Central,Books,Cookbook,1,1497.56,20,Credit Card,Returned,,2022,3,15
6982,ORD06983,2022-02-21,CUST1207,Vijay,26,M,West,Food,Biscuits,6,1375.56,10,Cash,Delivered,2.0,2022,2,21
6985,ORD06986,2022-01-12,CUST2195,Dev,21,M,South,Clothing,Jeans,1,4302.58,10,Debit Card,Pending,4.4,2022,1,12
6990,ORD06991,2022-07-26,CUST2168,Pooja,20,F,Central,Toys,LEGO Set,4,643.65,10,Debit Card,Returned,1.5,2022,7,26
6991,ORD06992,2022-12-10,CUST1130,Karan,46,M,Central,Toys,Doll,4,4704.48,15,UPI,Returned,1.6,2022,12,10
6993,ORD06994,2022-01-29,CUST1932,Amit,40,M,South,Furniture,Bed Frame,8,2617.97,5,UPI,Cancelled,,2022,1,29
6996,ORD06997,2022-05-20,CUST0955,Rahul,29,M,North,Sports,Dumbbells,7,3807.33,10,UPI,Cancelled,2.1,2022,5,20
6997,ORD06998,2022-01-05,CUST2115,Ritu,48,F,West,Clothing,Jacket,5,2889.7,0,Net Banking,Cancelled,4.0,2022,1,5
6998,ORD06999,2022-07-29,CUST1854,Priya,45,F,South,Sports,Yoga Mat,1,3071.75,20,Debit Card,Returned,3.8,2022,7,29
6999,ORD07000,2022-09-05,CUST2546,Arjun,64,M,West,Books,Self-Help,1,2475.55,5,Net Banking,Pending,3.7,2022,9,5
7000,ORD07001,2022-05-07,CUST0432,Nikhil,37,M,South,Clothing,T-Shirt,4,605.74,20,Credit Card,Pending,2.9,2022,5,7
7001,ORD07002,2022-09-10,CUST0833,Anita,50,F,West,Furniture,Chair,6,181.62,0,Credit Card,Pending,4.1,2022,9,10
7002,ORD07003,2022-06-18,CUST0995,Rahul,27,M,Central,Sports,Cricket Bat,10,3783.47,5,Credit Card,Delivered,3.2,2022,6,18
7005,ORD07006,2022-10-29,CUST1324,Dev,36,M,North,Toys,Board Game,5,1309.92,5,Cash,Returned,1.1,2022,10,29
7007,ORD07008,2022-09-04,CUST0362,Karan,54,M,South,Books,Novel,6,4861.74,15,Cash,Cancelled,2.5,2022,9,4
7010,ORD07011,2022-10-09,CUST2083,Nisha,27,F,West,Food,Dal 2kg,9,4761.09,15,Cash,Returned,2.8,2022,10,9
7012,ORD07013,2022-04-10,CUST0132,Vijay,26,M,North,Toys,RC Car,8,78.48,5,UPI,Delivered,2.0,2022,4,10
7014,ORD07015,2022-09-15,CUST2819,Vijay,53,M,Central,Toys,RC Car,9,3662.22,15,Net Banking,Returned,2.2,2022,9,15
7017,ORD07018,2022-04-07,CUST0296,Pooja,23,F,North,Toys,RC Car,7,3723.83,15,Net Banking,Cancelled,4.9,2022,4,7
7018,ORD07019,2022-04-14,CUST1067,Pooja,20,F,West,Clothing,Jacket,1,3161.93,15,Credit Card,Pending,3.7,2022,4,14
7020,ORD07021,2022-10-02,CUST0455,Sneha,59,F,East,Furniture,Chair,6,2186.44,20,Net Banking,Cancelled,3.7,2022,10,2
7024,ORD07025,2022-09-21,CUST0982,Dev,60,M,North,Books,Textbook,6,887.29,10,Credit Card,Returned,4.6,2022,9,21
7030,ORD07031,2022-03-02,CUST1438,Karan,42,M,East,Sports,Badminton Set,10,1131.81,0,Net Banking,Cancelled,2.3,2022,3,2
7033,ORD07034,2022-12-25,CUST0770,Amit,48,M,North,Food,Rice 5kg,5,659.0,5,Cash,Cancelled,3.1,2022,12,25
7038,ORD07039,2022-09-07,CUST0051,Amit,50,M,East,Books,Novel,6,3584.62,10,Debit Card,Delivered,2.4,2022,9,7
7042,ORD07043,2022-02-04,CUST0819,Kavya,46,F,West,Sports,Cricket Bat,3,334.56,10,Cash,Delivered,1.2,2022,2,4
7043,ORD07044,2022-03-26,CUST0487,Asha,23,F,South,Furniture,Bed Frame,1,4993.44,10,Net Banking,Delivered,3.5,2022,3,26
7044,ORD07045,2022-09-05,CUST0435,Ravi,27,M,West,Sports,Football,1,2579.47,15,Net Banking,Cancelled,4.5,2022,9,5
7046,ORD07047,2022-01-13,CUST2441,Rahul,50,M,North,Food,Rice 5kg,2,4401.88,20,Credit Card,Cancelled,3.5,2022,1,13
7047,ORD07048,2022-12-24,CUST1339,Ritu,22,F,South,Food,Cooking Oil,5,3843.77,20,Debit Card,Cancelled,2.5,2022,12,24
7050,ORD07051,2022-01-06,CUST2775,Ritu,41,F,North,Sports,Yoga Mat,10,4267.89,10,Credit Card,Pending,4.4,2022,1,6
7051,ORD07052,2022-07-28,CUST2856,Asha,50,F,West,Sports,Yoga Mat,8,4343.84,10,Net Banking,Cancelled,4.5,2022,7,28
7052,ORD07053,2022-12-24,CUST0357,Anita,19,F,West,Furniture,Chair,3,4704.45,15,Cash,Pending,1.3,2022,12,24
7053,ORD07054,2022-01-27,CUST1362,Karan,44,M,East,Electronics,Headphones,8,3777.97,0,Debit Card,Cancelled,3.0,2022,1,27
7057,ORD07058,2022-10-24,CUST1979,Rohan,64,M,West,Food,Dal 2kg,3,1621.76,20,Credit Card,Returned,2.8,2022,10,24
7059,ORD07060,2022-10-18,CUST0729,Priya,33,F,West,Food,Rice 5kg,8,387.0,15,UPI,Cancelled,3.4,2022,10,18
7060,ORD07061,2022-12-17,CUST1702,Anita,56,F,South,Clothing,Jacket,7,388.43,5,Cash,Delivered,2.3,2022,12,17
7061,ORD07062,2022-02-08,CUST2302,Amit,31,M,West,Books,Comics,3,4266.14,15,Cash,Returned,1.4,2022,2,8
7062,ORD07063,2022-03-11,CUST1129,Dev,51,M,East,Food,Biscuits,7,157.51,15,UPI,Cancelled,3.6,2022,3,11
7063,ORD07064,2022-03-02,CUST0437,Kavya,34,F,North,Sports,Cricket Bat,1,3703.71,5,Debit Card,Cancelled,3.8,2022,3,2
7064,ORD07065,2022-03-15,CUST1952,Divya,38,F,East,Furniture,Sofa,3,1561.66,10,Cash,Delivered,4.4,2022,3,15
7066,ORD07067,2022-10-06,CUST1827,Nikhil,57,M,East,Furniture,Chair,2,2326.49,0,Credit Card,Pending,4.6,2022,10,6
7070,ORD07071,2022-09-16,CUST1739,Priya,21,F,South,Food,Dal 2kg,3,511.26,15,Net Banking,Cancelled,4.9,2022,9,16
7073,ORD07074,2022-10-25,CUST1465,Rahul,48,M,East,Electronics,Laptop,4,1046.98,5,Credit Card,Delivered,1.1,2022,10,25
7074,ORD07075,2022-05-07,CUST0095,Rohan,38,M,West,Toys,Doll,10,4937.76,0,Cash,Cancelled,2.2,2022,5,7
7077,ORD07078,2022-09-01,CUST2815,Sneha,26,F,Central,Books,Textbook,5,2758.37,0,UPI,Returned,4.5,2022,9,1
7078,ORD07079,2022-11-04,CUST0173,Sneha,19,F,West,Furniture,Bookshelf,6,393.13,0,Cash,Delivered,,2022,11,4
7082,ORD07083,2022-10-05,CUST1425,Nikhil,25,M,North,Food,Cooking Oil,10,3363.64,20,Net Banking,Delivered,3.4,2022,10,5
7085,ORD07086,2022-01-15,CUST2971,Divya,65,F,East,Food,Cooking Oil,7,2541.54,5,Credit Card,Delivered,4.0,2022,1,15
7095,ORD07096,2022-12-11,CUST2541,Vijay,37,M,West,Furniture,Chair,7,2415.72,10,Debit Card,Pending,4.4,2022,12,11
7096,ORD07097,2022-09-30,CUST2178,Divya,27,F,Central,Furniture,Bed Frame,7,3727.41,5,Credit Card,Cancelled,,2022,9,30
7099,ORD07100,2022-07-24,CUST2814,Kavya,20,F,North,Furniture,Chair,8,3762.27,10,Cash,Delivered,2.8,2022,7,24
7101,ORD07102,2022-04-18,CUST0995,Pooja,44,F,North,Clothing,T-Shirt,9,2921.68,20,Net Banking,Pending,3.0,2022,4,18
7102,ORD07103,2022-03-14,CUST2452,Divya,54,F,East,Sports,Football,10,2755.86,5,Debit Card,Returned,1.5,2022,3,14
7104,ORD07105,2022-09-06,CUST1124,Ravi,35,M,South,Clothing,Jeans,8,2033.76,0,Cash,Returned,2.6,2022,9,6
7106,ORD07107,2022-09-03,CUST2105,Rahul,46,M,East,Books,Textbook,4,4604.68,0,UPI,Delivered,2.4,2022,9,3
7107,ORD07108,2022-11-18,CUST1987,Kavya,59,F,West,Toys,Board Game,10,3563.84,0,Credit Card,Cancelled,1.3,2022,11,18
7108,ORD07109,2022-05-05,CUST0231,Ritu,59,F,West,Food,Spices Pack,3,1120.68,20,Cash,Delivered,,2022,5,5
7110,ORD07111,2022-12-08,CUST0540,Divya,26,F,South,Clothing,Jacket,9,4514.92,15,Credit Card,Returned,4.2,2022,12,8
7112,ORD07113,2022-09-07,CUST1797,Rahul,53,M,North,Clothing,Jacket,8,4538.52,5,Debit Card,Delivered,1.5,2022,9,7
7113,ORD07114,2022-07-24,CUST2591,Dev,20,M,West,Sports,Dumbbells,8,4579.41,0,Net Banking,Returned,2.2,2022,7,24
7114,ORD07115,2022-11-20,CUST1300,Ravi,63,M,West,Food,Cooking Oil,7,1656.65,5,Debit Card,Returned,3.2,2022,11,20
7116,ORD07117,2022-02-14,CUST2996,Rahul,45,M,South,Sports,Football,1,1266.18,10,Debit Card,Returned,1.1,2022,2,14
7117,ORD07118,2022-08-23,CUST1941,Ritu,60,F,West,Food,Biscuits,5,323.93,0,UPI,Returned,3.1,2022,8,23
7119,ORD07120,2022-08-29,CUST1462,Dev,28,M,East,Electronics,Headphones,6,4658.07,15,UPI,Cancelled,3.9,2022,8,29
7122,ORD07123,2022-11-24,CUST0010,Vijay,39,M,Central,Furniture,Bookshelf,4,4646.81,0,Credit Card,Cancelled,4.4,2022,11,24
7123,ORD07124,2022-07-27,CUST2784,Divya,60,F,Central,Furniture,Table,5,944.48,5,Cash,Pending,3.9,2022,7,27
7124,ORD07125,2022-03-26,CUST0022,Sneha,65,F,West,Furniture,Table,8,514.09,20,Credit Card,Pending,3.7,2022,3,26
7125,ORD07126,2022-06-30,CUST0253,Meera,22,F,North,Toys,LEGO Set,10,2195.39,20,Cash,Pending,3.6,2022,6,30
7128,ORD07129,2022-06-04,CUST2900,Rohan,31,M,South,Furniture,Sofa,1,463.94,15,Debit Card,Cancelled,1.9,2022,6,4
7129,ORD07130,2022-04-07,CUST0933,Ritu,42,F,East,Toys,LEGO Set,2,4794.22,5,Debit Card,Pending,3.2,2022,4,7
7130,ORD07131,2022-11-06,CUST1783,Arjun,25,M,East,Sports,Football,9,4918.15,15,Credit Card,Delivered,2.9,2022,11,6
7133,ORD07134,2022-10-01,CUST1322,Divya,34,F,South,Furniture,Chair,3,1377.87,10,Credit Card,Cancelled,3.0,2022,10,1
7134,ORD07135,2022-07-17,CUST0758,Rohan,62,M,East,Furniture,Bed Frame,5,3508.13,20,Cash,Delivered,1.8,2022,7,17
7136,ORD07137,2022-12-23,CUST1000,Kavya,55,F,East,Electronics,Phone,6,4405.05,5,Credit Card,Returned,2.0,2022,12,23
7137,ORD07138,2022-01-28,CUST2063,Asha,50,F,Central,Toys,Board Game,7,1171.15,10,Debit Card,Cancelled,1.4,2022,1,28
7143,ORD07144,2022-07-02,CUST1532,Rohan,40,M,South,Clothing,Jeans,2,2877.79,5,Debit Card,Returned,2.8,2022,7,2
7151,ORD07152,2022-11-01,CUST0496,Vijay,33,M,West,Clothing,T-Shirt,4,844.34,10,Cash,Cancelled,3.2,2022,11,1
7152,ORD07153,2022-03-06,CUST1669,Divya,43,F,East,Books,Textbook,2,4184.26,10,Credit Card,Returned,4.5,2022,3,6
7159,ORD07160,2022-11-25,CUST0052,Meera,22,F,Central,Toys,Puzzle,7,3260.62,15,UPI,Delivered,4.8,2022,11,25
7161,ORD07162,2022-10-16,CUST1206,Anita,43,F,South,Food,Biscuits,2,3998.16,0,Net Banking,Pending,2.2,2022,10,16
7163,ORD07164,2022-11-14,CUST0819,Pooja,24,F,North,Food,Cooking Oil,1,2295.71,5,Cash,Pending,4.9,2022,11,14
7165,ORD07166,2022-11-01,CUST1658,Meera,55,F,West,Toys,LEGO Set,4,4461.25,20,Cash,Returned,,2022,11,1
7167,ORD07168,2022-03-28,CUST1430,Nikhil,35,M,South,Electronics,Smartwatch,7,1343.59,15,UPI,Cancelled,2.3,2022,3,28
7168,ORD07169,2022-03-30,CUST0334,Asha,48,F,West,Electronics,Tablet,8,360.35,20,Credit Card,Cancelled,3.0,2022,3,30
7169,ORD07170,2022-05-17,CUST0474,Kavya,36,F,South,Clothing,Kurta,3,1083.97,5,Cash,Pending,1.8,2022,5,17
7175,ORD07176,2022-09-23,CUST0003,Rahul,42,M,Central,Sports,Football,9,4094.81,5,UPI,Pending,1.2,2022,9,23
7176,ORD07177,2022-06-06,CUST0309,Nisha,38,F,Central,Books,Self-Help,4,4097.94,10,Debit Card,Returned,1.7,2022,6,6
7177,ORD07178,2022-05-18,CUST2245,Asha,20,F,South,Electronics,Laptop,6,3229.38,15,Net Banking,Delivered,2.7,2022,5,18
7180,ORD07181,2022-06-18,CUST0776,Kavya,25,F,East,Electronics,Smartwatch,1,2887.98,10,UPI,Pending,1.9,2022,6,18
7181,ORD07182,2022-11-27,CUST1606,Anita,49,F,East,Food,Cooking Oil,3,3553.5,10,Net Banking,Cancelled,3.3,2022,11,27
7182,ORD07183,2022-06-16,CUST0476,Anita,18,F,North,Furniture,Sofa,9,343.97,10,Credit Card,Cancelled,3.6,2022,6,16
7185,ORD07186,2022-05-03,CUST2088,Priya,61,F,North,Books,Textbook,7,4448.45,20,UPI,Delivered,4.6,2022,5,3
7187,ORD07188,2022-05-25,CUST2806,Dev,57,M,West,Food,Dal 2kg,7,903.34,15,Credit Card,Cancelled,3.1,2022,5,25
7189,ORD07190,2022-11-09,CUST1849,Suresh,47,M,Central,Sports,Badminton Set,8,4622.12,20,Net Banking,Returned,3.4,2022,11,9
7190,ORD07191,2022-07-21,CUST0211,Anita,45,F,South,Books,Comics,3,4983.36,15,Net Banking,Cancelled,1.2,2022,7,21
7192,ORD07193,2022-09-06,CUST0114,Kavya,48,F,East,Furniture,Sofa,1,2378.02,5,Debit Card,Delivered,2.0,2022,9,6
7193,ORD07194,2022-07-01,CUST0687,Nikhil,32,M,North,Sports,Football,3,2209.25,0,Debit Card,Delivered,3.9,2022,7,1
7194,ORD07195,2022-08-05,CUST1349,Anita,43,F,South,Clothing,T-Shirt,9,2747.52,20,Cash,Pending,,2022,8,5
7197,ORD07198,2022-10-27,CUST1770,Nisha,32,F,Central,Food,Spices Pack,10,4097.99,0,Credit Card,Pending,4.1,2022,10,27
7199,ORD07200,2022-01-02,CUST2670,Nisha,18,F,North,Furniture,Bookshelf,7,1977.13,5,Debit Card,Pending,4.4,2022,1,2
7200,ORD07201,2022-10-13,CUST2023,Pooja,52,F,Central,Furniture,Table,2,3983.53,20,Cash,Delivered,1.6,2022,10,13
7202,ORD07203,2022-11-14,CUST0695,Kavya,43,F,North,Toys,Board Game,1,4455.38,5,Cash,Pending,,2022,11,14
7203,ORD07204,2022-11-18,CUST0291,Sneha,30,F,South,Food,Biscuits,6,4285.13,20,Net Banking,Pending,4.2,2022,11,18
7206,ORD07207,2022-08-21,CUST2807,Meera,34,F,Central,Sports,Cricket Bat,2,3168.9,0,Net Banking,Delivered,5.0,2022,8,21
7208,ORD07209,2022-04-04,CUST1298,Nisha,60,F,Central,Sports,Yoga Mat,4,1129.88,20,Net Banking,Returned,4.2,2022,4,4
7209,ORD07210,2022-06-01,CUST1976,Karan,46,M,Central,Books,Novel,2,1743.31,10,Cash,Pending,2.4,2022,6,1
7210,ORD07211,2022-06-16,CUST1495,Kavya,59,F,Central,Toys,LEGO Set,10,4122.51,5,Cash,Returned,4.5,2022,6,16
7211,ORD07212,2022-12-22,CUST2114,Ravi,61,M,North,Food,Biscuits,4,962.59,20,UPI,Returned,3.4,2022,12,22
7212,ORD07213,2022-06-06,CUST2602,Arjun,57,M,South,Books,Cookbook,6,3257.78,5,UPI,Cancelled,3.3,2022,6,6
7213,ORD07214,2022-10-27,CUST0192,Divya,35,F,Central,Electronics,Laptop,6,2193.42,0,Debit Card,Cancelled,,2022,10,27
7214,ORD07215,2022-10-09,CUST2064,Nisha,55,F,West,Furniture,Chair,5,2125.73,20,Cash,Delivered,3.0,2022,10,9
7216,ORD07217,2022-10-27,CUST1492,Sneha,19,F,West,Furniture,Table,1,4070.34,0,Credit Card,Pending,,2022,10,27
7217,ORD07218,2022-03-21,CUST0523,Arjun,49,M,West,Furniture,Bookshelf,6,3512.68,15,Debit Card,Pending,,2022,3,21
7220,ORD07221,2022-08-23,CUST2825,Ravi,57,M,North,Electronics,Smartwatch,2,3390.98,10,Credit Card,Cancelled,3.4,2022,8,23
7221,ORD07222,2022-09-10,CUST0375,Priya,38,F,East,Clothing,Kurta,8,4713.78,5,Cash,Delivered,3.7,2022,9,10
7225,ORD07226,2022-03-26,CUST0844,Nikhil,51,M,Central,Clothing,Saree,2,2218.3,15,Debit Card,Delivered,4.8,2022,3,26
7228,ORD07229,2022-12-30,CUST1800,Karan,30,M,West,Toys,RC Car,4,3130.19,0,UPI,Returned,4.4,2022,12,30
7229,ORD07230,2022-06-11,CUST0012,Priya,58,F,East,Books,Self-Help,1,3690.01,20,Credit Card,Cancelled,3.3,2022,6,11
7231,ORD07232,2022-11-24,CUST0224,Priya,33,F,West,Food,Spices Pack,3,481.74,20,Cash,Cancelled,4.8,2022,11,24
7233,ORD07234,2022-09-07,CUST1149,Nisha,23,F,East,Clothing,Jeans,5,3648.92,20,Net Banking,Delivered,1.5,2022,9,7
7234,ORD07235,2022-08-13,CUST1326,Sneha,19,F,North,Sports,Badminton Set,7,87.06,15,Debit Card,Delivered,3.5,2022,8,13
7239,ORD07240,2022-05-29,CUST0564,Sneha,26,F,North,Food,Spices Pack,10,1894.14,10,UPI,Pending,,2022,5,29
7240,ORD07241,2022-11-28,CUST1075,Kavya,49,F,West,Electronics,Tablet,5,3345.12,10,UPI,Cancelled,3.0,2022,11,28
7242,ORD07243,2022-03-23,CUST0430,Pooja,28,F,South,Food,Spices Pack,9,1276.3,0,UPI,Returned,,2022,3,23
7245,ORD07246,2022-01-14,CUST0546,Divya,61,F,North,Clothing,Jeans,2,988.89,10,Debit Card,Pending,2.1,2022,1,14
7246,ORD07247,2022-08-31,CUST1389,Divya,47,F,North,Electronics,Laptop,3,3727.67,0,UPI,Delivered,1.2,2022,8,31
7247,ORD07248,2022-03-24,CUST1776,Ritu,31,F,Central,Clothing,Jeans,8,4488.29,10,Debit Card,Cancelled,1.9,2022,3,24
7248,ORD07249,2022-12-14,CUST1512,Meera,46,F,South,Furniture,Bed Frame,3,3511.16,20,Cash,Pending,1.5,2022,12,14
7251,ORD07252,2022-03-26,CUST0023,Suresh,30,M,Central,Toys,Doll,9,4508.02,0,Net Banking,Pending,,2022,3,26
7253,ORD07254,2022-09-05,CUST0007,Sneha,43,F,North,Electronics,Headphones,2,83.45,20,Net Banking,Pending,2.7,2022,9,5
7254,ORD07255,2022-06-27,CUST1942,Amit,51,M,North,Clothing,Jeans,1,2016.23,0,Credit Card,Delivered,3.9,2022,6,27
7255,ORD07256,2022-05-24,CUST2782,Karan,44,M,North,Clothing,Saree,1,4445.26,0,UPI,Returned,4.3,2022,5,24
7260,ORD07261,2022-08-16,CUST2349,Nikhil,24,M,North,Furniture,Bookshelf,10,3570.43,5,Credit Card,Returned,4.2,2022,8,16
7261,ORD07262,2022-01-10,CUST0033,Amit,54,M,Central,Furniture,Bookshelf,6,4482.57,20,Net Banking,Cancelled,1.1,2022,1,10
7264,ORD07265,2022-03-01,CUST1172,Arjun,53,M,West,Sports,Badminton Set,5,3296.85,5,Credit Card,Delivered,3.7,2022,3,1
7268,ORD07269,2022-11-02,CUST2623,Dev,40,M,North,Toys,Doll,6,2051.54,0,Credit Card,Pending,3.0,2022,11,2
7269,ORD07270,2022-05-02,CUST0450,Anita,26,F,South,Clothing,T-Shirt,7,1621.92,15,Cash,Returned,2.4,2022,5,2
7270,ORD07271,2022-11-14,CUST0487,Anita,26,F,Central,Books,Textbook,3,162.13,0,Net Banking,Returned,2.5,2022,11,14
7272,ORD07273,2022-12-02,CUST1662,Ravi,25,M,East,Food,Dal 2kg,8,3689.23,15,Debit Card,Cancelled,,2022,12,2
7273,ORD07274,2022-11-09,CUST1646,Dev,58,M,North,Books,Self-Help,2,3698.88,5,Cash,Cancelled,1.3,2022,11,9
7275,ORD07276,2022-07-19,CUST2446,Ritu,29,F,South,Electronics,Laptop,8,3041.87,15,Debit Card,Returned,1.3,2022,7,19
7277,ORD07278,2022-11-02,CUST1268,Amit,33,M,East,Electronics,Smartwatch,8,1229.17,15,Net Banking,Pending,3.6,2022,11,2
7279,ORD07280,2022-06-14,CUST1145,Dev,35,M,South,Sports,Yoga Mat,4,1078.22,15,Debit Card,Cancelled,3.8,2022,6,14
7280,ORD07281,2022-01-08,CUST0008,Vijay,18,M,East,Toys,Doll,2,4622.24,5,Credit Card,Returned,4.6,2022,1,8
7281,ORD07282,2022-11-01,CUST2658,Asha,36,F,North,Furniture,Bed Frame,4,1679.23,0,Cash,Pending,1.8,2022,11,1
7283,ORD07284,2022-10-29,CUST0008,Rohan,53,M,Central,Sports,Football,9,1410.96,5,UPI,Pending,1.6,2022,10,29
7288,ORD07289,2022-07-02,CUST1664,Pooja,44,F,East,Electronics,Smartwatch,5,4932.29,10,UPI,Pending,1.2,2022,7,2
7290,ORD07291,2022-11-06,CUST2085,Dev,37,M,West,Furniture,Bookshelf,8,1077.39,20,Credit Card,Returned,3.9,2022,11,6
7294,ORD07295,2022-06-26,CUST2701,Amit,23,M,North,Books,Cookbook,8,162.71,10,UPI,Cancelled,2.4,2022,6,26
7296,ORD07297,2022-12-21,CUST2162,Dev,39,M,North,Furniture,Chair,5,1379.61,0,Debit Card,Delivered,3.4,2022,12,21
7298,ORD07299,2022-03-14,CUST0729,Kavya,58,F,East,Clothing,Jeans,5,1079.13,10,Credit Card,Pending,3.5,2022,3,14
7300,ORD07301,2022-10-16,CUST1599,Sneha,26,F,North,Sports,Yoga Mat,5,3346.38,20,Cash,Delivered,2.4,2022,10,16
7302,ORD07303,2022-10-30,CUST0810,Meera,50,F,West,Electronics,Headphones,4,929.94,5,Credit Card,Cancelled,2.3,2022,10,30
7303,ORD07304,2022-09-22,CUST0131,Nisha,59,F,West,Furniture,Sofa,2,2329.07,20,Credit Card,Pending,2.6,2022,9,22
7306,ORD07307,2022-09-15,CUST1393,Karan,60,M,West,Clothing,Jacket,4,936.17,10,Debit Card,Cancelled,3.3,2022,9,15
7307,ORD07308,2022-09-18,CUST2679,Anita,28,F,East,Clothing,Kurta,7,88.5,5,Net Banking,Returned,1.7,2022,9,18
7309,ORD07310,2022-10-13,CUST2761,Amit,54,M,West,Toys,LEGO Set,7,860.81,10,Credit Card,Cancelled,2.7,2022,10,13
7310,ORD07311,2022-07-12,CUST0785,Priya,45,F,West,Electronics,Laptop,5,331.99,20,Net Banking,Cancelled,4.6,2022,7,12
7315,ORD07316,2022-11-30,CUST0806,Rohan,30,M,East,Toys,Board Game,9,4764.79,15,UPI,Pending,4.1,2022,11,30
7317,ORD07318,2022-10-11,CUST0657,Rahul,36,M,East,Electronics,Tablet,3,2973.73,15,Debit Card,Cancelled,3.6,2022,10,11
7318,ORD07319,2022-10-29,CUST0442,Suresh,29,M,Central,Food,Dal 2kg,7,418.76,10,Debit Card,Delivered,,2022,10,29
7319,ORD07320,2022-10-17,CUST2124,Ravi,18,M,West,Clothing,Jacket,2,2695.84,5,Net Banking,Cancelled,4.4,2022,10,17
7321,ORD07322,2022-08-14,CUST1804,Amit,57,M,North,Clothing,Jacket,2,670.71,5,Credit Card,Returned,1.1,2022,8,14
7323,ORD07324,2022-11-13,CUST0263,Dev,40,M,South,Electronics,Tablet,8,3893.9,20,Cash,Pending,4.8,2022,11,13
7324,ORD07325,2022-07-31,CUST0327,Dev,46,M,West,Electronics,Phone,2,692.44,10,Debit Card,Returned,4.1,2022,7,31
7325,ORD07326,2022-03-24,CUST0874,Ravi,48,M,South,Electronics,Phone,8,2704.77,20,Debit Card,Cancelled,3.4,2022,3,24
7327,ORD07328,2022-03-17,CUST0505,Pooja,35,F,East,Furniture,Table,4,89.45,0,Debit Card,Pending,1.1,2022,3,17
7328,ORD07329,2022-01-31,CUST0885,Arjun,54,M,West,Furniture,Bed Frame,9,1901.3,0,Debit Card,Cancelled,2.8,2022,1,31
7330,ORD07331,2022-02-05,CUST1842,Amit,28,M,Central,Clothing,T-Shirt,6,4714.64,20,Net Banking,Pending,1.6,2022,2,5
7331,ORD07332,2022-07-17,CUST0941,Vijay,28,M,South,Furniture,Bed Frame,3,4445.9,5,Cash,Delivered,1.7,2022,7,17
7332,ORD07333,2022-04-15,CUST0792,Priya,46,F,East,Books,Novel,3,1961.4,5,Cash,Cancelled,2.1,2022,4,15
7333,ORD07334,2022-02-27,CUST1743,Vijay,27,M,Central,Clothing,Kurta,9,4428.6,15,UPI,Returned,,2022,2,27
7334,ORD07335,2022-10-30,CUST2551,Sneha,20,F,West,Food,Cooking Oil,3,2220.6,5,UPI,Returned,1.6,2022,10,30
7339,ORD07340,2022-12-22,CUST1057,Arjun,59,M,West,Electronics,Laptop,4,3914.77,5,UPI,Returned,1.0,2022,12,22
7340,ORD07341,2022-11-19,CUST2742,Rohan,56,M,East,Furniture,Bed Frame,3,2811.48,15,Debit Card,Returned,4.4,2022,11,19
7341,ORD07342,2022-08-24,CUST1563,Anita,45,F,South,Toys,Puzzle,9,4231.69,0,Credit Card,Pending,2.4,2022,8,24
7342,ORD07343,2022-02-21,CUST2025,Ravi,48,M,East,Electronics,Phone,5,1884.33,15,Cash,Pending,1.4,2022,2,21
7346,ORD07347,2022-04-22,CUST1992,Nisha,59,F,Central,Toys,RC Car,6,139.02,10,Credit Card,Pending,3.2,2022,4,22
7347,ORD07348,2022-07-03,CUST2476,Nikhil,62,M,South,Electronics,Headphones,8,4089.8,20,Debit Card,Returned,3.8,2022,7,3
7348,ORD07349,2022-02-23,CUST1214,Amit,20,M,Central,Sports,Football,1,1680.91,20,Debit Card,Pending,2.6,2022,2,23
7350,ORD07351,2022-02-05,CUST1812,Sneha,25,F,East,Food,Spices Pack,9,1011.36,10,Net Banking,Returned,3.7,2022,2,5
7355,ORD07356,2022-08-04,CUST2473,Priya,18,F,North,Electronics,Headphones,5,1649.82,15,Cash,Returned,3.5,2022,8,4
7356,ORD07357,2022-10-23,CUST1492,Kavya,21,F,North,Books,Self-Help,10,1524.73,15,UPI,Delivered,2.1,2022,10,23
7357,ORD07358,2022-02-02,CUST1260,Arjun,54,M,Central,Furniture,Bookshelf,8,4072.65,5,UPI,Delivered,,2022,2,2
7358,ORD07359,2022-11-11,CUST2592,Karan,34,M,North,Clothing,Kurta,10,843.15,10,Credit Card,Cancelled,,2022,11,11
7362,ORD07363,2022-08-26,CUST2034,Divya,39,F,Central,Books,Cookbook,8,72.36,15,UPI,Returned,2.4,2022,8,26
7363,ORD07364,2022-04-11,CUST0496,Rohan,58,M,West,Furniture,Sofa,4,1948.62,15,Cash,Returned,4.7,2022,4,11
7365,ORD07366,2022-06-30,CUST2610,Dev,18,M,South,Books,Novel,5,2930.6,15,Credit Card,Cancelled,2.2,2022,6,30
7366,ORD07367,2022-10-10,CUST0614,Divya,56,F,Central,Toys,Puzzle,8,552.5,5,Net Banking,Returned,4.6,2022,10,10
7367,ORD07368,2022-08-20,CUST1891,Asha,24,F,North,Clothing,Kurta,3,959.5,10,UPI,Returned,3.8,2022,8,20
7368,ORD07369,2022-04-26,CUST0152,Karan,41,M,East,Books,Self-Help,9,400.03,20,Credit Card,Pending,1.2,2022,4,26
7369,ORD07370,2022-09-25,CUST2816,Arjun,44,M,Central,Books,Cookbook,10,379.8,0,Credit Card,Pending,3.9,2022,9,25
7373,ORD07374,2022-06-16,CUST0431,Suresh,25,M,North,Sports,Cricket Bat,1,2421.12,15,UPI,Delivered,2.6,2022,6,16
7376,ORD07377,2022-08-17,CUST2843,Rahul,29,M,North,Furniture,Chair,6,2272.05,20,UPI,Pending,3.8,2022,8,17
7377,ORD07378,2022-02-16,CUST1965,Ravi,33,M,West,Food,Dal 2kg,10,4412.19,15,Net Banking,Delivered,4.1,2022,2,16
7378,ORD07379,2022-11-23,CUST1534,Dev,63,M,South,Sports,Football,5,4395.04,0,Cash,Returned,1.5,2022,11,23
7380,ORD07381,2022-03-07,CUST2649,Ravi,64,M,Central,Toys,LEGO Set,3,255.73,5,Cash,Pending,3.9,2022,3,7
7381,ORD07382,2022-11-18,CUST1859,Kavya,29,F,Central,Books,Comics,6,4471.68,15,UPI,Pending,5.0,2022,11,18
7382,ORD07383,2022-05-02,CUST2848,Vijay,43,M,Central,Toys,RC Car,3,530.87,0,Net Banking,Returned,4.6,2022,5,2
7383,ORD07384,2022-02-04,CUST1141,Divya,30,F,Central,Food,Spices Pack,1,3732.04,20,Net Banking,Pending,,2022,2,4
7384,ORD07385,2022-01-29,CUST0186,Nikhil,57,M,North,Toys,Board Game,5,469.87,15,UPI,Pending,3.5,2022,1,29
7387,ORD07388,2022-02-02,CUST0717,Priya,50,F,North,Books,Self-Help,3,4570.62,0,Credit Card,Cancelled,4.7,2022,2,2
7391,ORD07392,2022-08-12,CUST2046,Dev,48,M,South,Electronics,Phone,6,4451.84,0,Net Banking,Delivered,3.1,2022,8,12
7393,ORD07394,2022-07-13,CUST1615,Divya,38,F,North,Electronics,Smartwatch,1,2183.09,20,Credit Card,Cancelled,1.1,2022,7,13
7399,ORD07400,2022-05-25,CUST1524,Anita,49,F,West,Clothing,Jacket,10,3787.65,10,UPI,Delivered,4.6,2022,5,25
7400,ORD07401,2022-07-09,CUST0348,Arjun,55,M,North,Food,Spices Pack,10,533.42,5,UPI,Cancelled,2.1,2022,7,9
7401,ORD07402,2022-03-29,CUST1233,Anita,20,F,Central,Toys,Puzzle,10,4120.75,5,Debit Card,Cancelled,2.1,2022,3,29
7407,ORD07408,2022-01-07,CUST0501,Rohan,57,M,Central,Electronics,Phone,7,1999.0,10,Cash,Cancelled,2.9,2022,1,7
7411,ORD07412,2022-03-08,CUST0950,Kavya,54,F,South,Electronics,Phone,1,3216.69,5,Debit Card,Pending,2.2,2022,3,8
7412,ORD07413,2022-11-26,CUST0436,Suresh,41,M,West,Furniture,Bed Frame,8,3796.47,5,UPI,Delivered,3.3,2022,11,26
7417,ORD07418,2022-01-06,CUST1494,Asha,49,F,East,Furniture,Table,2,1453.87,15,Cash,Delivered,2.0,2022,1,6
7418,ORD07419,2022-02-10,CUST2166,Kavya,40,F,South,Electronics,Laptop,8,3808.88,0,Net Banking,Cancelled,3.0,2022,2,10
7420,ORD07421,2022-08-07,CUST1207,Ritu,58,F,East,Food,Biscuits,9,2478.76,20,Debit Card,Pending,4.9,2022,8,7
7422,ORD07423,2022-03-07,CUST2091,Sneha,22,F,West,Furniture,Bed Frame,8,4494.36,0,Credit Card,Returned,2.8,2022,3,7
7427,ORD07428,2022-04-04,CUST0171,Anita,62,F,Central,Toys,Board Game,5,3812.12,15,Cash,Cancelled,4.4,2022,4,4
7428,ORD07429,2022-07-22,CUST1348,Rahul,36,M,West,Sports,Cricket Bat,2,620.14,10,Cash,Pending,2.9,2022,7,22
7429,ORD07430,2022-07-31,CUST1823,Nikhil,41,M,West,Electronics,Headphones,4,3666.71,20,Cash,Pending,2.7,2022,7,31
7430,ORD07431,2022-03-23,CUST1779,Priya,28,F,North,Furniture,Chair,5,2888.32,20,UPI,Returned,3.7,2022,3,23
7431,ORD07432,2022-11-16,CUST0017,Dev,36,M,West,Books,Textbook,4,3967.68,0,Debit Card,Cancelled,3.9,2022,11,16
7433,ORD07434,2022-02-07,CUST1407,Priya,62,F,West,Food,Dal 2kg,8,1949.75,10,Cash,Returned,2.7,2022,2,7
7434,ORD07435,2022-05-10,CUST1729,Meera,48,F,North,Furniture,Sofa,9,1249.39,20,UPI,Cancelled,2.9,2022,5,10
7435,ORD07436,2022-06-11,CUST1107,Suresh,52,M,Central,Food,Rice 5kg,2,3225.48,20,UPI,Pending,1.7,2022,6,11
7436,ORD07437,2022-04-25,CUST0309,Rohan,40,M,North,Toys,RC Car,3,4391.25,15,Net Banking,Cancelled,4.5,2022,4,25
7437,ORD07438,2022-03-21,CUST1880,Asha,40,F,Central,Sports,Football,4,3887.3,10,Cash,Returned,1.8,2022,3,21
7441,ORD07442,2022-02-12,CUST0734,Sneha,26,F,East,Clothing,Jeans,2,1542.68,20,Debit Card,Delivered,1.3,2022,2,12
7443,ORD07444,2022-09-22,CUST1583,Ritu,45,F,South,Toys,LEGO Set,8,1617.52,20,Cash,Delivered,1.3,2022,9,22
7444,ORD07445,2022-02-07,CUST2464,Kavya,35,F,East,Clothing,Saree,1,2042.28,15,UPI,Returned,2.9,2022,2,7
7445,ORD07446,2022-01-27,CUST1010,Kavya,20,F,Central,Books,Textbook,8,2921.47,20,Credit Card,Cancelled,4.2,2022,1,27
7449,ORD07450,2022-01-14,CUST0341,Anita,45,F,East,Food,Dal 2kg,5,4703.23,20,Debit Card,Pending,2.5,2022,1,14
7450,ORD07451,2022-09-10,CUST1846,Karan,24,M,West,Clothing,Saree,2,4928.54,0,UPI,Pending,2.2,2022,9,10
7451,ORD07452,2022-02-11,CUST0480,Divya,45,F,East,Books,Cookbook,1,4163.99,0,Credit Card,Delivered,1.8,2022,2,11
7452,ORD07453,2022-10-25,CUST1492,Ritu,61,F,North,Books,Self-Help,6,2593.86,0,Debit Card,Delivered,4.8,2022,10,25
7454,ORD07455,2022-01-26,CUST1443,Priya,60,F,South,Furniture,Bed Frame,8,2277.36,0,Net Banking,Cancelled,1.6,2022,1,26
7458,ORD07459,2022-10-24,CUST0627,Nisha,44,F,South,Food,Biscuits,3,4854.33,20,UPI,Returned,2.8,2022,10,24
7459,ORD07460,2022-02-01,CUST2899,Pooja,44,F,West,Clothing,Jacket,4,2412.92,10,Cash,Delivered,4.4,2022,2,1
7460,ORD07461,2022-01-31,CUST1225,Rohan,18,M,North,Electronics,Laptop,6,3898.76,10,UPI,Returned,,2022,1,31
7464,ORD07465,2022-11-08,CUST0878,Amit,57,M,South,Food,Rice 5kg,2,3018.18,20,Credit Card,Returned,4.6,2022,11,8
7465,ORD07466,2022-08-31,CUST0562,Nisha,33,F,South,Furniture,Chair,8,3278.82,10,Net Banking,Returned,2.3,2022,8,31
7466,ORD07467,2022-12-17,CUST0537,Arjun,64,M,South,Sports,Cricket Bat,9,104.5,5,Net Banking,Cancelled,3.5,2022,12,17
7467,ORD07468,2022-04-16,CUST0606,Sneha,34,F,South,Sports,Football,7,1463.54,20,Credit Card,Pending,1.5,2022,4,16
7470,ORD07471,2022-03-17,CUST1259,Anita,51,F,East,Sports,Football,10,3624.93,5,Net Banking,Cancelled,1.7,2022,3,17
7471,ORD07472,2022-03-03,CUST2653,Anita,49,F,Central,Furniture,Table,2,4728.51,0,Cash,Pending,3.1,2022,3,3
7472,ORD07473,2022-09-06,CUST0590,Anita,37,F,South,Sports,Dumbbells,5,1785.42,10,Net Banking,Delivered,3.7,2022,9,6
7474,ORD07475,2022-10-21,CUST2520,Vijay,41,M,East,Electronics,Headphones,6,2339.78,0,Net Banking,Delivered,3.7,2022,10,21
7476,ORD07477,2022-08-19,CUST1743,Ravi,56,M,West,Food,Dal 2kg,5,2730.08,0,Credit Card,Cancelled,5.0,2022,8,19
7478,ORD07479,2022-03-23,CUST1932,Kavya,37,F,West,Toys,Puzzle,7,4542.86,0,Cash,Delivered,3.7,2022,3,23
7481,ORD07482,2022-05-31,CUST1462,Arjun,30,M,East,Toys,Doll,1,2333.74,5,Cash,Delivered,2.8,2022,5,31
7482,ORD07483,2022-02-12,CUST2124,Nikhil,59,M,East,Toys,Doll,5,3178.21,15,Credit Card,Pending,4.3,2022,2,12
7483,ORD07484,2022-08-02,CUST0484,Vijay,40,M,South,Electronics,Laptop,4,655.13,10,Debit Card,Delivered,1.4,2022,8,2
7485,ORD07486,2022-08-13,CUST1977,Suresh,22,M,Central,Books,Self-Help,2,2455.64,0,Debit Card,Returned,3.1,2022,8,13
7486,ORD07487,2022-03-18,CUST1254,Rohan,64,M,South,Furniture,Sofa,1,2421.2,0,Debit Card,Pending,1.2,2022,3,18
7487,ORD07488,2022-05-19,CUST0104,Dev,37,M,South,Furniture,Bed Frame,2,1363.94,5,Debit Card,Delivered,4.5,2022,5,19
7488,ORD07489,2022-08-01,CUST0197,Ritu,57,F,South,Sports,Football,1,4479.72,5,Debit Card,Cancelled,1.4,2022,8,1
7492,ORD07493,2022-09-27,CUST0864,Priya,49,F,Central,Electronics,Headphones,10,4265.3,5,Credit Card,Pending,1.9,2022,9,27
7493,ORD07494,2022-04-21,CUST2055,Arjun,42,M,Central,Books,Textbook,10,3851.29,5,Cash,Pending,4.7,2022,4,21
7498,ORD07499,2022-07-26,CUST2733,Suresh,37,M,West,Clothing,T-Shirt,10,3509.52,5,Net Banking,Delivered,3.2,2022,7,26
7501,ORD07502,2022-11-07,CUST0313,Nikhil,36,M,North,Food,Cooking Oil,3,2390.18,0,Cash,Delivered,3.1,2022,11,7
7504,ORD07505,2022-08-04,CUST0264,Vijay,44,M,North,Food,Cooking Oil,9,1327.99,15,Credit Card,Delivered,2.7,2022,8,4
7505,ORD07506,2022-12-28,CUST0365,Ritu,41,F,West,Food,Spices Pack,1,3095.99,20,Debit Card,Pending,3.5,2022,12,28
7510,ORD07511,2022-05-25,CUST1391,Arjun,51,M,Central,Clothing,Jacket,9,2186.46,10,Net Banking,Delivered,1.1,2022,5,25
7512,ORD07513,2022-08-17,CUST0911,Rahul,39,M,Central,Clothing,Saree,4,3634.26,15,Debit Card,Pending,3.5,2022,8,17
7515,ORD07516,2022-08-21,CUST1580,Pooja,63,F,Central,Toys,Board Game,4,2342.94,0,Net Banking,Cancelled,4.2,2022,8,21
7516,ORD07517,2022-05-23,CUST2611,Anita,21,F,West,Clothing,Jeans,4,2313.02,20,UPI,Delivered,1.1,2022,5,23
7520,ORD07521,2022-05-31,CUST1065,Suresh,42,M,Central,Food,Rice 5kg,4,2969.75,20,Credit Card,Cancelled,5.0,2022,5,31
7523,ORD07524,2022-02-27,CUST1767,Divya,20,F,East,Books,Textbook,2,3623.43,0,Debit Card,Delivered,3.6,2022,2,27
7526,ORD07527,2022-08-23,CUST0351,Divya,38,F,South,Sports,Cricket Bat,6,1472.47,15,Credit Card,Pending,4.8,2022,8,23
7527,ORD07528,2022-08-11,CUST0663,Dev,63,M,Central,Furniture,Table,8,2349.16,10,Credit Card,Pending,3.4,2022,8,11
7532,ORD07533,2022-01-13,CUST0760,Rohan,63,M,West,Books,Self-Help,2,3625.04,5,Net Banking,Cancelled,1.6,2022,1,13
7533,ORD07534,2022-08-08,CUST2601,Vijay,18,M,West,Furniture,Bookshelf,8,784.16,5,UPI,Cancelled,4.4,2022,8,8
7538,ORD07539,2022-12-29,CUST1943,Meera,29,F,Central,Furniture,Chair,1,4069.77,10,Debit Card,Cancelled,2.7,2022,12,29
7539,ORD07540,2022-08-18,CUST1246,Asha,65,F,North,Toys,Doll,1,4914.53,20,Net Banking,Pending,2.7,2022,8,18
7541,ORD07542,2022-04-29,CUST2339,Sneha,19,F,East,Clothing,Jacket,2,4088.21,20,Cash,Delivered,1.2,2022,4,29
7542,ORD07543,2022-04-27,CUST2312,Priya,32,F,East,Electronics,Tablet,5,1339.19,20,Credit Card,Returned,2.8,2022,4,27
7545,ORD07546,2022-09-12,CUST2401,Kavya,25,F,West,Books,Cookbook,5,817.97,5,Cash,Cancelled,2.7,2022,9,12
7547,ORD07548,2022-12-20,CUST2831,Sneha,51,F,East,Food,Spices Pack,5,755.64,10,Cash,Returned,3.3,2022,12,20
7548,ORD07549,2022-01-30,CUST1456,Divya,50,F,East,Food,Dal 2kg,6,2800.75,10,Debit Card,Returned,2.1,2022,1,30
7556,ORD07557,2022-05-15,CUST0697,Asha,37,F,Central,Electronics,Phone,2,1393.85,10,Cash,Cancelled,,2022,5,15
7557,ORD07558,2022-01-15,CUST2588,Asha,30,F,South,Food,Biscuits,5,3071.64,0,Cash,Cancelled,4.5,2022,1,15
7558,ORD07559,2022-06-09,CUST0710,Amit,58,M,East,Books,Comics,6,1934.06,15,Credit Card,Cancelled,4.3,2022,6,9
7561,ORD07562,2022-11-08,CUST1939,Amit,52,M,South,Furniture,Bookshelf,4,4955.83,0,Debit Card,Delivered,2.6,2022,11,8
7562,ORD07563,2022-08-21,CUST0394,Dev,21,M,South,Clothing,Kurta,5,3731.83,0,UPI,Delivered,3.5,2022,8,21
7563,ORD07564,2022-03-10,CUST1938,Vijay,26,M,South,Toys,RC Car,6,3014.51,15,Cash,Pending,3.2,2022,3,10
7564,ORD07565,2022-09-08,CUST0408,Rahul,42,M,West,Clothing,Jeans,7,2428.32,20,Credit Card,Returned,3.7,2022,9,8
7565,ORD07566,2022-07-07,CUST2965,Asha,30,F,South,Toys,LEGO Set,2,3153.64,20,Debit Card,Returned,3.3,2022,7,7
7568,ORD07569,2022-11-11,CUST1708,Ravi,51,M,Central,Food,Spices Pack,5,618.57,0,Credit Card,Cancelled,4.5,2022,11,11
7569,ORD07570,2022-09-18,CUST2174,Arjun,55,M,North,Toys,Puzzle,7,394.33,10,Net Banking,Pending,3.8,2022,9,18
7570,ORD07571,2022-03-03,CUST0445,Arjun,45,M,Central,Sports,Football,1,362.64,0,Debit Card,Pending,4.1,2022,3,3
7573,ORD07574,2022-08-30,CUST1437,Nisha,57,F,West,Sports,Badminton Set,3,2303.41,0,Net Banking,Delivered,,2022,8,30
7574,ORD07575,2022-10-28,CUST0807,Amit,64,M,North,Food,Spices Pack,2,4543.6,5,UPI,Delivered,1.4,2022,10,28
7576,ORD07577,2022-08-24,CUST2577,Rahul,62,M,West,Electronics,Phone,3,205.73,15,Net Banking,Delivered,,2022,8,24
7577,ORD07578,2022-05-09,CUST1562,Vijay,44,M,North,Toys,Board Game,1,1520.31,10,Net Banking,Returned,4.5,2022,5,9
7579,ORD07580,2022-07-19,CUST2083,Ravi,54,M,North,Sports,Badminton Set,4,1039.94,5,Credit Card,Delivered,4.8,2022,7,19
7582,ORD07583,2022-02-27,CUST2669,Nisha,58,F,South,Electronics,Laptop,5,4647.24,5,Credit Card,Delivered,2.9,2022,2,27
7587,ORD07588,2022-04-09,CUST0199,Karan,51,M,East,Food,Spices Pack,1,2368.49,15,Debit Card,Pending,2.0,2022,4,9
7588,ORD07589,2022-06-24,CUST2390,Rahul,57,M,North,Electronics,Headphones,7,4663.02,20,Net Banking,Returned,3.8,2022,6,24
7590,ORD07591,2022-07-12,CUST1084,Meera,57,F,Central,Furniture,Bed Frame,7,962.03,10,Debit Card,Returned,1.4,2022,7,12
7591,ORD07592,2022-06-30,CUST0640,Nisha,23,F,West,Food,Biscuits,6,4951.87,10,Net Banking,Returned,3.5,2022,6,30
7594,ORD07595,2022-09-19,CUST0822,Arjun,38,M,West,Clothing,Saree,10,3568.11,10,Debit Card,Cancelled,,2022,9,19
7595,ORD07596,2022-01-18,CUST2784,Sneha,62,F,South,Sports,Cricket Bat,3,2928.93,5,Credit Card,Delivered,1.3,2022,1,18
7596,ORD07597,2022-04-30,CUST0669,Amit,26,M,East,Toys,RC Car,6,4618.67,0,Net Banking,Cancelled,4.1,2022,4,30
7599,ORD07600,2022-06-03,CUST0283,Ritu,23,F,East,Food,Biscuits,3,3388.43,5,Net Banking,Returned,2.9,2022,6,3
7602,ORD07603,2022-05-27,CUST1742,Asha,18,F,South,Toys,Puzzle,10,805.22,0,Debit Card,Delivered,3.5,2022,5,27
7603,ORD07604,2022-10-31,CUST2373,Sneha,23,F,East,Electronics,Tablet,3,1891.36,15,Cash,Pending,1.7,2022,10,31
7605,ORD07606,2022-07-06,CUST0498,Sneha,62,F,East,Clothing,Jeans,7,603.63,0,UPI,Returned,1.1,2022,7,6
7606,ORD07607,2022-01-10,CUST0848,Anita,58,F,West,Electronics,Laptop,2,269.48,20,Credit Card,Cancelled,4.5,2022,1,10
7608,ORD07609,2022-07-29,CUST2550,Anita,49,F,North,Clothing,Jeans,1,2333.79,15,Net Banking,Pending,,2022,7,29
7610,ORD07611,2022-05-25,CUST0272,Kavya,51,F,Central,Toys,Doll,6,4823.49,15,Credit Card,Pending,2.1,2022,5,25
7613,ORD07614,2022-10-27,CUST1609,Sneha,58,F,South,Toys,Puzzle,6,3754.49,20,Cash,Pending,2.6,2022,10,27
7615,ORD07616,2022-07-23,CUST1715,Dev,44,M,East,Electronics,Laptop,10,422.03,10,Cash,Delivered,1.6,2022,7,23
7616,ORD07617,2022-03-31,CUST0602,Amit,21,M,North,Sports,Dumbbells,6,605.94,5,Credit Card,Delivered,2.6,2022,3,31
7619,ORD07620,2022-10-19,CUST1003,Meera,41,F,North,Furniture,Bed Frame,10,94.5,15,Cash,Delivered,3.8,2022,10,19
7622,ORD07623,2022-11-26,CUST0821,Asha,58,F,Central,Furniture,Bed Frame,2,3281.08,20,Net Banking,Pending,3.3,2022,11,26
7623,ORD07624,2022-04-27,CUST1350,Nikhil,62,M,Central,Electronics,Tablet,9,3170.92,20,Cash,Returned,1.2,2022,4,27
7624,ORD07625,2022-04-18,CUST1418,Amit,49,M,North,Clothing,Jacket,10,655.71,15,UPI,Pending,4.3,2022,4,18
7625,ORD07626,2022-07-18,CUST2401,Rohan,32,M,Central,Clothing,Kurta,9,1319.71,20,Cash,Returned,1.4,2022,7,18
7626,ORD07627,2022-07-04,CUST2645,Anita,59,F,West,Food,Biscuits,1,4763.07,15,Credit Card,Cancelled,2.7,2022,7,4
7629,ORD07630,2022-04-29,CUST1394,Vijay,28,M,North,Furniture,Bookshelf,10,3386.16,20,Cash,Cancelled,1.7,2022,4,29
7630,ORD07631,2022-07-29,CUST1752,Sneha,59,F,Central,Books,Comics,4,2861.88,10,UPI,Delivered,4.7,2022,7,29
7632,ORD07633,2022-02-05,CUST1595,Ravi,44,M,South,Clothing,Saree,8,1809.42,20,Cash,Cancelled,,2022,2,5
7635,ORD07636,2022-01-31,CUST0586,Dev,48,M,Central,Books,Comics,2,3244.21,10,Cash,Delivered,4.9,2022,1,31
7637,ORD07638,2022-06-18,CUST0441,Vijay,26,M,North,Toys,RC Car,1,3702.13,15,Debit Card,Cancelled,4.0,2022,6,18
7639,ORD07640,2022-04-26,CUST0115,Rohan,47,M,West,Sports,Cricket Bat,5,3825.86,5,Debit Card,Pending,3.2,2022,4,26
7641,ORD07642,2022-12-13,CUST0483,Anita,36,F,East,Clothing,Jeans,10,2296.76,10,Cash,Delivered,,2022,12,13
7643,ORD07644,2022-02-26,CUST0014,Vijay,51,M,South,Toys,Puzzle,2,1474.18,10,UPI,Pending,2.3,2022,2,26
7646,ORD07647,2022-09-27,CUST0567,Nisha,51,F,West,Furniture,Chair,9,4445.82,15,Debit Card,Returned,4.6,2022,9,27
7647,ORD07648,2022-04-03,CUST1079,Kavya,32,F,Central,Clothing,Jacket,8,4048.37,15,Cash,Returned,2.2,2022,4,3
7648,ORD07649,2022-10-30,CUST2295,Priya,60,F,West,Furniture,Bed Frame,10,2425.42,10,Credit Card,Cancelled,2.7,2022,10,30
7650,ORD07651,2022-04-28,CUST2654,Kavya,52,F,West,Clothing,T-Shirt,8,3217.44,20,UPI,Cancelled,4.1,2022,4,28
7651,ORD07652,2022-11-06,CUST1278,Divya,49,F,East,Books,Comics,9,3329.27,20,Debit Card,Pending,1.3,2022,11,6
7653,ORD07654,2022-07-05,CUST0481,Vijay,27,M,Central,Books,Comics,9,1597.96,10,UPI,Pending,5.0,2022,7,5
7655,ORD07656,2022-09-01,CUST0993,Vijay,30,M,North,Food,Rice 5kg,1,1785.86,20,Credit Card,Returned,2.7,2022,9,1
7656,ORD07657,2022-03-20,CUST1885,Meera,53,F,North,Electronics,Headphones,3,4957.88,15,Debit Card,Cancelled,4.0,2022,3,20
7657,ORD07658,2022-07-10,CUST0214,Vijay,36,M,West,Books,Novel,2,1812.99,0,Debit Card,Returned,4.2,2022,7,10
7660,ORD07661,2022-05-05,CUST0794,Kavya,53,F,North,Sports,Badminton Set,2,911.64,5,UPI,Delivered,,2022,5,5
7662,ORD07663,2022-06-24,CUST1754,Karan,44,M,East,Sports,Cricket Bat,10,3057.03,20,Net Banking,Delivered,4.0,2022,6,24
7668,ORD07669,2022-10-14,CUST2627,Sneha,23,F,Central,Food,Rice 5kg,3,3829.29,20,UPI,Returned,1.3,2022,10,14
7669,ORD07670,2022-03-31,CUST0015,Vijay,20,M,Central,Food,Cooking Oil,9,3451.5,5,UPI,Cancelled,2.1,2022,3,31
7672,ORD07673,2022-09-21,CUST0161,Amit,46,M,South,Sports,Yoga Mat,5,229.55,15,UPI,Pending,3.9,2022,9,21
7673,ORD07674,2022-10-17,CUST0793,Sneha,58,F,North,Electronics,Phone,3,2949.51,20,Debit Card,Pending,4.9,2022,10,17
7674,ORD07675,2022-09-04,CUST0352,Pooja,40,F,West,Books,Novel,8,374.15,15,Credit Card,Delivered,3.7,2022,9,4
7677,ORD07678,2022-05-09,CUST1795,Pooja,47,F,North,Toys,LEGO Set,2,3974.86,0,UPI,Cancelled,1.9,2022,5,9
7678,ORD07679,2022-04-10,CUST2939,Rohan,31,M,West,Electronics,Phone,4,3939.9,20,Cash,Delivered,3.3,2022,4,10
7679,ORD07680,2022-02-21,CUST2998,Divya,35,F,East,Clothing,Jeans,3,4529.03,0,Credit Card,Returned,4.0,2022,2,21
7680,ORD07681,2022-05-13,CUST2076,Nikhil,36,M,West,Toys,Board Game,5,2747.67,15,Cash,Pending,2.0,2022,5,13
7681,ORD07682,2022-12-26,CUST1583,Sneha,61,F,South,Furniture,Bookshelf,2,1311.11,5,Cash,Delivered,5.0,2022,12,26
7687,ORD07688,2022-02-01,CUST1359,Suresh,32,M,Central,Books,Self-Help,4,3865.67,5,Net Banking,Pending,2.4,2022,2,1
7689,ORD07690,2022-04-02,CUST2272,Suresh,39,M,East,Toys,RC Car,7,2838.54,10,Cash,Returned,4.0,2022,4,2
7690,ORD07691,2022-12-09,CUST1058,Arjun,53,M,Central,Food,Rice 5kg,1,4232.43,20,Credit Card,Delivered,1.3,2022,12,9
7695,ORD07696,2022-03-24,CUST0203,Amit,59,M,West,Books,Textbook,9,1280.8,5,Debit Card,Returned,3.8,2022,3,24
7698,ORD07699,2022-06-25,CUST1487,Suresh,33,M,North,Books,Novel,9,1820.33,5,Cash,Pending,4.6,2022,6,25
7699,ORD07700,2022-07-03,CUST1784,Nisha,20,F,East,Sports,Badminton Set,6,1843.14,0,Credit Card,Delivered,1.9,2022,7,3
7700,ORD07701,2022-02-19,CUST0505,Suresh,26,M,West,Furniture,Sofa,1,2833.15,0,Net Banking,Pending,4.4,2022,2,19
7702,ORD07703,2022-10-03,CUST2917,Nisha,65,F,South,Clothing,Kurta,8,4183.42,0,UPI,Delivered,1.3,2022,10,3
7705,ORD07706,2022-05-02,CUST1053,Kavya,31,F,North,Sports,Dumbbells,7,2934.84,15,Net Banking,Pending,3.3,2022,5,2
7709,ORD07710,2022-11-30,CUST0368,Suresh,52,M,North,Food,Rice 5kg,4,1187.1,15,Net Banking,Returned,2.6,2022,11,30
7717,ORD07718,2022-08-18,CUST0395,Kavya,28,F,West,Sports,Badminton Set,7,3186.74,5,Net Banking,Pending,4.1,2022,8,18
7718,ORD07719,2022-05-28,CUST2203,Amit,40,M,West,Furniture,Bed Frame,9,3495.83,15,Credit Card,Returned,2.8,2022,5,28
7719,ORD07720,2022-10-30,CUST1608,Divya,26,F,North,Clothing,Saree,3,2830.5,5,Debit Card,Returned,3.2,2022,10,30
7720,ORD07721,2022-12-11,CUST2869,Amit,24,M,South,Books,Textbook,2,2491.71,20,Net Banking,Delivered,1.0,2022,12,11
7721,ORD07722,2022-01-17,CUST0489,Karan,34,M,West,Clothing,Jeans,5,4905.2,10,Credit Card,Returned,4.0,2022,1,17
7722,ORD07723,2022-07-24,CUST0388,Nisha,62,F,South,Electronics,Headphones,5,3859.75,5,UPI,Cancelled,3.4,2022,7,24
7723,ORD07724,2022-10-21,CUST0374,Nikhil,63,M,West,Books,Novel,9,1011.17,20,Debit Card,Cancelled,,2022,10,21
7724,ORD07725,2022-12-23,CUST1770,Ritu,50,F,North,Sports,Dumbbells,1,2848.03,20,UPI,Delivered,3.8,2022,12,23
7727,ORD07728,2022-03-01,CUST1128,Karan,63,M,East,Sports,Badminton Set,3,1539.22,15,Credit Card,Pending,3.2,2022,3,1
7728,ORD07729,2022-12-02,CUST2965,Arjun,52,M,North,Toys,Doll,8,392.37,5,Credit Card,Delivered,4.8,2022,12,2
7729,ORD07730,2022-04-20,CUST2851,Pooja,44,F,West,Books,Comics,9,4085.08,5,Credit Card,Delivered,1.5,2022,4,20
7733,ORD07734,2022-04-13,CUST0604,Karan,46,M,West,Food,Spices Pack,9,2230.26,20,Net Banking,Returned,1.5,2022,4,13
7734,ORD07735,2022-07-12,CUST1158,Ritu,65,F,West,Electronics,Tablet,5,409.29,5,Cash,Returned,3.3,2022,7,12
7735,ORD07736,2022-12-17,CUST0899,Nikhil,22,M,East,Books,Textbook,7,2910.6,0,UPI,Delivered,,2022,12,17
7736,ORD07737,2022-12-04,CUST1653,Rahul,58,M,West,Food,Dal 2kg,5,2046.42,20,Cash,Returned,2.0,2022,12,4
7738,ORD07739,2022-02-10,CUST2146,Vijay,29,M,North,Furniture,Sofa,5,3046.69,10,Debit Card,Delivered,2.2,2022,2,10
7739,ORD07740,2022-09-12,CUST1852,Ritu,35,F,North,Electronics,Laptop,5,4243.52,15,Credit Card,Delivered,4.1,2022,9,12
7740,ORD07741,2022-01-27,CUST2969,Vijay,28,M,Central,Furniture,Table,4,3978.01,0,Debit Card,Delivered,3.4,2022,1,27
7741,ORD07742,2022-12-03,CUST1446,Dev,43,M,Central,Sports,Football,1,244.63,10,Credit Card,Cancelled,,2022,12,3
7742,ORD07743,2022-08-09,CUST2161,Ritu,29,F,Central,Books,Comics,7,971.72,0,Credit Card,Delivered,1.4,2022,8,9
7743,ORD07744,2022-06-13,CUST1175,Sneha,45,F,South,Electronics,Headphones,4,3613.9,0,UPI,Returned,4.3,2022,6,13
7744,ORD07745,2022-02-28,CUST0724,Meera,43,F,Central,Clothing,Saree,7,1690.1,5,Credit Card,Returned,1.0,2022,2,28
7745,ORD07746,2022-02-15,CUST2296,Rahul,47,M,South,Books,Self-Help,7,3611.92,10,Cash,Returned,,2022,2,15
7746,ORD07747,2022-09-25,CUST0716,Anita,62,F,South,Furniture,Bed Frame,9,142.84,0,Cash,Delivered,1.8,2022,9,25
7747,ORD07748,2022-06-03,CUST2155,Nikhil,43,M,South,Food,Cooking Oil,6,2641.43,15,Debit Card,Cancelled,3.6,2022,6,3
7748,ORD07749,2022-05-02,CUST0952,Anita,38,F,West,Food,Dal 2kg,6,661.22,0,Net Banking,Returned,4.1,2022,5,2
7755,ORD07756,2022-10-22,CUST1847,Vijay,55,M,South,Food,Spices Pack,8,1063.75,5,Net Banking,Pending,,2022,10,22
7757,ORD07758,2022-01-30,CUST1336,Arjun,38,M,West,Electronics,Headphones,8,3105.55,0,Debit Card,Cancelled,3.2,2022,1,30
7758,ORD07759,2022-07-02,CUST2184,Vijay,60,M,North,Toys,LEGO Set,7,785.38,20,Cash,Pending,4.1,2022,7,2
7759,ORD07760,2022-05-07,CUST1746,Ritu,34,F,West,Sports,Dumbbells,8,481.64,5,Net Banking,Cancelled,1.9,2022,5,7
7760,ORD07761,2022-09-11,CUST2958,Ravi,64,M,South,Books,Comics,9,3000.56,10,UPI,Cancelled,3.2,2022,9,11
7761,ORD07762,2022-04-25,CUST2660,Pooja,40,F,East,Toys,LEGO Set,6,3473.48,10,Credit Card,Returned,3.0,2022,4,25
7762,ORD07763,2022-09-02,CUST1289,Nisha,45,F,West,Clothing,T-Shirt,5,3611.45,5,UPI,Cancelled,3.8,2022,9,2
7767,ORD07768,2022-03-11,CUST1093,Asha,61,F,Central,Food,Rice 5kg,7,4837.32,20,UPI,Pending,4.9,2022,3,11
7768,ORD07769,2022-02-13,CUST2713,Ravi,32,M,East,Sports,Badminton Set,10,3763.47,0,Cash,Returned,4.8,2022,2,13
7769,ORD07770,2022-03-22,CUST1799,Divya,54,F,North,Furniture,Chair,3,2777.69,20,Credit Card,Pending,1.2,2022,3,22
7770,ORD07771,2022-07-09,CUST1440,Ravi,42,M,West,Electronics,Headphones,10,1446.17,10,Cash,Pending,4.7,2022,7,9
7771,ORD07772,2022-12-20,CUST0960,Suresh,29,M,West,Toys,LEGO Set,6,4523.2,0,Credit Card,Cancelled,,2022,12,20
7772,ORD07773,2022-08-27,CUST2107,Karan,42,M,North,Books,Comics,7,2015.04,5,UPI,Returned,,2022,8,27
7773,ORD07774,2022-12-14,CUST0525,Priya,31,F,East,Furniture,Chair,4,980.84,20,Net Banking,Cancelled,2.8,2022,12,14
7774,ORD07775,2022-02-24,CUST1917,Ritu,64,F,East,Clothing,T-Shirt,5,3031.66,15,Credit Card,Returned,2.4,2022,2,24
7780,ORD07781,2022-08-16,CUST0097,Kavya,58,F,West,Toys,LEGO Set,7,2236.58,15,Cash,Pending,1.3,2022,8,16
7783,ORD07784,2022-07-30,CUST2692,Anita,25,F,Central,Books,Cookbook,3,4548.15,5,UPI,Cancelled,3.3,2022,7,30
7786,ORD07787,2022-09-11,CUST1967,Divya,50,F,West,Sports,Yoga Mat,3,2929.47,15,Debit Card,Delivered,3.9,2022,9,11
7787,ORD07788,2022-05-30,CUST0653,Suresh,36,M,North,Toys,Board Game,1,3638.48,10,Cash,Pending,3.0,2022,5,30
7789,ORD07790,2022-05-02,CUST0635,Arjun,46,M,North,Electronics,Laptop,7,411.59,10,Credit Card,Cancelled,3.8,2022,5,2
7792,ORD07793,2022-07-04,CUST2441,Priya,46,F,North,Electronics,Headphones,1,2420.74,5,Debit Card,Pending,4.1,2022,7,4
7797,ORD07798,2022-08-13,CUST0097,Sneha,58,F,Central,Sports,Cricket Bat,4,4880.45,0,Debit Card,Pending,2.5,2022,8,13
7800,ORD07801,2022-05-16,CUST0774,Rohan,39,M,Central,Clothing,Kurta,4,438.39,20,Debit Card,Pending,1.8,2022,5,16
7803,ORD07804,2022-04-25,CUST2631,Anita,62,F,East,Food,Dal 2kg,8,4953.43,0,Credit Card,Cancelled,4.4,2022,4,25
7804,ORD07805,2022-07-23,CUST1479,Rahul,58,M,North,Toys,Puzzle,8,3505.73,5,Debit Card,Returned,1.7,2022,7,23
7805,ORD07806,2022-07-09,CUST2640,Meera,20,F,North,Sports,Yoga Mat,4,4748.25,15,UPI,Pending,2.8,2022,7,9
7808,ORD07809,2022-02-19,CUST2508,Rohan,31,M,East,Furniture,Bed Frame,2,1155.7,15,Debit Card,Returned,3.5,2022,2,19
7809,ORD07810,2022-08-07,CUST0308,Rahul,58,M,Central,Furniture,Bookshelf,10,1484.11,15,Debit Card,Pending,2.6,2022,8,7
7812,ORD07813,2022-08-29,CUST1982,Anita,62,F,East,Furniture,Bookshelf,4,2535.39,5,UPI,Delivered,4.2,2022,8,29
7815,ORD07816,2022-04-25,CUST0864,Rahul,46,M,South,Books,Textbook,2,1157.46,5,Cash,Cancelled,,2022,4,25
7818,ORD07819,2022-01-01,CUST0689,Kavya,44,F,Central,Toys,LEGO Set,8,3881.42,15,UPI,Returned,,2022,1,1
7821,ORD07822,2022-12-27,CUST1584,Ritu,58,F,Central,Electronics,Headphones,3,2674.3,5,Credit Card,Cancelled,1.3,2022,12,27
7823,ORD07824,2022-06-04,CUST0569,Rohan,59,M,South,Furniture,Chair,10,4620.1,0,Cash,Returned,3.8,2022,6,4
7824,ORD07825,2022-02-10,CUST0040,Asha,52,F,West,Food,Dal 2kg,1,355.62,15,Cash,Cancelled,1.0,2022,2,10
7827,ORD07828,2022-01-01,CUST2802,Divya,39,F,North,Food,Cooking Oil,10,564.31,5,UPI,Cancelled,2.5,2022,1,1
7828,ORD07829,2022-10-12,CUST0064,Nikhil,57,M,West,Books,Self-Help,9,3589.05,0,Net Banking,Pending,1.6,2022,10,12
7830,ORD07831,2022-08-13,CUST2685,Meera,55,F,North,Toys,RC Car,5,2003.35,10,Net Banking,Delivered,3.7,2022,8,13
7834,ORD07835,2022-01-20,CUST0927,Asha,46,F,South,Clothing,Jeans,2,2904.4,20,Debit Card,Delivered,,2022,1,20
7835,ORD07836,2022-07-07,CUST0853,Suresh,62,M,South,Toys,Board Game,4,2403.94,5,Cash,Returned,1.2,2022,7,7
7836,ORD07837,2022-02-05,CUST2465,Kavya,25,F,East,Books,Novel,5,3051.87,0,UPI,Returned,,2022,2,5
7838,ORD07839,2022-07-04,CUST0687,Ritu,58,F,South,Food,Dal 2kg,3,425.43,0,Debit Card,Pending,1.1,2022,7,4
7839,ORD07840,2022-06-24,CUST1627,Sneha,46,F,North,Sports,Yoga Mat,6,1707.59,0,Net Banking,Pending,3.8,2022,6,24
7841,ORD07842,2022-06-09,CUST2565,Kavya,22,F,West,Books,Novel,4,1234.46,20,Credit Card,Delivered,3.8,2022,6,9
7842,ORD07843,2022-04-21,CUST1008,Kavya,55,F,Central,Electronics,Tablet,6,3313.76,10,Credit Card,Cancelled,4.5,2022,4,21
7844,ORD07845,2022-08-20,CUST0639,Arjun,26,M,South,Books,Novel,8,1136.92,5,Credit Card,Returned,3.7,2022,8,20
7845,ORD07846,2022-06-15,CUST2766,Dev,65,M,East,Toys,Puzzle,7,3298.99,15,Debit Card,Delivered,2.1,2022,6,15
7846,ORD07847,2022-04-20,CUST2252,Ritu,43,F,South,Clothing,Jeans,9,347.97,10,UPI,Cancelled,2.4,2022,4,20
7848,ORD07849,2022-06-11,CUST0866,Kavya,34,F,West,Food,Dal 2kg,9,682.77,15,Debit Card,Pending,1.0,2022,6,11
7849,ORD07850,2022-11-02,CUST2311,Divya,53,F,West,Toys,Board Game,7,152.12,0,Credit Card,Returned,2.0,2022,11,2
7850,ORD07851,2022-09-24,CUST1117,Arjun,41,M,North,Electronics,Smartwatch,9,3463.17,0,Net Banking,Cancelled,4.4,2022,9,24
7851,ORD07852,2022-01-15,CUST0461,Nikhil,34,M,Central,Clothing,Jeans,5,3574.06,5,Cash,Delivered,2.5,2022,1,15
7855,ORD07856,2022-05-04,CUST1211,Asha,57,F,Central,Clothing,Saree,7,3469.73,20,Cash,Delivered,1.2,2022,5,4
7856,ORD07857,2022-12-03,CUST2177,Vijay,41,M,North,Food,Rice 5kg,8,2664.71,20,Net Banking,Cancelled,1.4,2022,12,3
7858,ORD07859,2022-05-27,CUST0843,Rahul,60,M,South,Electronics,Tablet,7,2784.26,0,Credit Card,Returned,3.6,2022,5,27
7859,ORD07860,2022-05-26,CUST2315,Arjun,26,M,South,Clothing,Kurta,9,168.27,5,Debit Card,Returned,3.0,2022,5,26
7860,ORD07861,2022-06-11,CUST1494,Rahul,36,M,South,Electronics,Phone,2,3063.8,0,Credit Card,Pending,3.6,2022,6,11
7865,ORD07866,2022-06-10,CUST1952,Amit,44,M,East,Books,Textbook,7,1208.19,10,Cash,Cancelled,4.5,2022,6,10
7866,ORD07867,2022-08-19,CUST2768,Ritu,48,F,East,Clothing,Kurta,1,3233.6,0,Cash,Returned,3.9,2022,8,19
7868,ORD07869,2022-09-07,CUST2252,Kavya,41,F,North,Food,Rice 5kg,1,2806.2,20,Cash,Delivered,4.8,2022,9,7
7869,ORD07870,2022-12-08,CUST2263,Nisha,51,F,West,Electronics,Laptop,2,1705.78,20,Net Banking,Delivered,1.7,2022,12,8
7871,ORD07872,2022-02-18,CUST2727,Kavya,50,F,North,Furniture,Table,5,1196.27,20,Cash,Cancelled,3.6,2022,2,18
7872,ORD07873,2022-09-07,CUST0860,Divya,35,F,Central,Food,Rice 5kg,8,2581.86,10,Cash,Delivered,1.8,2022,9,7
7873,ORD07874,2022-10-21,CUST1205,Arjun,64,M,South,Electronics,Phone,6,3950.83,20,Credit Card,Returned,4.4,2022,10,21
7874,ORD07875,2022-05-16,CUST2964,Meera,20,F,Central,Clothing,T-Shirt,3,3350.51,20,Debit Card,Pending,4.5,2022,5,16
7875,ORD07876,2022-05-25,CUST1003,Dev,59,M,North,Clothing,Jeans,2,3860.59,5,Debit Card,Delivered,,2022,5,25
7876,ORD07877,2022-06-01,CUST1964,Arjun,50,M,North,Food,Cooking Oil,8,2820.21,15,UPI,Cancelled,2.1,2022,6,1
7879,ORD07880,2022-06-22,CUST0533,Arjun,59,M,West,Books,Novel,9,4998.4,5,Debit Card,Cancelled,3.2,2022,6,22
7881,ORD07882,2022-11-18,CUST0548,Anita,25,F,North,Food,Biscuits,1,1455.51,20,Cash,Pending,2.5,2022,11,18
7883,ORD07884,2022-10-24,CUST1460,Rohan,21,M,North,Furniture,Chair,8,4459.4,0,Net Banking,Returned,2.4,2022,10,24
7884,ORD07885,2022-10-31,CUST0422,Pooja,35,F,East,Clothing,T-Shirt,10,3159.1,20,Credit Card,Returned,1.1,2022,10,31
7887,ORD07888,2022-02-22,CUST0376,Ravi,41,M,East,Toys,Puzzle,9,3404.46,0,UPI,Returned,2.7,2022,2,22
7888,ORD07889,2022-12-13,CUST2708,Priya,22,F,Central,Clothing,Saree,8,2008.51,0,Cash,Returned,,2022,12,13
7889,ORD07890,2022-12-02,CUST0880,Rahul,23,M,West,Food,Cooking Oil,5,2320.38,15,Cash,Delivered,4.9,2022,12,2
7891,ORD07892,2022-10-01,CUST2249,Nisha,50,F,North,Furniture,Sofa,10,2969.76,20,Cash,Pending,4.0,2022,10,1
7892,ORD07893,2022-04-03,CUST1798,Meera,63,F,East,Food,Rice 5kg,9,2115.59,20,UPI,Pending,2.9,2022,4,3
7893,ORD07894,2022-10-02,CUST0041,Pooja,57,F,East,Toys,Puzzle,10,1302.47,0,Debit Card,Pending,1.1,2022,10,2
7898,ORD07899,2022-11-17,CUST1287,Kavya,35,F,Central,Sports,Yoga Mat,4,4309.89,10,Net Banking,Cancelled,4.2,2022,11,17
7900,ORD07901,2022-02-18,CUST0002,Amit,46,M,East,Books,Comics,6,189.89,20,Credit Card,Pending,4.0,2022,2,18
7901,ORD07902,2022-01-01,CUST2519,Nikhil,58,M,West,Sports,Badminton Set,3,2174.7,10,UPI,Returned,3.5,2022,1,1
7902,ORD07903,2022-11-08,CUST1222,Nikhil,54,M,North,Food,Biscuits,9,4539.21,15,Credit Card,Cancelled,1.7,2022,11,8
7903,ORD07904,2022-03-03,CUST2401,Nikhil,26,M,Central,Clothing,Jacket,5,2351.35,10,Cash,Returned,2.6,2022,3,3
7906,ORD07907,2022-02-16,CUST2126,Rahul,44,M,South,Electronics,Phone,9,3694.3,5,Cash,Delivered,2.5,2022,2,16
7911,ORD07912,2022-04-16,CUST1187,Nikhil,30,M,South,Toys,RC Car,3,4459.44,20,Debit Card,Cancelled,3.8,2022,4,16
7917,ORD07918,2022-12-30,CUST0200,Pooja,45,F,Central,Food,Biscuits,5,2144.31,20,Debit Card,Pending,1.8,2022,12,30
7919,ORD07920,2022-09-13,CUST0129,Nisha,64,F,North,Food,Rice 5kg,9,595.47,10,Net Banking,Cancelled,1.5,2022,9,13
7920,ORD07921,2022-03-16,CUST1783,Karan,38,M,North,Electronics,Headphones,4,3186.13,5,UPI,Cancelled,4.2,2022,3,16
7925,ORD07926,2022-05-09,CUST1568,Meera,29,F,South,Clothing,Jeans,9,3666.8,20,Credit Card,Returned,2.3,2022,5,9
7926,ORD07927,2022-03-26,CUST0092,Rahul,44,M,Central,Electronics,Tablet,1,3197.4,10,UPI,Returned,1.4,2022,3,26
7927,ORD07928,2022-09-29,CUST2994,Ravi,58,M,South,Sports,Badminton Set,2,4128.35,20,Cash,Cancelled,4.2,2022,9,29
7928,ORD07929,2022-06-22,CUST1357,Ritu,59,F,Central,Books,Novel,10,4151.02,15,Cash,Returned,2.0,2022,6,22
7932,ORD07933,2022-01-12,CUST0106,Vijay,51,M,Central,Electronics,Smartwatch,2,1163.54,0,Credit Card,Returned,3.4,2022,1,12
7935,ORD07936,2022-08-30,CUST0160,Suresh,63,M,South,Clothing,Jacket,4,1956.1,10,Cash,Returned,2.7,2022,8,30
7937,ORD07938,2022-01-01,CUST1915,Anita,64,F,West,Clothing,Kurta,5,3900.12,0,UPI,Cancelled,4.8,2022,1,1
7939,ORD07940,2022-07-13,CUST0707,Kavya,37,F,West,Clothing,Saree,8,980.16,5,Cash,Cancelled,1.5,2022,7,13
7940,ORD07941,2022-04-11,CUST1881,Dev,19,M,West,Electronics,Laptop,1,330.54,15,Debit Card,Pending,3.4,2022,4,11
7945,ORD07946,2022-09-15,CUST0607,Amit,46,M,West,Clothing,Saree,3,2981.16,20,Credit Card,Returned,2.2,2022,9,15
7948,ORD07949,2022-05-30,CUST0548,Vijay,33,M,West,Toys,RC Car,7,874.83,20,Credit Card,Delivered,3.3,2022,5,30
7951,ORD07952,2022-12-11,CUST0107,Priya,57,F,East,Furniture,Chair,3,1393.46,0,Net Banking,Pending,2.9,2022,12,11
7953,ORD07954,2022-06-18,CUST1502,Sneha,25,F,South,Toys,RC Car,6,952.15,10,UPI,Delivered,2.8,2022,6,18
7955,ORD07956,2022-02-22,CUST1957,Kavya,40,F,West,Books,Textbook,5,1002.74,0,Credit Card,Cancelled,3.5,2022,2,22
7958,ORD07959,2022-05-22,CUST2287,Karan,46,M,East,Clothing,T-Shirt,5,425.11,0,Debit Card,Pending,2.8,2022,5,22
7959,ORD07960,2022-10-21,CUST0414,Pooja,23,F,East,Clothing,Jeans,8,2662.77,0,Credit Card,Pending,,2022,10,21
7963,ORD07964,2022-08-20,CUST2799,Ravi,23,M,South,Furniture,Bed Frame,2,2070.73,15,Credit Card,Cancelled,3.2,2022,8,20
7964,ORD07965,2022-05-14,CUST0430,Anita,57,F,East,Food,Spices Pack,3,2246.4,5,Credit Card,Delivered,4.4,2022,5,14
7965,ORD07966,2022-10-21,CUST0212,Suresh,65,M,West,Furniture,Table,5,2600.5,5,Cash,Pending,1.6,2022,10,21
7967,ORD07968,2022-06-14,CUST2325,Divya,40,F,Central,Clothing,T-Shirt,4,3023.35,15,UPI,Pending,2.7,2022,6,14
7971,ORD07972,2022-04-25,CUST2745,Pooja,49,F,Central,Furniture,Sofa,8,2058.45,0,Cash,Cancelled,4.9,2022,4,25
7972,ORD07973,2022-09-11,CUST2598,Anita,32,F,Central,Food,Rice 5kg,6,4631.03,20,Net Banking,Delivered,3.3,2022,9,11
7973,ORD07974,2022-10-26,CUST2745,Ravi,58,M,South,Furniture,Bookshelf,7,3215.47,20,Net Banking,Cancelled,2.0,2022,10,26
7975,ORD07976,2022-08-01,CUST2432,Meera,52,F,North,Furniture,Chair,3,2925.59,20,UPI,Pending,3.5,2022,8,1
7976,ORD07977,2022-01-05,CUST1724,Rohan,51,M,East,Clothing,Jacket,8,552.08,15,Credit Card,Pending,1.5,2022,1,5
7978,ORD07979,2022-05-15,CUST1749,Rahul,45,M,East,Electronics,Headphones,8,878.29,5,UPI,Cancelled,,2022,5,15
7979,ORD07980,2022-03-28,CUST1448,Meera,57,F,West,Books,Self-Help,6,4600.83,20,Net Banking,Pending,4.1,2022,3,28
7980,ORD07981,2022-11-02,CUST2850,Arjun,61,M,East,Electronics,Tablet,7,893.43,10,Debit Card,Returned,2.8,2022,11,2
7984,ORD07985,2022-11-23,CUST1052,Asha,36,F,South,Toys,LEGO Set,5,2500.47,10,Net Banking,Pending,2.0,2022,11,23
7985,ORD07986,2022-04-25,CUST1937,Suresh,25,M,West,Electronics,Laptop,2,3965.12,0,Cash,Delivered,,2022,4,25
7995,ORD07996,2022-12-13,CUST1437,Nikhil,22,M,West,Clothing,Saree,7,4090.28,0,Credit Card,Delivered,2.2,2022,12,13
7998,ORD07999,2022-07-25,CUST1565,Rohan,22,M,Central,Electronics,Smartwatch,1,3833.33,10,Net Banking,Cancelled,1.2,2022,7,25
8001,ORD08002,2022-05-05,CUST2104,Dev,32,M,West,Furniture,Chair,9,3960.39,0,UPI,Cancelled,4.4,2022,5,5
8002,ORD08003,2022-02-18,CUST2453,Meera,33,F,East,Food,Biscuits,7,471.26,20,Net Banking,Cancelled,3.0,2022,2,18
8003,ORD08004,2022-12-26,CUST1571,Asha,32,F,West,Books,Cookbook,6,618.58,20,Cash,Delivered,,2022,12,26
8004,ORD08005,2022-04-10,CUST1290,Arjun,39,M,East,Sports,Yoga Mat,10,1053.87,0,Net Banking,Returned,4.1,2022,4,10
8007,ORD08008,2022-01-01,CUST2721,Rohan,33,M,Central,Electronics,Headphones,3,4292.7,15,Debit Card,Pending,1.1,2022,1,1
8010,ORD08011,2022-04-24,CUST2296,Divya,39,F,Central,Furniture,Bookshelf,5,2876.74,10,Debit Card,Returned,4.0,2022,4,24
8011,ORD08012,2022-08-13,CUST2201,Kavya,53,F,West,Clothing,Jeans,8,2254.97,20,Cash,Delivered,3.8,2022,8,13
8012,ORD08013,2022-01-10,CUST0736,Divya,40,F,West,Electronics,Laptop,1,1975.83,10,Cash,Cancelled,3.8,2022,1,10
8016,ORD08017,2022-12-15,CUST0457,Meera,40,F,Central,Toys,Puzzle,3,939.91,0,Debit Card,Delivered,4.4,2022,12,15
8021,ORD08022,2022-12-23,CUST0465,Sneha,52,F,Central,Sports,Badminton Set,1,3097.13,15,Credit Card,Returned,2.5,2022,12,23
8023,ORD08024,2022-12-03,CUST1865,Asha,18,F,Central,Clothing,T-Shirt,4,780.39,10,Credit Card,Pending,,2022,12,3
8027,ORD08028,2022-06-12,CUST1843,Divya,58,F,Central,Furniture,Bed Frame,5,939.81,15,Debit Card,Returned,,2022,6,12
8028,ORD08029,2022-03-22,CUST0910,Priya,58,F,West,Furniture,Sofa,4,880.5,20,Cash,Pending,4.4,2022,3,22
8029,ORD08030,2022-10-17,CUST1715,Amit,41,M,South,Books,Textbook,4,4272.2,15,Credit Card,Pending,2.3,2022,10,17
8032,ORD08033,2022-03-29,CUST0143,Vijay,23,M,East,Food,Spices Pack,3,279.99,5,Net Banking,Delivered,3.0,2022,3,29
8033,ORD08034,2022-10-09,CUST0821,Meera,26,F,Central,Books,Novel,4,440.55,20,Cash,Delivered,4.8,2022,10,9
8034,ORD08035,2022-10-17,CUST1034,Sneha,60,F,South,Furniture,Bookshelf,9,442.27,20,UPI,Delivered,3.2,2022,10,17
8036,ORD08037,2022-03-25,CUST1210,Nisha,41,F,East,Food,Spices Pack,5,477.15,20,Cash,Returned,2.4,2022,3,25
8038,ORD08039,2022-10-12,CUST1623,Rahul,38,M,West,Toys,LEGO Set,8,2372.04,0,Debit Card,Returned,1.6,2022,10,12
8044,ORD08045,2022-10-17,CUST0086,Rohan,24,M,West,Books,Novel,5,746.0,0,UPI,Returned,4.8,2022,10,17
8045,ORD08046,2022-05-24,CUST2758,Nikhil,51,M,North,Electronics,Phone,9,4925.06,5,Net Banking,Returned,2.1,2022,5,24
8046,ORD08047,2022-11-11,CUST2752,Ravi,30,M,East,Toys,Puzzle,4,4766.98,15,Net Banking,Cancelled,1.8,2022,11,11
8050,ORD08051,2022-03-18,CUST0240,Vijay,23,M,Central,Clothing,Kurta,7,2053.83,10,Cash,Delivered,2.6,2022,3,18
8051,ORD08052,2022-05-10,CUST0033,Kavya,26,F,South,Furniture,Chair,4,294.25,20,Net Banking,Delivered,,2022,5,10
8052,ORD08053,2022-01-14,CUST0028,Arjun,30,M,South,Toys,Puzzle,6,4130.91,20,Credit Card,Delivered,4.5,2022,1,14
8053,ORD08054,2022-09-28,CUST2804,Sneha,55,F,South,Electronics,Tablet,10,4792.41,15,Cash,Pending,1.1,2022,9,28
8054,ORD08055,2022-09-19,CUST0454,Kavya,34,F,North,Clothing,Kurta,3,940.2,15,Debit Card,Returned,3.6,2022,9,19
8057,ORD08058,2022-10-25,CUST2441,Suresh,65,M,East,Toys,LEGO Set,9,1278.91,0,Net Banking,Returned,3.4,2022,10,25
8058,ORD08059,2022-11-29,CUST1513,Asha,40,F,Central,Sports,Badminton Set,5,3837.64,10,Debit Card,Delivered,3.5,2022,11,29
8061,ORD08062,2022-06-27,CUST0531,Meera,40,F,Central,Books,Novel,8,1588.29,10,Credit Card,Returned,2.4,2022,6,27
8063,ORD08064,2022-03-08,CUST0486,Vijay,56,M,Central,Toys,Puzzle,3,1160.63,15,Debit Card,Returned,3.9,2022,3,8
8064,ORD08065,2022-08-01,CUST2397,Ritu,41,F,West,Food,Biscuits,5,4960.34,15,Credit Card,Pending,2.7,2022,8,1
8066,ORD08067,2022-04-27,CUST0767,Asha,35,F,West,Clothing,Saree,8,4879.13,20,Credit Card,Cancelled,,2022,4,27
8069,ORD08070,2022-03-23,CUST1289,Anita,29,F,Central,Books,Cookbook,8,853.42,15,Credit Card,Cancelled,4.2,2022,3,23
8070,ORD08071,2022-01-09,CUST1803,Ritu,56,F,West,Toys,LEGO Set,8,1342.83,15,Credit Card,Returned,1.7,2022,1,9
8071,ORD08072,2022-04-05,CUST2745,Sneha,42,F,North,Clothing,T-Shirt,4,3577.5,5,UPI,Delivered,,2022,4,5
8073,ORD08074,2022-04-09,CUST2537,Priya,46,F,Central,Electronics,Laptop,7,1517.12,20,Cash,Returned,3.5,2022,4,9
8075,ORD08076,2022-06-15,CUST1853,Suresh,62,M,East,Sports,Dumbbells,8,2248.95,0,UPI,Delivered,1.1,2022,6,15
8076,ORD08077,2022-04-09,CUST0700,Kavya,44,F,South,Electronics,Phone,3,1670.88,10,Credit Card,Cancelled,3.3,2022,4,9
8077,ORD08078,2022-05-04,CUST1214,Arjun,55,M,West,Clothing,T-Shirt,7,4303.72,10,Cash,Cancelled,3.5,2022,5,4
8079,ORD08080,2022-10-21,CUST2038,Amit,62,M,East,Books,Cookbook,8,4181.24,0,Credit Card,Returned,3.8,2022,10,21
8080,ORD08081,2022-12-26,CUST2704,Pooja,37,F,Central,Furniture,Table,4,3742.86,15,Cash,Returned,4.8,2022,12,26
8083,ORD08084,2022-01-16,CUST2341,Ritu,64,F,North,Food,Rice 5kg,10,578.89,0,Credit Card,Delivered,4.5,2022,1,16
8087,ORD08088,2022-08-08,CUST1185,Rohan,61,M,North,Toys,Puzzle,9,2236.88,5,Debit Card,Returned,3.3,2022,8,8
8088,ORD08089,2022-11-14,CUST1405,Nisha,63,F,West,Electronics,Laptop,10,731.77,0,Credit Card,Returned,4.7,2022,11,14
8089,ORD08090,2022-12-11,CUST1953,Rohan,53,M,Central,Books,Novel,1,1377.6,10,Net Banking,Pending,4.1,2022,12,11
8090,ORD08091,2022-09-08,CUST2906,Divya,29,F,West,Food,Rice 5kg,4,4674.96,0,Net Banking,Cancelled,4.9,2022,9,8
8091,ORD08092,2022-09-08,CUST1704,Rohan,53,M,Central,Furniture,Sofa,10,2934.25,10,UPI,Cancelled,3.6,2022,9,8
8093,ORD08094,2022-10-12,CUST1661,Rahul,63,M,Central,Books,Textbook,2,69.28,0,Net Banking,Pending,5.0,2022,10,12
8094,ORD08095,2022-01-08,CUST1058,Meera,24,F,West,Books,Cookbook,3,788.29,0,Debit Card,Cancelled,3.2,2022,1,8
8096,ORD08097,2022-08-20,CUST1669,Dev,47,M,Central,Sports,Football,5,3347.74,15,Debit Card,Pending,2.4,2022,8,20
8098,ORD08099,2022-07-10,CUST1933,Amit,39,M,East,Electronics,Smartwatch,4,950.11,5,Credit Card,Returned,1.3,2022,7,10
8103,ORD08104,2022-04-23,CUST1647,Suresh,45,M,Central,Toys,Doll,2,2806.76,20,Credit Card,Cancelled,1.5,2022,4,23
8104,ORD08105,2022-06-04,CUST1852,Asha,63,F,South,Furniture,Chair,4,3765.03,5,Net Banking,Delivered,2.2,2022,6,4
8105,ORD08106,2022-10-16,CUST1567,Ravi,20,M,South,Books,Self-Help,1,4763.15,0,Credit Card,Returned,3.4,2022,10,16
8106,ORD08107,2022-02-14,CUST2993,Ritu,27,F,North,Clothing,Jacket,3,1269.2,5,Credit Card,Delivered,2.5,2022,2,14
8107,ORD08108,2022-01-08,CUST1587,Suresh,56,M,North,Electronics,Laptop,4,3421.61,20,Debit Card,Returned,3.6,2022,1,8
8110,ORD08111,2022-10-01,CUST0652,Nikhil,53,M,West,Clothing,Jacket,9,3438.56,20,UPI,Delivered,2.6,2022,10,1
8111,ORD08112,2022-09-22,CUST0465,Divya,48,F,South,Electronics,Headphones,7,991.64,10,Debit Card,Returned,4.1,2022,9,22
8116,ORD08117,2022-04-15,CUST2206,Divya,60,F,West,Clothing,T-Shirt,2,1454.73,10,Net Banking,Cancelled,4.9,2022,4,15
8120,ORD08121,2022-10-24,CUST2193,Ritu,23,F,Central,Toys,RC Car,1,3989.98,5,Net Banking,Pending,2.2,2022,10,24
8121,ORD08122,2022-09-26,CUST0606,Anita,47,F,West,Books,Self-Help,3,1902.08,0,UPI,Delivered,,2022,9,26
8125,ORD08126,2022-12-16,CUST0772,Anita,43,F,North,Books,Novel,7,2276.04,20,Net Banking,Pending,2.7,2022,12,16
8126,ORD08127,2022-07-31,CUST1898,Sneha,34,F,East,Clothing,T-Shirt,8,3222.42,20,UPI,Returned,5.0,2022,7,31
8127,ORD08128,2022-11-20,CUST1132,Rohan,43,M,West,Sports,Yoga Mat,3,1147.03,15,Debit Card,Cancelled,2.8,2022,11,20
8128,ORD08129,2022-05-30,CUST0073,Suresh,26,M,North,Food,Rice 5kg,9,3174.46,5,Credit Card,Returned,1.1,2022,5,30
8129,ORD08130,2022-08-29,CUST2280,Priya,41,F,North,Electronics,Tablet,8,2560.88,20,Cash,Cancelled,3.7,2022,8,29
8130,ORD08131,2022-03-01,CUST1589,Priya,63,F,East,Sports,Badminton Set,1,2729.0,5,Debit Card,Delivered,4.0,2022,3,1
8135,ORD08136,2022-06-09,CUST0792,Pooja,22,F,North,Food,Biscuits,4,3577.32,20,Credit Card,Returned,3.3,2022,6,9
8136,ORD08137,2022-12-25,CUST2903,Ravi,59,M,Central,Clothing,Jacket,5,962.89,20,UPI,Cancelled,1.6,2022,12,25
8137,ORD08138,2022-04-24,CUST1710,Divya,56,F,North,Sports,Football,4,3934.93,15,Cash,Pending,1.4,2022,4,24
8138,ORD08139,2022-10-29,CUST0299,Nikhil,21,M,Central,Furniture,Sofa,10,2723.86,20,UPI,Pending,1.1,2022,10,29
8140,ORD08141,2022-07-08,CUST2376,Anita,57,F,North,Toys,Puzzle,3,4226.04,15,Credit Card,Cancelled,3.0,2022,7,8
8141,ORD08142,2022-04-05,CUST0099,Anita,60,F,East,Sports,Dumbbells,9,1214.3,0,Cash,Returned,2.1,2022,4,5
8143,ORD08144,2022-02-04,CUST0717,Dev,37,M,Central,Electronics,Headphones,4,4041.28,15,Cash,Returned,1.1,2022,2,4
8145,ORD08146,2022-05-13,CUST0178,Suresh,62,M,West,Clothing,T-Shirt,6,1651.11,5,Credit Card,Cancelled,3.4,2022,5,13
8146,ORD08147,2022-08-02,CUST2428,Ravi,19,M,Central,Toys,RC Car,9,3863.75,5,UPI,Delivered,1.2,2022,8,2
8148,ORD08149,2022-01-09,CUST2499,Suresh,40,M,Central,Furniture,Table,2,3260.43,10,UPI,Cancelled,1.6,2022,1,9
8149,ORD08150,2022-08-13,CUST1370,Nikhil,39,M,South,Toys,RC Car,2,2935.2,5,Credit Card,Pending,4.8,2022,8,13
8150,ORD08151,2022-07-12,CUST2746,Priya,48,F,North,Toys,Doll,8,4912.14,0,Debit Card,Pending,3.4,2022,7,12
8151,ORD08152,2022-08-09,CUST2220,Anita,50,F,South,Clothing,Jacket,2,1148.32,15,Debit Card,Returned,4.1,2022,8,9
8152,ORD08153,2022-03-09,CUST1548,Kavya,31,F,West,Toys,LEGO Set,5,1362.6,15,Credit Card,Returned,5.0,2022,3,9
8153,ORD08154,2022-12-24,CUST1873,Pooja,45,F,North,Electronics,Phone,6,1285.47,0,Debit Card,Pending,4.1,2022,12,24
8154,ORD08155,2022-12-13,CUST2585,Meera,30,F,West,Furniture,Chair,3,2217.88,0,Credit Card,Returned,,2022,12,13
8157,ORD08158,2022-07-01,CUST0392,Rohan,48,M,East,Electronics,Tablet,2,1118.19,0,Net Banking,Cancelled,2.1,2022,7,1
8159,ORD08160,2022-06-21,CUST1490,Dev,42,M,East,Sports,Badminton Set,2,1568.8,0,Net Banking,Delivered,1.6,2022,6,21
8161,ORD08162,2022-07-17,CUST2525,Asha,22,F,South,Books,Self-Help,5,3443.28,5,UPI,Cancelled,4.4,2022,7,17
8162,ORD08163,2022-05-12,CUST0906,Asha,21,F,West,Furniture,Bookshelf,2,4821.15,10,Credit Card,Pending,4.4,2022,5,12
8163,ORD08164,2022-07-23,CUST2692,Meera,30,F,West,Clothing,Saree,10,3410.83,20,Credit Card,Delivered,2.4,2022,7,23
8164,ORD08165,2022-12-20,CUST0968,Anita,37,F,North,Clothing,Kurta,2,193.1,10,UPI,Pending,2.5,2022,12,20
8166,ORD08167,2022-01-06,CUST2944,Nikhil,41,M,North,Food,Rice 5kg,7,156.86,10,Net Banking,Returned,2.0,2022,1,6
8168,ORD08169,2022-06-07,CUST1421,Rahul,32,M,Central,Furniture,Chair,1,1270.56,10,Credit Card,Returned,1.1,2022,6,7
8171,ORD08172,2022-05-19,CUST0744,Meera,63,F,South,Sports,Yoga Mat,4,3430.98,5,Debit Card,Returned,2.2,2022,5,19
8175,ORD08176,2022-06-19,CUST1868,Kavya,33,F,West,Electronics,Phone,1,1310.17,15,UPI,Cancelled,2.4,2022,6,19
8176,ORD08177,2022-03-06,CUST0597,Divya,36,F,North,Sports,Yoga Mat,3,1822.24,5,UPI,Delivered,4.6,2022,3,6
8177,ORD08178,2022-04-13,CUST0515,Sneha,53,F,North,Books,Comics,4,4124.13,15,Debit Card,Delivered,3.4,2022,4,13
8180,ORD08181,2022-09-09,CUST1464,Vijay,26,M,North,Sports,Dumbbells,4,581.47,5,Debit Card,Delivered,3.2,2022,9,9
8183,ORD08184,2022-07-05,CUST1177,Rohan,27,M,South,Food,Rice 5kg,6,1175.12,15,Net Banking,Cancelled,2.8,2022,7,5
8184,ORD08185,2022-02-06,CUST1044,Asha,65,F,North,Toys,LEGO Set,6,1633.29,5,Debit Card,Cancelled,4.7,2022,2,6
8186,ORD08187,2022-03-09,CUST0293,Divya,35,F,South,Books,Comics,10,1574.66,5,Net Banking,Delivered,2.5,2022,3,9
8187,ORD08188,2022-11-18,CUST0321,Vijay,49,M,West,Food,Dal 2kg,10,3266.48,5,Credit Card,Cancelled,1.9,2022,11,18
8188,ORD08189,2022-12-09,CUST2933,Meera,40,F,South,Electronics,Tablet,9,4599.4,0,Net Banking,Delivered,3.0,2022,12,9
8196,ORD08197,2022-08-24,CUST0384,Dev,25,M,Central,Books,Novel,7,3754.48,15,Debit Card,Returned,4.7,2022,8,24
8198,ORD08199,2022-11-03,CUST2178,Rahul,45,M,Central,Food,Spices Pack,1,2602.41,5,Debit Card,Cancelled,2.2,2022,11,3
8199,ORD08200,2022-05-04,CUST1070,Rohan,50,M,Central,Clothing,Kurta,3,1980.23,15,Credit Card,Pending,4.3,2022,5,4
8200,ORD08201,2022-08-09,CUST1983,Meera,21,F,North,Clothing,Jeans,5,3447.43,5,Cash,Cancelled,1.8,2022,8,9
8207,ORD08208,2022-03-14,CUST1364,Priya,55,F,West,Sports,Dumbbells,3,4370.81,0,Net Banking,Delivered,,2022,3,14
8210,ORD08211,2022-04-07,CUST0571,Pooja,63,F,South,Electronics,Tablet,9,3347.01,5,Net Banking,Returned,2.7,2022,4,7
8211,ORD08212,2022-02-10,CUST0777,Vijay,25,M,North,Books,Self-Help,7,790.18,20,Net Banking,Delivered,1.7,2022,2,10
8212,ORD08213,2022-09-30,CUST2674,Meera,58,F,South,Toys,RC Car,5,3307.61,10,Net Banking,Cancelled,3.6,2022,9,30
8213,ORD08214,2022-05-02,CUST1609,Divya,41,F,West,Sports,Football,2,2821.86,15,UPI,Returned,4.2,2022,5,2
8214,ORD08215,2022-01-12,CUST0675,Meera,63,F,West,Food,Rice 5kg,10,801.01,5,Credit Card,Returned,4.1,2022,1,12
8216,ORD08217,2022-02-25,CUST0846,Nisha,18,F,East,Sports,Football,5,3175.16,15,Debit Card,Returned,1.1,2022,2,25
8219,ORD08220,2022-06-22,CUST1532,Karan,53,M,Central,Furniture,Chair,9,4005.31,10,Debit Card,Returned,1.3,2022,6,22
8222,ORD08223,2022-02-01,CUST1039,Anita,33,F,North,Food,Spices Pack,1,716.13,20,Credit Card,Cancelled,2.1,2022,2,1
8223,ORD08224,2022-01-27,CUST1956,Amit,28,M,Central,Food,Rice 5kg,3,3273.61,20,Credit Card,Delivered,3.3,2022,1,27
8227,ORD08228,2022-02-06,CUST2151,Meera,32,F,North,Furniture,Bed Frame,9,3995.82,5,Debit Card,Cancelled,1.2,2022,2,6
8231,ORD08232,2022-06-18,CUST2151,Sneha,62,F,West,Furniture,Bed Frame,1,930.78,15,UPI,Cancelled,4.1,2022,6,18
8232,ORD08233,2022-05-22,CUST0638,Vijay,42,M,West,Food,Dal 2kg,8,4155.82,10,Net Banking,Pending,,2022,5,22
8233,ORD08234,2022-09-03,CUST2057,Anita,59,F,East,Toys,LEGO Set,1,1600.08,15,Debit Card,Returned,,2022,9,3
8234,ORD08235,2022-03-24,CUST0532,Kavya,41,F,East,Electronics,Tablet,6,3421.15,20,Cash,Cancelled,1.8,2022,3,24
8236,ORD08237,2022-08-23,CUST2738,Rohan,57,M,West,Toys,Doll,3,4024.04,0,Debit Card,Returned,2.3,2022,8,23
8237,ORD08238,2022-12-02,CUST0886,Priya,62,F,South,Clothing,Jeans,8,3178.26,20,Cash,Delivered,4.3,2022,12,2
8241,ORD08242,2022-05-04,CUST2684,Priya,50,F,Central,Food,Biscuits,4,4624.57,20,UPI,Delivered,1.6,2022,5,4
8243,ORD08244,2022-07-25,CUST0415,Ritu,37,F,East,Sports,Football,7,4856.42,15,Debit Card,Returned,3.5,2022,7,25
8244,ORD08245,2022-03-15,CUST1710,Dev,19,M,West,Books,Self-Help,4,801.39,10,Credit Card,Cancelled,4.6,2022,3,15
8247,ORD08248,2022-11-12,CUST0342,Ritu,29,F,East,Books,Cookbook,4,1894.15,20,UPI,Pending,2.7,2022,11,12
8249,ORD08250,2022-06-10,CUST0599,Rohan,32,M,East,Electronics,Phone,6,334.03,5,Debit Card,Delivered,1.8,2022,6,10
8252,ORD08253,2022-07-02,CUST0162,Nisha,52,F,East,Electronics,Headphones,2,2597.67,0,Cash,Returned,3.6,2022,7,2
8253,ORD08254,2022-12-26,CUST1761,Ravi,46,M,North,Food,Biscuits,8,3925.79,15,Net Banking,Delivered,2.5,2022,12,26
8254,ORD08255,2022-10-11,CUST1784,Nikhil,19,M,Central,Electronics,Headphones,1,4644.66,20,UPI,Pending,4.9,2022,10,11
8255,ORD08256,2022-11-16,CUST0095,Pooja,22,F,South,Food,Biscuits,1,4018.43,20,Cash,Pending,1.9,2022,11,16
8256,ORD08257,2022-03-16,CUST0632,Arjun,36,M,North,Books,Comics,5,4927.06,0,Credit Card,Returned,4.1,2022,3,16
8258,ORD08259,2022-10-13,CUST0327,Karan,30,M,West,Electronics,Laptop,10,111.36,10,Credit Card,Cancelled,4.4,2022,10,13
8260,ORD08261,2022-04-13,CUST2571,Ravi,25,M,West,Sports,Football,6,2073.27,0,Cash,Returned,3.9,2022,4,13
8262,ORD08263,2022-07-18,CUST1979,Kavya,54,F,South,Furniture,Bookshelf,4,336.46,0,Debit Card,Cancelled,3.8,2022,7,18
8264,ORD08265,2022-12-05,CUST2573,Rohan,48,M,North,Furniture,Sofa,10,4597.32,0,Net Banking,Delivered,3.3,2022,12,5
8266,ORD08267,2022-04-16,CUST2782,Amit,52,M,North,Electronics,Smartwatch,3,3977.96,20,Cash,Delivered,2.1,2022,4,16
8267,ORD08268,2022-04-19,CUST0476,Pooja,26,F,West,Toys,LEGO Set,10,526.05,20,Debit Card,Cancelled,4.6,2022,4,19
8274,ORD08275,2022-04-22,CUST1195,Ravi,48,M,South,Furniture,Bed Frame,9,1483.24,5,Debit Card,Cancelled,4.1,2022,4,22
8276,ORD08277,2022-04-20,CUST1571,Asha,60,F,Central,Food,Rice 5kg,1,429.33,10,Cash,Pending,4.4,2022,4,20
8277,ORD08278,2022-03-19,CUST1149,Nikhil,23,M,East,Sports,Cricket Bat,4,1855.67,0,Cash,Delivered,,2022,3,19
8278,ORD08279,2022-12-04,CUST1647,Dev,27,M,North,Sports,Football,10,4682.26,15,Cash,Delivered,1.5,2022,12,4
8279,ORD08280,2022-10-25,CUST0032,Meera,59,F,East,Electronics,Tablet,9,2789.82,15,Debit Card,Delivered,2.7,2022,10,25
8280,ORD08281,2022-02-03,CUST1789,Suresh,40,M,East,Furniture,Bookshelf,8,2401.63,15,Cash,Delivered,4.1,2022,2,3
8282,ORD08283,2022-09-28,CUST2259,Priya,33,F,South,Food,Biscuits,1,3896.11,10,Net Banking,Returned,,2022,9,28
8283,ORD08284,2022-11-02,CUST0572,Karan,29,M,North,Toys,Doll,7,251.89,15,Cash,Pending,1.4,2022,11,2
8285,ORD08286,2022-12-02,CUST1412,Asha,34,F,Central,Electronics,Tablet,8,4237.32,5,Credit Card,Returned,2.0,2022,12,2
8286,ORD08287,2022-05-15,CUST2157,Divya,54,F,South,Electronics,Tablet,8,273.56,20,Debit Card,Delivered,3.3,2022,5,15
8289,ORD08290,2022-07-06,CUST2512,Divya,33,F,East,Books,Self-Help,2,4467.6,10,Net Banking,Delivered,2.3,2022,7,6
8293,ORD08294,2022-09-15,CUST0222,Nisha,47,F,West,Electronics,Smartwatch,4,4067.07,20,Debit Card,Pending,1.7,2022,9,15
8296,ORD08297,2022-02-28,CUST1449,Divya,31,F,Central,Food,Biscuits,6,1618.64,20,Debit Card,Pending,,2022,2,28
8297,ORD08298,2022-01-03,CUST2382,Priya,35,F,North,Food,Dal 2kg,1,3588.81,10,Debit Card,Delivered,3.7,2022,1,3
8299,ORD08300,2022-08-25,CUST0166,Kavya,47,F,North,Furniture,Bookshelf,3,3573.84,0,Net Banking,Pending,1.4,2022,8,25
8303,ORD08304,2022-09-16,CUST2439,Arjun,28,M,North,Electronics,Laptop,8,799.01,15,Cash,Returned,4.8,2022,9,16
8307,ORD08308,2022-03-25,CUST2445,Rohan,41,M,North,Sports,Badminton Set,7,738.81,0,Cash,Returned,4.5,2022,3,25
8310,ORD08311,2022-06-05,CUST2099,Nisha,32,F,East,Sports,Football,10,4432.04,15,Debit Card,Returned,,2022,6,5
8316,ORD08317,2022-03-07,CUST1334,Nisha,45,F,Central,Clothing,Jeans,7,3545.23,15,Credit Card,Cancelled,1.7,2022,3,7
8317,ORD08318,2022-11-09,CUST1625,Meera,45,F,South,Furniture,Bookshelf,8,708.06,5,Credit Card,Pending,3.1,2022,11,9
8318,ORD08319,2022-05-30,CUST1379,Rahul,60,M,South,Books,Novel,4,775.86,10,Net Banking,Pending,1.9,2022,5,30
8319,ORD08320,2022-09-29,CUST0972,Vijay,32,M,South,Books,Novel,10,54.05,5,Cash,Pending,1.4,2022,9,29
8321,ORD08322,2022-04-01,CUST0832,Ravi,29,M,North,Books,Cookbook,7,4170.43,5,Debit Card,Delivered,,2022,4,1
8322,ORD08323,2022-01-16,CUST2828,Meera,45,F,Central,Clothing,Saree,10,3786.82,0,UPI,Cancelled,4.2,2022,1,16
8324,ORD08325,2022-12-13,CUST0956,Meera,41,F,North,Electronics,Laptop,5,291.11,5,Debit Card,Returned,1.6,2022,12,13
8326,ORD08327,2022-06-03,CUST0034,Arjun,61,M,West,Electronics,Smartwatch,5,1101.92,5,Credit Card,Cancelled,2.4,2022,6,3
8327,ORD08328,2022-08-07,CUST0298,Ravi,49,M,South,Food,Cooking Oil,10,2333.69,0,Debit Card,Cancelled,1.4,2022,8,7
8328,ORD08329,2022-11-21,CUST0782,Karan,19,M,East,Food,Dal 2kg,4,522.99,10,Credit Card,Cancelled,3.5,2022,11,21
8329,ORD08330,2022-03-04,CUST1375,Rahul,21,M,East,Toys,Puzzle,7,2337.95,20,Debit Card,Returned,4.5,2022,3,4
8330,ORD08331,2022-08-31,CUST2320,Anita,22,F,East,Electronics,Phone,10,213.27,15,Cash,Pending,3.6,2022,8,31
8331,ORD08332,2022-08-11,CUST2939,Karan,29,M,East,Books,Self-Help,8,3291.07,0,UPI,Pending,5.0,2022,8,11
8332,ORD08333,2022-06-17,CUST1670,Rohan,41,M,West,Clothing,Jacket,6,1345.8,15,UPI,Pending,2.7,2022,6,17
8333,ORD08334,2022-01-05,CUST0090,Amit,38,M,East,Furniture,Table,1,3056.42,10,Debit Card,Pending,1.6,2022,1,5
8334,ORD08335,2022-09-21,CUST0237,Amit,32,M,North,Food,Rice 5kg,1,2103.82,20,Credit Card,Delivered,1.8,2022,9,21
8335,ORD08336,2022-06-16,CUST0682,Nisha,37,F,East,Clothing,Jeans,3,372.35,5,Credit Card,Pending,1.1,2022,6,16
8336,ORD08337,2022-09-04,CUST2520,Arjun,55,M,South,Electronics,Headphones,10,970.12,5,UPI,Returned,3.9,2022,9,4
8337,ORD08338,2022-01-17,CUST2285,Asha,35,F,North,Electronics,Headphones,2,4083.47,5,Credit Card,Cancelled,2.7,2022,1,17
8342,ORD08343,2022-10-19,CUST2236,Karan,50,M,North,Food,Rice 5kg,10,2232.87,5,Credit Card,Cancelled,2.8,2022,10,19
8343,ORD08344,2022-04-15,CUST2225,Rohan,27,M,South,Clothing,T-Shirt,1,4227.85,15,Debit Card,Cancelled,3.5,2022,4,15
8344,ORD08345,2022-02-24,CUST2496,Ravi,38,M,East,Clothing,T-Shirt,2,4590.06,20,Net Banking,Returned,2.7,2022,2,24
8346,ORD08347,2022-03-26,CUST0155,Pooja,43,F,West,Books,Textbook,4,2785.31,5,Debit Card,Pending,3.4,2022,3,26
8347,ORD08348,2022-12-22,CUST2373,Nisha,42,F,South,Sports,Football,8,2381.05,15,Credit Card,Delivered,1.2,2022,12,22
8348,ORD08349,2022-06-21,CUST0991,Pooja,26,F,East,Furniture,Chair,7,4894.31,15,Debit Card,Returned,3.9,2022,6,21
8350,ORD08351,2022-08-05,CUST0456,Nisha,58,F,Central,Electronics,Laptop,6,3501.76,10,Cash,Pending,2.3,2022,8,5
8352,ORD08353,2022-01-06,CUST2272,Karan,45,M,Central,Toys,Board Game,8,3519.77,5,Net Banking,Returned,,2022,1,6
8357,ORD08358,2022-12-11,CUST0943,Rahul,59,M,West,Food,Spices Pack,7,2558.46,0,Net Banking,Delivered,2.2,2022,12,11
8360,ORD08361,2022-06-06,CUST2037,Nisha,24,F,East,Sports,Yoga Mat,8,1972.87,20,Debit Card,Cancelled,2.6,2022,6,6
8362,ORD08363,2022-08-19,CUST1003,Rahul,31,M,North,Furniture,Chair,8,2820.99,10,Debit Card,Delivered,3.5,2022,8,19
8364,ORD08365,2022-12-28,CUST2620,Ritu,29,F,North,Books,Self-Help,4,4051.22,10,UPI,Cancelled,3.1,2022,12,28
8365,ORD08366,2022-08-08,CUST0839,Priya,44,F,West,Electronics,Smartwatch,3,2604.52,15,UPI,Cancelled,1.1,2022,8,8
8370,ORD08371,2022-10-06,CUST1050,Ravi,38,M,Central,Electronics,Smartwatch,7,2728.96,15,Credit Card,Pending,4.4,2022,10,6
8371,ORD08372,2022-03-09,CUST1946,Meera,34,F,Central,Electronics,Headphones,6,322.39,15,Cash,Returned,1.9,2022,3,9
8372,ORD08373,2022-01-06,CUST1556,Karan,43,M,West,Food,Spices Pack,4,2576.8,0,Credit Card,Pending,2.2,2022,1,6
8374,ORD08375,2022-07-08,CUST2419,Arjun,24,M,South,Books,Textbook,6,711.31,0,Cash,Cancelled,2.7,2022,7,8
8375,ORD08376,2022-09-23,CUST2759,Ritu,21,F,South,Toys,Board Game,9,901.06,15,Cash,Cancelled,4.7,2022,9,23
8377,ORD08378,2022-10-22,CUST2233,Dev,48,M,West,Toys,Doll,9,3335.64,5,Credit Card,Returned,3.8,2022,10,22
8378,ORD08379,2022-05-31,CUST0622,Rohan,65,M,South,Sports,Cricket Bat,5,2552.45,0,Debit Card,Pending,4.9,2022,5,31
8379,ORD08380,2022-11-21,CUST2873,Dev,24,M,South,Sports,Yoga Mat,7,2890.17,20,Cash,Pending,3.1,2022,11,21
8381,ORD08382,2022-07-05,CUST2171,Arjun,39,M,Central,Sports,Badminton Set,2,3782.59,20,Credit Card,Returned,2.2,2022,7,5
8386,ORD08387,2022-10-13,CUST1536,Rohan,44,M,West,Furniture,Sofa,9,4340.65,15,Credit Card,Delivered,4.9,2022,10,13
8390,ORD08391,2022-03-30,CUST0549,Arjun,26,M,East,Furniture,Bookshelf,7,3850.24,20,Cash,Cancelled,4.2,2022,3,30
8391,ORD08392,2022-03-24,CUST0472,Sneha,38,F,North,Toys,Doll,10,2407.26,5,Cash,Returned,1.3,2022,3,24
8392,ORD08393,2022-09-03,CUST1207,Dev,35,M,North,Food,Spices Pack,7,2281.25,10,Credit Card,Delivered,4.2,2022,9,3
8394,ORD08395,2022-11-16,CUST0834,Divya,48,F,Central,Electronics,Headphones,9,3565.84,0,Credit Card,Delivered,4.9,2022,11,16
8397,ORD08398,2022-09-24,CUST1819,Rohan,38,M,North,Clothing,Saree,5,4530.25,15,Cash,Returned,4.9,2022,9,24
8399,ORD08400,2022-04-07,CUST2968,Anita,25,F,North,Clothing,T-Shirt,3,4102.17,0,UPI,Returned,4.3,2022,4,7
8402,ORD08403,2022-03-16,CUST1346,Pooja,44,F,North,Food,Rice 5kg,3,852.03,15,Debit Card,Returned,3.0,2022,3,16
8404,ORD08405,2022-09-01,CUST0642,Priya,56,F,West,Food,Spices Pack,6,1357.02,5,Credit Card,Returned,4.0,2022,9,1
8405,ORD08406,2022-04-29,CUST0294,Asha,65,F,East,Furniture,Sofa,10,609.62,5,UPI,Returned,2.6,2022,4,29
8407,ORD08408,2022-10-17,CUST1998,Sneha,30,F,South,Furniture,Chair,9,2146.78,0,Net Banking,Cancelled,2.5,2022,10,17
8408,ORD08409,2022-12-26,CUST1105,Vijay,40,M,West,Electronics,Tablet,1,3719.43,5,Debit Card,Cancelled,,2022,12,26
8409,ORD08410,2022-04-15,CUST0391,Asha,19,F,North,Sports,Dumbbells,8,574.64,20,UPI,Pending,2.0,2022,4,15
8410,ORD08411,2022-07-08,CUST2481,Nikhil,44,M,North,Electronics,Headphones,2,1690.42,15,Net Banking,Delivered,3.3,2022,7,8
8411,ORD08412,2022-06-07,CUST1033,Meera,35,F,North,Sports,Badminton Set,9,721.68,0,Credit Card,Returned,2.8,2022,6,7
8414,ORD08415,2022-12-03,CUST1529,Suresh,41,M,West,Books,Cookbook,10,2466.59,5,Debit Card,Pending,4.9,2022,12,3
8417,ORD08418,2022-08-10,CUST1904,Meera,59,F,South,Furniture,Sofa,4,2535.47,0,Cash,Delivered,5.0,2022,8,10
8420,ORD08421,2022-07-05,CUST1163,Dev,29,M,North,Toys,Puzzle,5,2174.16,10,Credit Card,Pending,2.8,2022,7,5
8421,ORD08422,2022-12-18,CUST2875,Rohan,31,M,Central,Toys,Puzzle,10,2948.7,20,Cash,Pending,3.3,2022,12,18
8422,ORD08423,2022-10-21,CUST1136,Suresh,40,M,West,Sports,Cricket Bat,4,4889.87,0,Debit Card,Delivered,,2022,10,21
8424,ORD08425,2022-12-03,CUST1998,Sneha,55,F,East,Clothing,Saree,2,645.28,20,Credit Card,Returned,3.7,2022,12,3
8425,ORD08426,2022-08-10,CUST0731,Anita,24,F,North,Furniture,Bed Frame,9,3934.57,5,UPI,Delivered,3.4,2022,8,10
8426,ORD08427,2022-09-18,CUST2608,Vijay,37,M,North,Food,Spices Pack,1,3574.5,15,Net Banking,Cancelled,2.0,2022,9,18
8427,ORD08428,2022-12-09,CUST0148,Vijay,26,M,South,Sports,Cricket Bat,2,1989.57,15,Credit Card,Returned,3.7,2022,12,9
8428,ORD08429,2022-07-30,CUST2323,Divya,26,F,East,Electronics,Headphones,7,948.89,15,Net Banking,Delivered,2.8,2022,7,30
8429,ORD08430,2022-04-30,CUST0166,Dev,53,M,South,Food,Cooking Oil,10,4979.76,5,Credit Card,Pending,1.7,2022,4,30
8430,ORD08431,2022-03-30,CUST2643,Rahul,26,M,Central,Books,Self-Help,7,2994.44,20,Credit Card,Cancelled,2.5,2022,3,30
8431,ORD08432,2022-11-07,CUST2863,Nikhil,48,M,East,Electronics,Smartwatch,6,2367.11,5,Debit Card,Delivered,1.6,2022,11,7
8432,ORD08433,2022-12-16,CUST0128,Dev,31,M,North,Books,Novel,6,3888.43,20,Credit Card,Returned,1.2,2022,12,16
8434,ORD08435,2022-11-05,CUST2672,Suresh,34,M,West,Food,Rice 5kg,10,1364.88,20,Cash,Delivered,3.1,2022,11,5
8435,ORD08436,2022-07-23,CUST2141,Asha,29,F,South,Sports,Yoga Mat,9,4102.79,5,Net Banking,Delivered,2.7,2022,7,23
8437,ORD08438,2022-11-06,CUST1338,Vijay,57,M,East,Toys,Puzzle,5,3681.48,15,Net Banking,Returned,3.2,2022,11,6
8439,ORD08440,2022-07-27,CUST2762,Pooja,18,F,East,Clothing,Jeans,10,1000.91,10,Cash,Cancelled,3.8,2022,7,27
8441,ORD08442,2022-05-17,CUST1734,Dev,18,M,North,Toys,LEGO Set,5,2298.69,20,Debit Card,Delivered,1.5,2022,5,17
8443,ORD08444,2022-09-10,CUST1474,Meera,51,F,South,Furniture,Bed Frame,6,3004.65,5,Cash,Delivered,2.3,2022,9,10
8444,ORD08445,2022-01-19,CUST2495,Kavya,20,F,Central,Food,Cooking Oil,7,1360.32,5,Cash,Delivered,2.2,2022,1,19
8445,ORD08446,2022-04-10,CUST0720,Sneha,26,F,East,Toys,Puzzle,4,1364.66,20,Debit Card,Pending,1.1,2022,4,10
8450,ORD08451,2022-09-15,CUST1646,Nikhil,54,M,East,Furniture,Table,4,2457.03,0,UPI,Cancelled,,2022,9,15
8451,ORD08452,2022-01-19,CUST2811,Pooja,20,F,West,Electronics,Tablet,9,3278.11,15,Debit Card,Returned,4.1,2022,1,19
8452,ORD08453,2022-09-09,CUST2567,Anita,29,F,South,Furniture,Sofa,2,937.5,20,Cash,Pending,,2022,9,9
8453,ORD08454,2022-03-26,CUST1793,Vijay,41,M,North,Books,Cookbook,4,3873.93,5,UPI,Pending,2.4,2022,3,26
8454,ORD08455,2022-10-05,CUST0142,Kavya,49,F,South,Sports,Football,5,3823.11,20,Cash,Delivered,3.1,2022,10,5
8457,ORD08458,2022-07-14,CUST1300,Vijay,49,M,North,Clothing,Jacket,6,4684.06,5,Cash,Pending,1.8,2022,7,14
8459,ORD08460,2022-11-01,CUST1042,Amit,40,M,West,Furniture,Chair,2,1318.9,0,Net Banking,Returned,1.2,2022,11,1
8461,ORD08462,2022-06-18,CUST2672,Nisha,48,F,East,Electronics,Phone,6,1366.11,20,Net Banking,Delivered,4.5,2022,6,18
8462,ORD08463,2022-03-02,CUST2649,Nisha,60,F,North,Toys,Doll,8,1592.6,0,Cash,Pending,1.5,2022,3,2
8465,ORD08466,2022-10-10,CUST1390,Rahul,56,M,North,Electronics,Smartwatch,3,3968.63,5,Cash,Cancelled,1.7,2022,10,10
8466,ORD08467,2022-09-11,CUST1380,Dev,45,M,North,Food,Spices Pack,6,443.53,20,Net Banking,Cancelled,3.2,2022,9,11
8467,ORD08468,2022-05-17,CUST1491,Vijay,53,M,South,Food,Spices Pack,5,1204.97,20,Net Banking,Returned,2.3,2022,5,17
8469,ORD08470,2022-02-24,CUST1437,Arjun,59,M,Central,Toys,Puzzle,1,3512.36,5,UPI,Delivered,2.1,2022,2,24
8473,ORD08474,2022-08-11,CUST2736,Dev,47,M,West,Food,Cooking Oil,9,2395.76,0,Cash,Cancelled,1.1,2022,8,11
8475,ORD08476,2022-11-12,CUST0784,Rahul,64,M,West,Electronics,Laptop,10,504.63,20,Debit Card,Pending,,2022,11,12
8476,ORD08477,2022-10-06,CUST2769,Suresh,37,M,East,Food,Biscuits,9,855.92,5,Net Banking,Pending,3.5,2022,10,6
8478,ORD08479,2022-03-29,CUST1673,Divya,44,F,East,Food,Spices Pack,7,1198.73,10,UPI,Pending,3.5,2022,3,29
8482,ORD08483,2022-11-10,CUST0232,Anita,61,F,North,Electronics,Smartwatch,4,1134.3,20,UPI,Pending,4.1,2022,11,10
8489,ORD08490,2022-02-02,CUST1874,Karan,54,M,East,Clothing,T-Shirt,7,4553.07,20,Credit Card,Pending,3.0,2022,2,2
8491,ORD08492,2022-08-13,CUST0504,Suresh,44,M,West,Clothing,Kurta,9,2785.07,5,Debit Card,Delivered,2.7,2022,8,13
8493,ORD08494,2022-01-13,CUST1507,Sneha,23,F,South,Books,Cookbook,1,4146.9,20,Credit Card,Delivered,4.2,2022,1,13
8494,ORD08495,2022-04-28,CUST0447,Arjun,58,M,North,Toys,Puzzle,10,4640.33,0,Credit Card,Returned,,2022,4,28
8495,ORD08496,2022-02-02,CUST1778,Pooja,62,F,South,Sports,Dumbbells,4,1607.71,15,Credit Card,Cancelled,3.7,2022,2,2
8496,ORD08497,2022-03-04,CUST0082,Anita,25,F,West,Clothing,Kurta,7,4063.77,20,UPI,Returned,4.0,2022,3,4
8497,ORD08498,2022-04-06,CUST2397,Nikhil,42,M,South,Clothing,Kurta,9,508.46,10,UPI,Pending,,2022,4,6
8498,ORD08499,2022-11-21,CUST2241,Ritu,19,F,North,Electronics,Smartwatch,8,2805.45,0,UPI,Delivered,2.0,2022,11,21
8499,ORD08500,2022-01-13,CUST1363,Rohan,21,M,East,Sports,Cricket Bat,3,3375.12,10,Debit Card,Delivered,2.3,2022,1,13
8500,ORD08501,2022-09-14,CUST1046,Amit,49,M,Central,Food,Spices Pack,6,1747.23,0,UPI,Cancelled,3.5,2022,9,14
8501,ORD08502,2022-05-20,CUST0344,Divya,59,F,West,Food,Dal 2kg,4,2499.19,5,Net Banking,Cancelled,2.1,2022,5,20
8502,ORD08503,2022-07-19,CUST0553,Rahul,59,M,South,Food,Biscuits,4,367.4,10,Cash,Delivered,2.0,2022,7,19
8505,ORD08506,2022-08-06,CUST0660,Dev,40,M,North,Books,Comics,1,4209.32,20,Credit Card,Cancelled,2.7,2022,8,6
8507,ORD08508,2022-01-04,CUST2535,Rahul,55,M,East,Furniture,Chair,10,273.4,0,Debit Card,Pending,4.3,2022,1,4
8508,ORD08509,2022-06-04,CUST2653,Rohan,60,M,North,Electronics,Laptop,6,4348.85,5,Cash,Pending,2.9,2022,6,4
8509,ORD08510,2022-09-26,CUST1053,Pooja,41,F,West,Books,Cookbook,9,286.59,0,Credit Card,Returned,3.7,2022,9,26
8510,ORD08511,2022-02-23,CUST2456,Pooja,21,F,North,Furniture,Table,9,84.86,5,UPI,Pending,,2022,2,23
8513,ORD08514,2022-12-07,CUST0824,Meera,56,F,East,Books,Novel,10,2018.71,10,Cash,Cancelled,2.3,2022,12,7
8514,ORD08515,2022-08-14,CUST2781,Anita,33,F,Central,Electronics,Smartwatch,10,4424.67,20,Debit Card,Delivered,1.0,2022,8,14
8515,ORD08516,2022-06-08,CUST0270,Arjun,64,M,North,Electronics,Headphones,6,3133.46,20,UPI,Cancelled,3.0,2022,6,8
8522,ORD08523,2022-10-02,CUST2770,Nikhil,18,M,East,Toys,LEGO Set,1,679.65,0,Credit Card,Pending,3.5,2022,10,2
8523,ORD08524,2022-03-22,CUST2079,Vijay,37,M,North,Books,Cookbook,10,4891.78,5,UPI,Returned,2.5,2022,3,22
8525,ORD08526,2022-10-08,CUST0536,Nisha,26,F,North,Electronics,Tablet,7,1865.64,20,Cash,Delivered,1.4,2022,10,8
8526,ORD08527,2022-04-13,CUST2870,Rohan,47,M,West,Sports,Cricket Bat,8,3536.61,15,Credit Card,Returned,2.6,2022,4,13
8527,ORD08528,2022-12-22,CUST0548,Rohan,33,M,South,Electronics,Headphones,1,339.2,20,Cash,Pending,3.5,2022,12,22
8528,ORD08529,2022-09-01,CUST1824,Nikhil,42,M,West,Electronics,Laptop,10,4649.25,5,Net Banking,Pending,2.9,2022,9,1
8530,ORD08531,2022-08-24,CUST2585,Asha,44,F,North,Sports,Cricket Bat,9,4210.64,15,Cash,Cancelled,1.3,2022,8,24
8532,ORD08533,2022-03-12,CUST0614,Sneha,32,F,East,Furniture,Table,7,284.06,15,Credit Card,Delivered,3.2,2022,3,12
8533,ORD08534,2022-06-20,CUST0628,Rohan,39,M,North,Toys,Puzzle,3,2853.98,20,Debit Card,Cancelled,5.0,2022,6,20
8534,ORD08535,2022-02-03,CUST2347,Kavya,28,F,Central,Sports,Yoga Mat,2,3083.12,0,Credit Card,Cancelled,1.9,2022,2,3
8537,ORD08538,2022-10-26,CUST0141,Ritu,42,F,West,Electronics,Smartwatch,2,3540.68,5,Net Banking,Pending,3.3,2022,10,26
8538,ORD08539,2022-04-05,CUST2531,Suresh,45,M,East,Toys,Puzzle,4,3616.68,0,Net Banking,Returned,4.8,2022,4,5
8540,ORD08541,2022-09-13,CUST0717,Ravi,29,M,East,Toys,Board Game,2,1599.85,0,Credit Card,Cancelled,5.0,2022,9,13
8541,ORD08542,2022-01-04,CUST1038,Priya,35,F,East,Sports,Badminton Set,3,714.23,10,UPI,Delivered,3.9,2022,1,4
8542,ORD08543,2022-03-07,CUST0566,Rohan,38,M,East,Sports,Yoga Mat,2,3958.72,20,Credit Card,Pending,3.2,2022,3,7
8543,ORD08544,2022-11-28,CUST0449,Pooja,38,F,East,Toys,Puzzle,10,50.07,10,Debit Card,Returned,2.6,2022,11,28
8544,ORD08545,2022-09-06,CUST2818,Priya,44,F,East,Food,Biscuits,9,4363.0,10,UPI,Pending,1.8,2022,9,6
8545,ORD08546,2022-04-10,CUST1549,Pooja,19,F,East,Food,Spices Pack,6,3745.13,10,Debit Card,Pending,3.7,2022,4,10
8547,ORD08548,2022-05-29,CUST1054,Sneha,19,F,West,Furniture,Bookshelf,4,2612.57,0,Net Banking,Pending,2.6,2022,5,29
8548,ORD08549,2022-12-03,CUST1801,Asha,28,F,North,Toys,LEGO Set,4,3138.56,20,Credit Card,Delivered,3.8,2022,12,3
8549,ORD08550,2022-07-25,CUST1520,Vijay,40,M,West,Clothing,Jacket,2,1465.63,5,UPI,Pending,4.9,2022,7,25
8551,ORD08552,2022-11-18,CUST2782,Rohan,36,M,East,Books,Textbook,7,3752.28,15,Net Banking,Cancelled,4.0,2022,11,18
8554,ORD08555,2022-06-15,CUST2825,Asha,19,F,Central,Electronics,Phone,5,1450.19,5,Net Banking,Cancelled,3.8,2022,6,15
8555,ORD08556,2022-10-29,CUST1366,Meera,19,F,Central,Furniture,Table,10,1906.62,5,UPI,Returned,1.4,2022,10,29
8557,ORD08558,2022-02-28,CUST2005,Suresh,55,M,North,Clothing,Kurta,9,2371.68,0,Credit Card,Returned,1.2,2022,2,28
8558,ORD08559,2022-10-15,CUST1417,Rohan,62,M,West,Toys,Board Game,6,4091.42,0,Credit Card,Cancelled,4.2,2022,10,15
8559,ORD08560,2022-10-29,CUST1087,Anita,49,F,South,Sports,Badminton Set,2,3121.68,10,Cash,Cancelled,2.5,2022,10,29
8560,ORD08561,2022-02-28,CUST2159,Priya,31,F,South,Sports,Dumbbells,8,4044.97,0,Cash,Returned,3.1,2022,2,28
8561,ORD08562,2022-08-17,CUST2130,Meera,57,F,Central,Furniture,Bookshelf,3,305.82,5,Credit Card,Delivered,3.9,2022,8,17
8562,ORD08563,2022-06-19,CUST0094,Arjun,25,M,Central,Furniture,Bed Frame,8,4834.5,5,Cash,Delivered,3.9,2022,6,19
8563,ORD08564,2022-05-23,CUST0955,Meera,44,F,North,Books,Self-Help,1,2905.57,10,UPI,Cancelled,4.3,2022,5,23
8565,ORD08566,2022-12-06,CUST2826,Pooja,55,F,South,Electronics,Tablet,3,1557.01,10,Net Banking,Cancelled,1.7,2022,12,6
8567,ORD08568,2022-11-22,CUST2172,Kavya,31,F,East,Books,Self-Help,9,4921.81,10,UPI,Returned,2.2,2022,11,22
8570,ORD08571,2022-10-30,CUST1930,Pooja,34,F,Central,Furniture,Bed Frame,6,1255.83,10,Debit Card,Delivered,2.2,2022,10,30
8571,ORD08572,2022-12-11,CUST1931,Vijay,43,M,Central,Clothing,Jacket,10,4286.34,5,Net Banking,Returned,1.4,2022,12,11
8573,ORD08574,2022-04-27,CUST0631,Meera,35,F,West,Furniture,Sofa,8,3958.5,20,UPI,Cancelled,3.5,2022,4,27
8574,ORD08575,2022-04-20,CUST2154,Priya,46,F,North,Electronics,Laptop,6,2072.37,15,Net Banking,Delivered,2.5,2022,4,20
8577,ORD08578,2022-10-09,CUST1417,Rohan,48,M,South,Food,Cooking Oil,2,202.61,0,Cash,Pending,3.3,2022,10,9
8578,ORD08579,2022-01-13,CUST1077,Ritu,49,F,Central,Books,Self-Help,5,4497.42,20,UPI,Delivered,4.2,2022,1,13
8581,ORD08582,2022-10-26,CUST0989,Ravi,51,M,South,Sports,Yoga Mat,10,1725.66,20,Cash,Cancelled,3.5,2022,10,26
8582,ORD08583,2022-11-20,CUST1467,Divya,65,F,East,Furniture,Sofa,5,1213.96,0,UPI,Delivered,2.5,2022,11,20
8583,ORD08584,2022-08-18,CUST1975,Rohan,39,M,Central,Books,Self-Help,8,696.09,20,Net Banking,Pending,,2022,8,18
8584,ORD08585,2022-06-28,CUST0327,Kavya,34,F,North,Books,Comics,2,774.91,5,Cash,Cancelled,3.4,2022,6,28
8585,ORD08586,2022-12-05,CUST1413,Vijay,58,M,South,Sports,Cricket Bat,5,1992.23,0,UPI,Cancelled,3.0,2022,12,5
8586,ORD08587,2022-05-06,CUST0932,Vijay,61,M,West,Sports,Dumbbells,9,3959.81,20,UPI,Returned,3.0,2022,5,6
8587,ORD08588,2022-04-01,CUST0894,Dev,46,M,North,Food,Dal 2kg,6,1495.59,0,Cash,Cancelled,1.7,2022,4,1
8588,ORD08589,2022-12-07,CUST0640,Amit,36,M,South,Toys,LEGO Set,4,2226.12,20,Cash,Pending,2.6,2022,12,7
8591,ORD08592,2022-05-23,CUST2539,Asha,19,F,West,Electronics,Tablet,1,3878.16,20,Credit Card,Delivered,2.8,2022,5,23
8592,ORD08593,2022-04-03,CUST0622,Priya,51,F,North,Food,Spices Pack,5,2459.11,15,Debit Card,Delivered,1.1,2022,4,3
8596,ORD08597,2022-01-24,CUST1878,Sneha,45,F,Central,Books,Comics,7,4858.67,5,Net Banking,Delivered,3.0,2022,1,24
8597,ORD08598,2022-11-04,CUST0860,Suresh,48,M,South,Toys,Board Game,5,4660.0,10,Cash,Cancelled,,2022,11,4
8598,ORD08599,2022-09-21,CUST1918,Dev,52,M,South,Clothing,T-Shirt,9,120.83,20,Net Banking,Returned,3.5,2022,9,21
8600,ORD08601,2022-09-21,CUST2733,Dev,60,M,Central,Electronics,Laptop,4,2052.42,20,UPI,Delivered,2.7,2022,9,21
8601,ORD08602,2022-04-01,CUST2309,Nikhil,23,M,North,Sports,Football,3,2315.48,10,Debit Card,Delivered,4.7,2022,4,1
8604,ORD08605,2022-06-04,CUST0497,Amit,35,M,Central,Food,Rice 5kg,3,2416.83,20,Cash,Delivered,4.2,2022,6,4
8606,ORD08607,2022-04-06,CUST1707,Priya,49,F,Central,Clothing,T-Shirt,3,2424.3,15,UPI,Delivered,,2022,4,6
8607,ORD08608,2022-01-16,CUST0217,Asha,47,F,Central,Furniture,Chair,3,4604.41,20,Credit Card,Pending,,2022,1,16
8608,ORD08609,2022-09-01,CUST2378,Divya,40,F,West,Furniture,Bookshelf,7,2568.08,10,Net Banking,Cancelled,1.4,2022,9,1
8609,ORD08610,2022-01-18,CUST0054,Amit,56,M,Central,Electronics,Laptop,2,2965.07,5,Net Banking,Delivered,2.7,2022,1,18
8610,ORD08611,2022-12-09,CUST0009,Dev,42,M,Central,Sports,Badminton Set,10,2011.37,0,Debit Card,Pending,1.5,2022,12,9
8611,ORD08612,2022-04-26,CUST0190,Meera,44,F,South,Books,Cookbook,2,2450.58,5,Net Banking,Pending,2.7,2022,4,26
8612,ORD08613,2022-03-13,CUST1442,Vijay,58,M,South,Toys,Board Game,3,3733.21,0,Net Banking,Pending,3.8,2022,3,13
8613,ORD08614,2022-09-15,CUST2789,Anita,56,F,North,Clothing,Jacket,5,1061.3,10,Cash,Pending,2.1,2022,9,15
8615,ORD08616,2022-09-20,CUST3000,Amit,19,M,South,Electronics,Laptop,5,3808.9,15,Credit Card,Cancelled,4.2,2022,9,20
8617,ORD08618,2022-03-05,CUST1772,Rahul,64,M,West,Electronics,Smartwatch,1,1330.24,20,Net Banking,Delivered,4.6,2022,3,5
8623,ORD08624,2022-01-11,CUST0458,Suresh,18,M,West,Books,Textbook,10,4816.55,10,Debit Card,Cancelled,3.4,2022,1,11
8624,ORD08625,2022-07-30,CUST2548,Kavya,44,F,Central,Furniture,Sofa,10,1972.38,15,Cash,Returned,,2022,7,30
8625,ORD08626,2022-07-17,CUST0478,Priya,54,F,East,Toys,Board Game,3,410.99,0,Net Banking,Pending,1.4,2022,7,17
8627,ORD08628,2022-05-31,CUST1005,Vijay,61,M,North,Books,Self-Help,8,4099.84,0,UPI,Cancelled,4.7,2022,5,31
8628,ORD08629,2022-10-06,CUST0216,Ritu,63,F,West,Food,Spices Pack,2,468.32,5,Credit Card,Cancelled,2.5,2022,10,6
8631,ORD08632,2022-02-18,CUST1903,Rahul,30,M,South,Toys,LEGO Set,8,2091.45,5,Net Banking,Returned,1.1,2022,2,18
8632,ORD08633,2022-12-13,CUST1894,Ravi,34,M,North,Clothing,T-Shirt,4,98.8,20,Cash,Cancelled,1.5,2022,12,13
8634,ORD08635,2022-12-23,CUST2339,Arjun,29,M,East,Clothing,Saree,7,3118.93,20,Net Banking,Pending,2.7,2022,12,23
8635,ORD08636,2022-05-26,CUST0988,Amit,44,M,East,Electronics,Laptop,5,949.0,0,UPI,Pending,3.1,2022,5,26
8638,ORD08639,2022-10-19,CUST2809,Rohan,50,M,South,Clothing,T-Shirt,5,3935.6,5,Debit Card,Pending,3.3,2022,10,19
8640,ORD08641,2022-01-03,CUST1023,Suresh,52,M,East,Toys,Puzzle,2,1099.62,20,Credit Card,Returned,2.5,2022,1,3
8643,ORD08644,2022-02-22,CUST2392,Meera,40,F,South,Clothing,T-Shirt,4,389.8,15,Net Banking,Cancelled,3.7,2022,2,22
8644,ORD08645,2022-03-01,CUST0244,Nisha,39,F,North,Furniture,Bookshelf,7,3746.82,5,Credit Card,Delivered,1.2,2022,3,1
8647,ORD08648,2022-08-09,CUST0735,Rohan,63,M,North,Electronics,Phone,6,1479.92,20,Net Banking,Returned,,2022,8,9
8649,ORD08650,2022-03-08,CUST2015,Dev,54,M,North,Toys,RC Car,9,2138.37,20,UPI,Pending,5.0,2022,3,8
8653,ORD08654,2022-06-22,CUST1000,Suresh,26,M,North,Clothing,Saree,5,692.47,5,Net Banking,Delivered,3.5,2022,6,22
8654,ORD08655,2022-02-15,CUST0780,Asha,60,F,North,Furniture,Chair,1,4833.35,10,Credit Card,Cancelled,1.1,2022,2,15
8655,ORD08656,2022-09-14,CUST0368,Rahul,53,M,Central,Clothing,Kurta,5,426.02,10,Net Banking,Returned,3.1,2022,9,14
8656,ORD08657,2022-06-10,CUST1204,Ritu,21,F,Central,Sports,Football,8,1992.17,15,Debit Card,Returned,3.3,2022,6,10
8657,ORD08658,2022-10-11,CUST2083,Ritu,54,F,East,Food,Dal 2kg,4,1161.14,0,Net Banking,Pending,1.3,2022,10,11
8658,ORD08659,2022-09-02,CUST0979,Rahul,51,M,Central,Books,Novel,6,923.07,5,Net Banking,Returned,3.6,2022,9,2
8659,ORD08660,2022-03-31,CUST1755,Ravi,36,M,East,Toys,Board Game,2,4390.63,10,Credit Card,Cancelled,4.0,2022,3,31
8664,ORD08665,2022-03-04,CUST2756,Ritu,28,F,East,Toys,LEGO Set,7,3012.45,15,UPI,Pending,1.5,2022,3,4
8665,ORD08666,2022-04-19,CUST0536,Asha,51,F,East,Books,Comics,1,3572.94,5,Cash,Returned,3.2,2022,4,19
8667,ORD08668,2022-02-06,CUST0881,Priya,31,F,Central,Furniture,Sofa,5,880.8,5,Credit Card,Returned,2.3,2022,2,6
8673,ORD08674,2022-06-11,CUST1198,Vijay,27,M,Central,Sports,Yoga Mat,10,897.59,5,Cash,Pending,,2022,6,11
8676,ORD08677,2022-11-17,CUST3000,Ravi,44,M,North,Electronics,Laptop,8,2219.01,0,Debit Card,Pending,3.9,2022,11,17
8677,ORD08678,2022-04-08,CUST1580,Sneha,48,F,South,Toys,LEGO Set,2,2701.28,0,Net Banking,Returned,2.3,2022,4,8
8678,ORD08679,2022-02-23,CUST0874,Nisha,22,F,East,Sports,Yoga Mat,2,2153.65,10,Cash,Returned,1.9,2022,2,23
8679,ORD08680,2022-10-03,CUST0408,Karan,61,M,East,Food,Biscuits,1,3223.46,0,UPI,Cancelled,1.2,2022,10,3
8680,ORD08681,2022-10-13,CUST0315,Kavya,32,F,South,Sports,Cricket Bat,6,3329.48,20,Cash,Returned,,2022,10,13
8682,ORD08683,2022-06-13,CUST2029,Divya,65,F,North,Food,Spices Pack,6,1112.8,10,Cash,Pending,3.6,2022,6,13
8687,ORD08688,2022-08-16,CUST2980,Priya,29,F,East,Furniture,Sofa,2,2755.14,5,UPI,Returned,4.3,2022,8,16
8692,ORD08693,2022-06-05,CUST1461,Divya,32,F,East,Sports,Dumbbells,6,2805.13,5,Cash,Returned,4.5,2022,6,5
8695,ORD08696,2022-01-31,CUST2334,Kavya,59,F,East,Books,Self-Help,8,2118.81,15,Cash,Delivered,3.6,2022,1,31
8697,ORD08698,2022-06-27,CUST2811,Kavya,55,F,North,Sports,Football,4,4883.85,0,Cash,Pending,,2022,6,27
8701,ORD08702,2022-10-06,CUST1493,Rohan,55,M,South,Food,Rice 5kg,10,1933.51,20,Net Banking,Returned,3.6,2022,10,6
8702,ORD08703,2022-03-15,CUST2789,Kavya,30,F,North,Food,Cooking Oil,2,2678.47,5,Debit Card,Returned,4.2,2022,3,15
8703,ORD08704,2022-09-21,CUST1753,Divya,20,F,West,Furniture,Bookshelf,4,515.48,10,Cash,Delivered,3.7,2022,9,21
8707,ORD08708,2022-12-21,CUST2539,Amit,55,M,West,Electronics,Headphones,1,3107.84,10,UPI,Pending,1.8,2022,12,21
8708,ORD08709,2022-12-11,CUST2465,Amit,53,M,East,Books,Self-Help,6,1206.01,0,Credit Card,Delivered,3.0,2022,12,11
8709,ORD08710,2022-11-07,CUST0473,Arjun,58,M,South,Clothing,Jacket,10,170.22,15,Cash,Cancelled,,2022,11,7
8711,ORD08712,2022-12-21,CUST0084,Anita,37,F,South,Sports,Yoga Mat,9,2874.95,15,Net Banking,Cancelled,4.5,2022,12,21
8713,ORD08714,2022-11-05,CUST0823,Arjun,48,M,West,Clothing,Jacket,2,987.81,5,Credit Card,Cancelled,3.6,2022,11,5
8714,ORD08715,2022-07-01,CUST2657,Nisha,28,F,West,Food,Dal 2kg,3,903.01,20,Net Banking,Cancelled,2.5,2022,7,1
8717,ORD08718,2022-05-12,CUST1777,Amit,39,M,West,Sports,Dumbbells,4,4739.08,15,Net Banking,Returned,1.3,2022,5,12
8720,ORD08721,2022-06-29,CUST1256,Priya,40,F,West,Electronics,Tablet,5,4073.09,0,Debit Card,Pending,4.6,2022,6,29
8723,ORD08724,2022-05-14,CUST2819,Karan,26,M,Central,Food,Spices Pack,9,4459.38,10,Net Banking,Pending,3.3,2022,5,14
8725,ORD08726,2022-12-24,CUST2237,Ravi,27,M,Central,Toys,LEGO Set,4,4540.11,5,Debit Card,Pending,3.7,2022,12,24
8728,ORD08729,2022-07-12,CUST1230,Sneha,45,F,South,Sports,Yoga Mat,1,726.27,15,Debit Card,Delivered,,2022,7,12
8729,ORD08730,2022-07-16,CUST2959,Anita,55,F,West,Sports,Cricket Bat,6,2656.54,0,UPI,Returned,2.9,2022,7,16
8730,ORD08731,2022-03-06,CUST0033,Amit,55,M,North,Electronics,Tablet,4,561.53,20,Debit Card,Returned,1.2,2022,3,6
8731,ORD08732,2022-07-23,CUST1965,Nisha,22,F,West,Toys,Board Game,8,193.32,15,Net Banking,Pending,1.8,2022,7,23
8733,ORD08734,2022-01-02,CUST1035,Kavya,58,F,North,Furniture,Table,7,624.64,10,Debit Card,Returned,2.3,2022,1,2
8734,ORD08735,2022-08-25,CUST2272,Anita,37,F,East,Furniture,Bed Frame,10,1639.35,10,Net Banking,Pending,1.9,2022,8,25
8735,ORD08736,2022-09-30,CUST2286,Suresh,35,M,South,Books,Cookbook,5,493.86,15,Debit Card,Cancelled,,2022,9,30
8736,ORD08737,2022-11-26,CUST2522,Kavya,21,F,North,Sports,Football,5,2663.66,15,Net Banking,Delivered,1.6,2022,11,26
8739,ORD08740,2022-07-16,CUST0813,Meera,58,F,South,Books,Comics,6,1836.52,15,Cash,Pending,,2022,7,16
8744,ORD08745,2022-05-04,CUST2904,Rahul,40,M,North,Clothing,Saree,5,3791.21,20,Debit Card,Cancelled,4.5,2022,5,4
8745,ORD08746,2022-11-24,CUST0444,Arjun,47,M,North,Sports,Yoga Mat,8,1575.35,20,Net Banking,Pending,4.5,2022,11,24
8747,ORD08748,2022-07-08,CUST2473,Rahul,34,M,Central,Furniture,Bed Frame,4,1924.98,0,UPI,Pending,3.7,2022,7,8
8748,ORD08749,2022-12-20,CUST0637,Divya,36,F,South,Books,Textbook,6,1807.05,5,Credit Card,Pending,2.4,2022,12,20
8749,ORD08750,2022-08-19,CUST0585,Rahul,23,M,North,Sports,Yoga Mat,8,1255.58,15,Credit Card,Pending,3.1,2022,8,19
8750,ORD08751,2022-09-28,CUST0069,Divya,62,F,South,Sports,Cricket Bat,6,1060.17,10,Cash,Cancelled,2.1,2022,9,28
8751,ORD08752,2022-09-02,CUST0976,Rahul,39,M,North,Food,Cooking Oil,3,719.25,5,UPI,Cancelled,5.0,2022,9,2
8752,ORD08753,2022-02-21,CUST1912,Nikhil,29,M,North,Books,Textbook,3,4842.3,5,Credit Card,Delivered,1.0,2022,2,21
8754,ORD08755,2022-07-10,CUST1336,Amit,41,M,Central,Clothing,Jeans,2,4342.18,20,Cash,Cancelled,2.1,2022,7,10
8755,ORD08756,2022-08-15,CUST0601,Sneha,53,F,South,Sports,Dumbbells,5,4677.0,0,Cash,Returned,,2022,8,15
8756,ORD08757,2022-09-02,CUST1076,Priya,54,F,North,Sports,Dumbbells,6,3747.09,10,Cash,Pending,,2022,9,2
8758,ORD08759,2022-11-19,CUST0641,Meera,37,F,West,Food,Cooking Oil,9,315.05,20,Net Banking,Cancelled,2.0,2022,11,19
8762,ORD08763,2022-06-13,CUST0005,Suresh,29,M,North,Furniture,Sofa,4,4821.69,20,Credit Card,Cancelled,3.0,2022,6,13
8764,ORD08765,2022-07-19,CUST0877,Divya,23,F,East,Sports,Dumbbells,2,3267.52,20,Debit Card,Pending,,2022,7,19
8765,ORD08766,2022-08-15,CUST0297,Karan,38,M,Central,Furniture,Chair,5,785.24,20,Cash,Pending,1.4,2022,8,15
8771,ORD08772,2022-02-21,CUST2148,Kavya,31,F,West,Sports,Football,6,2966.84,0,Net Banking,Cancelled,4.5,2022,2,21
8773,ORD08774,2022-03-04,CUST2565,Karan,62,M,West,Clothing,Jeans,10,3202.95,0,UPI,Returned,3.3,2022,3,4
8774,ORD08775,2022-08-25,CUST2127,Arjun,29,M,West,Clothing,Kurta,10,3446.87,20,Net Banking,Pending,,2022,8,25
8776,ORD08777,2022-05-11,CUST0581,Rahul,38,M,North,Clothing,Saree,10,90.49,5,Credit Card,Returned,2.5,2022,5,11
8778,ORD08779,2022-11-17,CUST1283,Divya,19,F,North,Electronics,Tablet,5,1839.15,0,Net Banking,Cancelled,4.5,2022,11,17
8783,ORD08784,2022-09-27,CUST2016,Asha,23,F,South,Furniture,Sofa,8,985.79,15,Net Banking,Delivered,1.9,2022,9,27
8784,ORD08785,2022-12-26,CUST2910,Anita,64,F,West,Books,Novel,3,1572.28,5,Credit Card,Pending,1.4,2022,12,26
8785,ORD08786,2022-03-05,CUST0897,Ravi,31,M,Central,Sports,Dumbbells,4,456.26,20,Credit Card,Pending,,2022,3,5
8786,ORD08787,2022-03-16,CUST1829,Rahul,26,M,North,Furniture,Bookshelf,9,1580.44,20,Cash,Returned,3.5,2022,3,16
8787,ORD08788,2022-02-28,CUST1457,Nisha,29,F,North,Sports,Yoga Mat,1,668.96,10,Net Banking,Delivered,3.0,2022,2,28
8789,ORD08790,2022-07-06,CUST1522,Suresh,53,M,North,Toys,LEGO Set,10,1229.55,15,Credit Card,Delivered,2.8,2022,7,6
8791,ORD08792,2022-10-26,CUST0387,Suresh,48,M,West,Furniture,Bed Frame,7,1265.82,0,Cash,Pending,1.3,2022,10,26
8793,ORD08794,2022-01-11,CUST0539,Meera,18,F,West,Food,Rice 5kg,1,2309.84,10,Debit Card,Cancelled,4.5,2022,1,11
8794,ORD08795,2022-05-19,CUST2320,Arjun,20,M,North,Food,Cooking Oil,8,2334.02,15,Cash,Cancelled,,2022,5,19
8796,ORD08797,2022-08-05,CUST1078,Arjun,64,M,West,Food,Dal 2kg,2,3565.02,20,Cash,Cancelled,3.1,2022,8,5
8797,ORD08798,2022-05-03,CUST0488,Divya,34,F,East,Sports,Dumbbells,7,4530.09,20,Net Banking,Cancelled,,2022,5,3
8799,ORD08800,2022-10-13,CUST0874,Asha,43,F,South,Furniture,Bookshelf,10,4190.63,15,Net Banking,Pending,4.4,2022,10,13
8802,ORD08803,2022-05-28,CUST2617,Ravi,41,M,East,Sports,Yoga Mat,9,3371.01,15,Cash,Cancelled,2.9,2022,5,28
8803,ORD08804,2022-12-19,CUST2693,Amit,21,M,East,Sports,Football,5,4518.43,5,UPI,Returned,4.0,2022,12,19
8805,ORD08806,2022-12-01,CUST1901,Priya,32,F,East,Furniture,Bed Frame,8,3379.13,5,Credit Card,Delivered,1.6,2022,12,1
8806,ORD08807,2022-04-19,CUST2146,Nisha,22,F,South,Electronics,Tablet,1,2998.56,5,Debit Card,Delivered,1.5,2022,4,19
8808,ORD08809,2022-12-10,CUST2165,Meera,48,F,South,Sports,Badminton Set,1,418.07,20,Net Banking,Cancelled,2.0,2022,12,10
8809,ORD08810,2022-07-28,CUST2472,Arjun,36,M,North,Sports,Yoga Mat,6,2587.53,15,Debit Card,Cancelled,1.6,2022,7,28
8811,ORD08812,2022-09-12,CUST1793,Pooja,28,F,West,Sports,Dumbbells,6,2750.78,20,Credit Card,Pending,4.7,2022,9,12
8813,ORD08814,2022-02-27,CUST0624,Nikhil,47,M,West,Toys,LEGO Set,9,713.03,20,Net Banking,Delivered,1.5,2022,2,27
8814,ORD08815,2022-08-13,CUST0424,Arjun,50,M,North,Clothing,Saree,2,3520.26,5,Debit Card,Delivered,1.9,2022,8,13
8815,ORD08816,2022-02-19,CUST0245,Divya,40,F,South,Toys,LEGO Set,10,3154.65,20,Net Banking,Cancelled,4.7,2022,2,19
8816,ORD08817,2022-03-18,CUST0531,Sneha,27,F,Central,Furniture,Bookshelf,5,4096.69,5,Debit Card,Pending,2.4,2022,3,18
8817,ORD08818,2022-06-22,CUST2184,Sneha,60,F,North,Electronics,Headphones,1,440.42,0,Cash,Pending,,2022,6,22
8818,ORD08819,2022-08-11,CUST2805,Asha,24,F,Central,Toys,Doll,4,3666.54,15,Net Banking,Pending,,2022,8,11
8819,ORD08820,2022-11-09,CUST1324,Karan,42,M,South,Sports,Dumbbells,4,4020.35,20,Net Banking,Pending,2.9,2022,11,9
8820,ORD08821,2022-09-20,CUST1306,Priya,23,F,East,Furniture,Bed Frame,3,1441.23,5,Net Banking,Returned,2.3,2022,9,20
8821,ORD08822,2022-11-02,CUST0744,Nisha,39,F,West,Sports,Badminton Set,4,1049.29,10,Net Banking,Delivered,3.6,2022,11,2
8828,ORD08829,2022-05-16,CUST2513,Pooja,54,F,Central,Food,Biscuits,9,2591.9,10,Cash,Cancelled,1.5,2022,5,16
8829,ORD08830,2022-08-05,CUST0214,Nisha,25,F,South,Furniture,Bed Frame,8,1043.88,15,Net Banking,Pending,1.4,2022,8,5
8830,ORD08831,2022-12-10,CUST0856,Rahul,23,M,South,Books,Comics,7,2342.91,20,UPI,Delivered,2.5,2022,12,10
8831,ORD08832,2022-02-20,CUST2663,Suresh,27,M,East,Clothing,Jeans,7,4249.22,5,Credit Card,Cancelled,3.5,2022,2,20
8834,ORD08835,2022-06-25,CUST1940,Ravi,47,M,North,Clothing,T-Shirt,4,2571.55,15,UPI,Delivered,4.1,2022,6,25
8836,ORD08837,2022-11-10,CUST2460,Pooja,42,F,West,Electronics,Tablet,3,4657.83,10,Net Banking,Delivered,1.2,2022,11,10
8839,ORD08840,2022-01-11,CUST0273,Kavya,26,F,North,Toys,Doll,10,1249.21,20,Credit Card,Pending,4.4,2022,1,11
8840,ORD08841,2022-04-04,CUST0349,Vijay,54,M,East,Food,Cooking Oil,10,3610.08,20,UPI,Delivered,4.2,2022,4,4
8841,ORD08842,2022-05-29,CUST2709,Dev,28,M,East,Books,Comics,8,876.61,15,Credit Card,Cancelled,,2022,5,29
8842,ORD08843,2022-06-30,CUST0647,Meera,44,F,West,Food,Dal 2kg,4,2140.99,20,Debit Card,Pending,2.2,2022,6,30
8843,ORD08844,2022-06-16,CUST1094,Kavya,22,F,West,Books,Cookbook,4,1196.62,5,Debit Card,Delivered,1.7,2022,6,16
8844,ORD08845,2022-08-05,CUST1186,Karan,48,M,Central,Books,Textbook,5,2903.45,10,Debit Card,Returned,3.6,2022,8,5
8845,ORD08846,2022-10-01,CUST2402,Asha,64,F,Central,Books,Comics,6,2478.63,15,Credit Card,Delivered,3.5,2022,10,1
8846,ORD08847,2022-07-28,CUST0162,Asha,59,F,West,Toys,LEGO Set,4,2402.34,20,Cash,Delivered,3.3,2022,7,28
8847,ORD08848,2022-05-05,CUST2053,Arjun,25,M,West,Sports,Yoga Mat,1,3360.93,5,Net Banking,Returned,3.9,2022,5,5
8848,ORD08849,2022-10-31,CUST2118,Kavya,49,F,East,Toys,RC Car,2,2805.49,0,Credit Card,Cancelled,3.8,2022,10,31
8856,ORD08857,2022-11-05,CUST2827,Suresh,36,M,East,Electronics,Headphones,4,2126.43,0,Debit Card,Returned,,2022,11,5
8857,ORD08858,2022-08-24,CUST0916,Rahul,62,M,West,Toys,RC Car,4,3713.71,15,Cash,Returned,3.6,2022,8,24
8858,ORD08859,2022-12-07,CUST1224,Dev,50,M,East,Furniture,Table,9,2722.33,20,Credit Card,Returned,3.4,2022,12,7
8859,ORD08860,2022-10-18,CUST0442,Sneha,24,F,Central,Sports,Yoga Mat,7,1410.59,0,Credit Card,Pending,2.2,2022,10,18
8861,ORD08862,2022-10-08,CUST2741,Rohan,48,M,North,Clothing,Jacket,7,2233.74,20,UPI,Delivered,,2022,10,8
8865,ORD08866,2022-02-19,CUST1433,Divya,31,F,West,Books,Self-Help,1,2082.72,10,UPI,Delivered,1.4,2022,2,19
8866,ORD08867,2022-11-08,CUST0263,Ritu,50,F,Central,Electronics,Headphones,10,3325.85,10,Net Banking,Delivered,3.9,2022,11,8
8868,ORD08869,2022-10-01,CUST0670,Rahul,36,M,Central,Furniture,Sofa,7,4563.6,5,Debit Card,Cancelled,2.4,2022,10,1
8870,ORD08871,2022-07-26,CUST1371,Vijay,49,M,Central,Electronics,Headphones,6,1024.17,15,UPI,Pending,,2022,7,26
8871,ORD08872,2022-11-21,CUST0816,Suresh,32,M,Central,Sports,Dumbbells,8,226.31,0,Debit Card,Delivered,5.0,2022,11,21
8872,ORD08873,2022-08-29,CUST1141,Amit,52,M,Central,Toys,LEGO Set,5,2979.12,0,Credit Card,Delivered,3.6,2022,8,29
8873,ORD08874,2022-06-10,CUST2539,Divya,48,F,South,Books,Textbook,6,3735.86,0,Cash,Returned,,2022,6,10
8875,ORD08876,2022-03-06,CUST0049,Anita,26,F,South,Books,Comics,5,2534.11,0,Cash,Returned,3.8,2022,3,6
8877,ORD08878,2022-05-06,CUST1337,Priya,24,F,West,Toys,Board Game,10,4351.79,15,Cash,Pending,2.8,2022,5,6
8878,ORD08879,2022-04-17,CUST2504,Arjun,38,M,East,Clothing,Jacket,8,3485.32,5,Credit Card,Returned,,2022,4,17
8879,ORD08880,2022-11-18,CUST0826,Ritu,45,F,South,Electronics,Phone,9,57.6,20,Net Banking,Delivered,4.5,2022,11,18
8880,ORD08881,2022-04-27,CUST0090,Anita,42,F,East,Books,Cookbook,4,425.11,10,Credit Card,Returned,2.6,2022,4,27
8882,ORD08883,2022-08-31,CUST0392,Sneha,49,F,Central,Food,Spices Pack,1,4235.13,10,Cash,Cancelled,1.9,2022,8,31
8886,ORD08887,2022-05-01,CUST1926,Amit,54,M,West,Sports,Badminton Set,2,1648.05,20,UPI,Delivered,4.8,2022,5,1
8887,ORD08888,2022-12-09,CUST2456,Kavya,49,F,South,Furniture,Bed Frame,10,1766.12,5,Credit Card,Delivered,2.9,2022,12,9
8889,ORD08890,2022-08-09,CUST0380,Rohan,54,M,West,Clothing,Jacket,3,4128.55,5,Net Banking,Cancelled,3.7,2022,8,9
8890,ORD08891,2022-03-26,CUST1363,Karan,37,M,East,Books,Novel,4,1608.3,20,Debit Card,Cancelled,1.8,2022,3,26
8897,ORD08898,2022-11-08,CUST0462,Arjun,27,M,Central,Electronics,Smartwatch,1,4137.56,0,Credit Card,Pending,1.7,2022,11,8
8899,ORD08900,2022-02-15,CUST2812,Nikhil,28,M,North,Food,Biscuits,3,3653.92,20,UPI,Returned,2.1,2022,2,15
8900,ORD08901,2022-02-08,CUST2113,Nikhil,32,M,East,Clothing,Jeans,2,1418.97,10,Cash,Delivered,3.2,2022,2,8
8901,ORD08902,2022-02-07,CUST0391,Arjun,35,M,South,Sports,Yoga Mat,9,2439.34,5,UPI,Pending,4.7,2022,2,7
8903,ORD08904,2022-03-17,CUST2163,Vijay,34,M,West,Food,Rice 5kg,8,936.11,15,Debit Card,Cancelled,4.1,2022,3,17
8904,ORD08905,2022-06-20,CUST1638,Rohan,26,M,South,Sports,Football,9,3586.95,0,Net Banking,Cancelled,1.5,2022,6,20
8905,ORD08906,2022-03-26,CUST0632,Rohan,35,M,East,Books,Self-Help,6,4054.41,20,Credit Card,Cancelled,2.2,2022,3,26
8908,ORD08909,2022-12-20,CUST0731,Rohan,30,M,South,Electronics,Tablet,8,1596.5,10,Cash,Cancelled,3.5,2022,12,20
8909,ORD08910,2022-09-11,CUST0040,Anita,23,F,North,Sports,Cricket Bat,10,1081.16,0,Net Banking,Delivered,,2022,9,11
8911,ORD08912,2022-05-20,CUST0379,Sneha,41,F,West,Electronics,Smartwatch,2,2319.7,5,Debit Card,Cancelled,4.8,2022,5,20
8912,ORD08913,2022-07-13,CUST1082,Sneha,36,F,East,Clothing,Jeans,9,616.06,20,Net Banking,Pending,4.3,2022,7,13
8913,ORD08914,2022-11-13,CUST2802,Karan,62,M,North,Toys,Board Game,3,671.12,15,Credit Card,Cancelled,4.4,2022,11,13
8919,ORD08920,2022-03-03,CUST1988,Ravi,41,M,East,Sports,Cricket Bat,6,4795.7,15,Credit Card,Pending,1.7,2022,3,3
8920,ORD08921,2022-06-28,CUST0598,Anita,47,F,Central,Books,Novel,5,4340.84,10,UPI,Delivered,2.2,2022,6,28
8921,ORD08922,2022-12-09,CUST2830,Dev,57,M,Central,Books,Comics,6,4145.96,10,Net Banking,Returned,2.0,2022,12,9
8922,ORD08923,2022-05-21,CUST1508,Arjun,54,M,East,Furniture,Bed Frame,10,4399.78,10,Debit Card,Pending,,2022,5,21
8924,ORD08925,2022-01-03,CUST0668,Ravi,38,M,West,Toys,Board Game,5,3667.07,5,Net Banking,Returned,3.9,2022,1,3
8927,ORD08928,2022-07-14,CUST1272,Karan,26,M,South,Sports,Badminton Set,3,3323.32,5,Debit Card,Delivered,4.9,2022,7,14
8929,ORD08930,2022-04-08,CUST1208,Ravi,59,M,Central,Food,Biscuits,9,3810.98,20,Net Banking,Delivered,4.1,2022,4,8
8930,ORD08931,2022-10-18,CUST0899,Ravi,57,M,Central,Furniture,Chair,9,1712.7,5,UPI,Cancelled,2.8,2022,10,18
8932,ORD08933,2022-06-14,CUST2025,Dev,48,M,West,Electronics,Headphones,8,3325.34,10,Debit Card,Pending,3.5,2022,6,14
8935,ORD08936,2022-12-06,CUST2345,Pooja,19,F,Central,Food,Spices Pack,10,3491.63,20,Credit Card,Pending,1.9,2022,12,6
8939,ORD08940,2022-01-27,CUST2982,Sneha,42,F,South,Toys,Puzzle,1,2709.7,5,Debit Card,Returned,2.9,2022,1,27
8940,ORD08941,2022-09-22,CUST1659,Meera,44,F,East,Electronics,Headphones,2,1559.75,5,Credit Card,Returned,4.0,2022,9,22
8942,ORD08943,2022-01-16,CUST0592,Meera,33,F,West,Electronics,Headphones,1,4776.88,10,UPI,Returned,1.8,2022,1,16
8944,ORD08945,2022-05-02,CUST1854,Nikhil,56,M,Central,Food,Biscuits,2,3409.43,15,Credit Card,Pending,3.4,2022,5,2
8945,ORD08946,2022-04-17,CUST1342,Rahul,45,M,Central,Food,Cooking Oil,1,4960.31,10,UPI,Delivered,3.3,2022,4,17
8948,ORD08949,2022-02-18,CUST1669,Anita,52,F,South,Electronics,Phone,9,1761.5,5,UPI,Delivered,1.9,2022,2,18
8950,ORD08951,2022-04-13,CUST1950,Vijay,42,M,East,Electronics,Headphones,7,513.74,15,UPI,Cancelled,,2022,4,13
8957,ORD08958,2022-06-12,CUST0505,Meera,50,F,West,Food,Spices Pack,1,2277.38,5,UPI,Delivered,3.7,2022,6,12
8959,ORD08960,2022-04-07,CUST0675,Priya,34,F,West,Sports,Yoga Mat,4,531.91,0,Debit Card,Delivered,3.1,2022,4,7
8963,ORD08964,2022-09-29,CUST2965,Ravi,19,M,South,Books,Novel,5,2577.29,10,UPI,Cancelled,2.4,2022,9,29
8966,ORD08967,2022-12-28,CUST0270,Rahul,52,M,South,Furniture,Table,6,1406.98,5,Credit Card,Cancelled,1.3,2022,12,28
8967,ORD08968,2022-06-29,CUST0250,Kavya,37,F,East,Clothing,Saree,9,2767.39,0,UPI,Pending,2.5,2022,6,29
8969,ORD08970,2022-02-17,CUST1703,Anita,51,F,North,Electronics,Headphones,7,4435.17,15,Net Banking,Cancelled,4.9,2022,2,17
8970,ORD08971,2022-11-19,CUST1648,Divya,56,F,North,Books,Textbook,3,252.91,15,Net Banking,Pending,5.0,2022,11,19
8971,ORD08972,2022-09-04,CUST2239,Arjun,18,M,West,Toys,RC Car,4,2536.48,15,Net Banking,Cancelled,3.3,2022,9,4
8973,ORD08974,2022-12-26,CUST0906,Sneha,61,F,North,Sports,Yoga Mat,6,3583.79,15,UPI,Pending,3.7,2022,12,26
8974,ORD08975,2022-10-03,CUST0546,Rohan,24,M,Central,Furniture,Sofa,2,3364.61,0,Credit Card,Returned,4.5,2022,10,3
8981,ORD08982,2022-08-16,CUST2957,Asha,52,F,South,Clothing,Jeans,9,3324.57,10,Net Banking,Returned,,2022,8,16
8984,ORD08985,2022-11-12,CUST1762,Arjun,20,M,North,Toys,RC Car,8,3490.76,0,Net Banking,Delivered,3.3,2022,11,12
8987,ORD08988,2022-01-04,CUST1094,Dev,37,M,West,Sports,Yoga Mat,6,4479.05,20,Net Banking,Returned,,2022,1,4
8989,ORD08990,2022-02-02,CUST1422,Asha,55,F,West,Toys,Board Game,5,1549.01,20,Cash,Returned,1.9,2022,2,2
8993,ORD08994,2022-02-19,CUST0367,Ritu,51,F,Central,Electronics,Phone,9,1829.36,10,Credit Card,Pending,2.6,2022,2,19
8994,ORD08995,2022-08-19,CUST1042,Anita,27,F,East,Furniture,Bed Frame,7,661.51,15,UPI,Delivered,4.2,2022,8,19
8995,ORD08996,2022-04-19,CUST2568,Priya,23,F,West,Food,Cooking Oil,8,2694.25,5,Cash,Delivered,2.8,2022,4,19
8996,ORD08997,2022-12-26,CUST2604,Rahul,63,M,South,Food,Biscuits,1,2054.36,15,UPI,Cancelled,3.3,2022,12,26
8999,ORD09000,2022-04-18,CUST1613,Pooja,65,F,West,Books,Cookbook,8,2186.78,20,Cash,Cancelled,3.8,2022,4,18
9001,ORD09002,2022-02-25,CUST0516,Ritu,46,F,East,Sports,Yoga Mat,2,513.67,10,UPI,Delivered,,2022,2,25
9002,ORD09003,2022-09-20,CUST1744,Kavya,59,F,East,Electronics,Smartwatch,6,1881.32,20,Cash,Cancelled,4.4,2022,9,20
9003,ORD09004,2022-11-17,CUST2666,Anita,41,F,North,Food,Biscuits,5,4314.87,20,Net Banking,Returned,4.8,2022,11,17
9008,ORD09009,2022-10-21,CUST0698,Ravi,54,M,West,Books,Novel,6,1794.86,20,Cash,Returned,3.9,2022,10,21
9009,ORD09010,2022-12-28,CUST2423,Nisha,61,F,West,Food,Spices Pack,6,1278.58,10,Net Banking,Returned,2.6,2022,12,28
9012,ORD09013,2022-06-28,CUST2609,Kavya,62,F,East,Sports,Yoga Mat,8,888.75,10,Credit Card,Cancelled,3.1,2022,6,28
9015,ORD09016,2022-03-14,CUST0026,Suresh,60,M,Central,Electronics,Smartwatch,2,2775.09,10,Credit Card,Returned,4.2,2022,3,14
9016,ORD09017,2022-09-19,CUST0197,Ritu,41,F,East,Clothing,Kurta,8,4116.33,0,Credit Card,Pending,2.3,2022,9,19
9020,ORD09021,2022-07-15,CUST0276,Nikhil,61,M,East,Toys,RC Car,5,3796.66,20,Debit Card,Cancelled,2.4,2022,7,15
9022,ORD09023,2022-01-24,CUST2577,Sneha,40,F,East,Electronics,Headphones,1,1052.47,0,Debit Card,Returned,4.4,2022,1,24
9023,ORD09024,2022-06-09,CUST1196,Suresh,37,M,South,Toys,LEGO Set,6,750.12,5,Cash,Cancelled,2.4,2022,6,9
9029,ORD09030,2022-03-21,CUST2388,Divya,32,F,South,Toys,Puzzle,5,1871.35,15,Debit Card,Returned,1.5,2022,3,21
9031,ORD09032,2022-11-26,CUST1092,Priya,41,F,East,Clothing,Saree,9,1693.72,20,Cash,Delivered,4.0,2022,11,26
9032,ORD09033,2022-05-31,CUST0277,Karan,58,M,West,Toys,Puzzle,7,2083.35,10,Net Banking,Returned,2.8,2022,5,31
9037,ORD09038,2022-04-26,CUST2494,Dev,24,M,North,Books,Textbook,4,886.46,10,Cash,Cancelled,4.9,2022,4,26
9038,ORD09039,2022-08-03,CUST1545,Asha,57,F,West,Books,Cookbook,8,1873.05,10,Net Banking,Returned,1.4,2022,8,3
9039,ORD09040,2022-09-08,CUST2354,Nikhil,51,M,West,Sports,Yoga Mat,9,4262.67,0,Debit Card,Cancelled,3.6,2022,9,8
9040,ORD09041,2022-03-06,CUST1935,Arjun,29,M,South,Toys,Board Game,3,4660.69,5,Net Banking,Returned,4.6,2022,3,6
9045,ORD09046,2022-04-16,CUST0949,Karan,56,M,North,Food,Dal 2kg,2,2597.79,5,UPI,Pending,4.2,2022,4,16
9046,ORD09047,2022-07-29,CUST0038,Arjun,28,M,East,Sports,Dumbbells,4,4712.66,20,UPI,Cancelled,2.6,2022,7,29
9049,ORD09050,2022-05-16,CUST1866,Vijay,44,M,Central,Electronics,Phone,3,2126.46,0,Debit Card,Delivered,2.1,2022,5,16
9050,ORD09051,2022-06-27,CUST0713,Suresh,62,M,South,Books,Self-Help,5,2277.4,5,UPI,Cancelled,4.4,2022,6,27
9052,ORD09053,2022-06-20,CUST0877,Nikhil,29,M,South,Electronics,Headphones,9,4365.17,20,Net Banking,Pending,2.3,2022,6,20
9054,ORD09055,2022-10-01,CUST0122,Suresh,28,M,West,Sports,Dumbbells,5,435.38,20,Debit Card,Cancelled,3.1,2022,10,1
9055,ORD09056,2022-10-24,CUST1556,Nisha,22,F,East,Furniture,Chair,10,4379.13,15,Credit Card,Pending,3.6,2022,10,24
9056,ORD09057,2022-12-26,CUST0705,Priya,62,F,North,Clothing,Kurta,8,833.51,15,Net Banking,Delivered,3.1,2022,12,26
9057,ORD09058,2022-11-16,CUST1334,Karan,50,M,East,Toys,Doll,3,1505.33,15,UPI,Cancelled,1.3,2022,11,16
9059,ORD09060,2022-08-26,CUST2920,Priya,45,F,South,Toys,Puzzle,1,1184.39,20,Net Banking,Pending,,2022,8,26
9061,ORD09062,2022-11-29,CUST0717,Suresh,41,M,North,Toys,Board Game,4,1084.88,20,Cash,Delivered,3.1,2022,11,29
9062,ORD09063,2022-02-01,CUST0920,Suresh,53,M,North,Furniture,Table,6,2466.27,10,Credit Card,Delivered,1.6,2022,2,1
9064,ORD09065,2022-02-20,CUST0478,Ravi,57,M,West,Toys,Doll,2,2133.67,10,UPI,Pending,4.6,2022,2,20
9065,ORD09066,2022-05-09,CUST1973,Dev,35,M,Central,Food,Dal 2kg,5,3204.29,20,UPI,Delivered,1.4,2022,5,9
9066,ORD09067,2022-06-21,CUST1282,Suresh,18,M,Central,Sports,Cricket Bat,5,4420.28,15,Credit Card,Pending,1.2,2022,6,21
9069,ORD09070,2022-10-28,CUST2425,Meera,50,F,East,Clothing,T-Shirt,10,1515.68,20,UPI,Returned,1.3,2022,10,28
9070,ORD09071,2022-04-27,CUST0443,Asha,48,F,North,Food,Cooking Oil,8,4844.2,20,UPI,Returned,3.4,2022,4,27
9071,ORD09072,2022-06-27,CUST0962,Meera,58,F,East,Toys,Puzzle,7,1221.1,15,Credit Card,Returned,3.2,2022,6,27
9072,ORD09073,2022-01-10,CUST0300,Dev,49,M,Central,Furniture,Table,8,2151.65,10,Cash,Delivered,2.0,2022,1,10
9079,ORD09080,2022-01-16,CUST2564,Priya,61,F,West,Books,Comics,7,4994.65,15,UPI,Delivered,4.2,2022,1,16
9080,ORD09081,2022-02-04,CUST1567,Asha,27,F,West,Books,Textbook,9,3554.69,15,Cash,Pending,,2022,2,4
9081,ORD09082,2022-11-04,CUST2784,Priya,50,F,West,Electronics,Phone,1,2857.04,15,UPI,Returned,2.8,2022,11,4
9082,ORD09083,2022-09-18,CUST2979,Ravi,55,M,West,Clothing,Jacket,3,1783.84,5,Debit Card,Delivered,2.7,2022,9,18
9084,ORD09085,2022-07-26,CUST0670,Vijay,23,M,South,Food,Spices Pack,4,3110.92,10,Debit Card,Delivered,3.8,2022,7,26
9085,ORD09086,2022-03-14,CUST2764,Suresh,62,M,North,Sports,Badminton Set,3,1800.59,10,Net Banking,Cancelled,4.2,2022,3,14
9088,ORD09089,2022-08-21,CUST0548,Asha,48,F,North,Electronics,Tablet,10,319.6,5,Credit Card,Pending,4.3,2022,8,21
9089,ORD09090,2022-03-11,CUST2910,Rohan,60,M,South,Electronics,Smartwatch,10,2217.33,15,Net Banking,Pending,2.3,2022,3,11
9090,ORD09091,2022-09-12,CUST0234,Sneha,36,F,South,Food,Cooking Oil,2,4425.25,15,Net Banking,Pending,2.0,2022,9,12
9091,ORD09092,2022-02-08,CUST2935,Amit,19,M,South,Books,Textbook,4,2535.77,15,UPI,Returned,,2022,2,8
9093,ORD09094,2022-02-11,CUST0377,Karan,65,M,Central,Toys,LEGO Set,8,1485.35,5,Debit Card,Cancelled,1.3,2022,2,11
9095,ORD09096,2022-04-28,CUST2785,Ravi,24,M,South,Electronics,Headphones,6,1936.0,15,Net Banking,Pending,4.8,2022,4,28
9096,ORD09097,2022-05-23,CUST0347,Vijay,34,M,Central,Toys,Puzzle,1,314.07,10,Cash,Delivered,3.2,2022,5,23
9103,ORD09104,2022-03-20,CUST2913,Rahul,21,M,South,Food,Rice 5kg,9,3400.59,15,Cash,Returned,3.6,2022,3,20
9104,ORD09105,2022-09-10,CUST1221,Amit,28,M,West,Sports,Badminton Set,4,2382.71,0,Cash,Returned,,2022,9,10
9108,ORD09109,2022-06-15,CUST2551,Vijay,36,M,East,Toys,Puzzle,4,900.5,5,Debit Card,Delivered,1.2,2022,6,15
9109,ORD09110,2022-12-12,CUST1931,Dev,50,M,Central,Toys,RC Car,9,1806.12,5,Credit Card,Pending,3.3,2022,12,12
9112,ORD09113,2022-09-26,CUST0443,Asha,24,F,West,Toys,RC Car,5,3471.96,10,Debit Card,Cancelled,2.1,2022,9,26
9114,ORD09115,2022-10-12,CUST1193,Arjun,57,M,South,Toys,Doll,1,4774.67,20,Credit Card,Pending,3.2,2022,10,12
9116,ORD09117,2022-12-24,CUST0464,Amit,63,M,Central,Books,Cookbook,8,2267.32,15,Net Banking,Pending,,2022,12,24
9117,ORD09118,2022-05-13,CUST1942,Sneha,38,F,Central,Toys,Board Game,5,703.59,20,Credit Card,Returned,,2022,5,13
9118,ORD09119,2022-06-01,CUST1312,Amit,65,M,South,Clothing,Kurta,5,3987.13,0,Net Banking,Returned,4.2,2022,6,1
9119,ORD09120,2022-02-14,CUST1380,Nikhil,36,M,East,Clothing,Saree,8,1140.96,5,UPI,Returned,1.8,2022,2,14
9124,ORD09125,2022-05-10,CUST1831,Ravi,33,M,East,Sports,Dumbbells,2,4221.52,10,UPI,Delivered,1.2,2022,5,10
9128,ORD09129,2022-08-15,CUST2127,Pooja,48,F,South,Books,Self-Help,8,1647.13,15,Debit Card,Delivered,1.0,2022,8,15
9133,ORD09134,2022-04-07,CUST0562,Ritu,27,F,North,Toys,RC Car,6,1272.9,5,UPI,Delivered,1.8,2022,4,7
9135,ORD09136,2022-07-01,CUST2681,Karan,34,M,Central,Sports,Cricket Bat,8,2529.19,10,Net Banking,Cancelled,3.5,2022,7,1
9136,ORD09137,2022-08-30,CUST2558,Nisha,61,F,North,Food,Biscuits,5,4693.6,0,Credit Card,Pending,1.4,2022,8,30
9137,ORD09138,2022-01-11,CUST1759,Pooja,23,F,Central,Furniture,Table,1,1949.69,15,Debit Card,Delivered,3.6,2022,1,11
9138,ORD09139,2022-08-15,CUST2845,Pooja,26,F,Central,Clothing,Kurta,7,4489.85,20,Credit Card,Cancelled,4.9,2022,8,15
9140,ORD09141,2022-02-22,CUST2104,Priya,39,F,East,Food,Cooking Oil,6,4651.83,15,Net Banking,Cancelled,4.7,2022,2,22
9141,ORD09142,2022-09-16,CUST0273,Rohan,30,M,South,Food,Cooking Oil,9,2289.8,15,Debit Card,Cancelled,1.3,2022,9,16
9143,ORD09144,2022-11-30,CUST0182,Nikhil,58,M,West,Sports,Yoga Mat,5,222.01,5,Net Banking,Returned,3.7,2022,11,30
9144,ORD09145,2022-07-13,CUST1743,Ravi,64,M,South,Toys,Puzzle,7,1899.76,10,Credit Card,Cancelled,4.4,2022,7,13
9145,ORD09146,2022-01-26,CUST1888,Amit,33,M,West,Food,Cooking Oil,10,3804.28,0,Debit Card,Delivered,3.4,2022,1,26
9147,ORD09148,2022-12-21,CUST0704,Vijay,30,M,Central,Toys,Board Game,1,1894.97,5,UPI,Delivered,2.8,2022,12,21
9148,ORD09149,2022-08-16,CUST0518,Vijay,50,M,West,Sports,Dumbbells,10,1590.65,5,Net Banking,Delivered,4.2,2022,8,16
9149,ORD09150,2022-07-21,CUST1980,Arjun,52,M,West,Books,Self-Help,3,4744.67,5,Net Banking,Cancelled,4.8,2022,7,21
9150,ORD09151,2022-10-23,CUST2311,Vijay,41,M,North,Toys,LEGO Set,1,2460.58,10,Net Banking,Pending,2.2,2022,10,23
9152,ORD09153,2022-11-29,CUST1602,Asha,27,F,Central,Toys,Doll,7,431.93,0,Cash,Delivered,4.7,2022,11,29
9155,ORD09156,2022-12-28,CUST0429,Ravi,35,M,Central,Food,Cooking Oil,4,4747.53,20,UPI,Delivered,4.7,2022,12,28
9156,ORD09157,2022-10-17,CUST1854,Nisha,28,F,North,Toys,Board Game,1,3779.48,10,Cash,Pending,2.7,2022,10,17
9157,ORD09158,2022-10-24,CUST2459,Ritu,49,F,North,Electronics,Laptop,8,4677.26,0,UPI,Cancelled,3.2,2022,10,24
9158,ORD09159,2022-11-11,CUST2948,Meera,53,F,North,Books,Cookbook,2,752.44,0,Debit Card,Returned,3.4,2022,11,11
9159,ORD09160,2022-08-30,CUST1908,Nisha,59,F,South,Toys,Board Game,9,1691.54,5,Net Banking,Delivered,3.6,2022,8,30
9160,ORD09161,2022-08-08,CUST0737,Vijay,24,M,North,Books,Comics,3,2992.6,0,Cash,Delivered,1.9,2022,8,8
9165,ORD09166,2022-01-10,CUST2358,Dev,30,M,South,Electronics,Phone,9,146.94,5,Credit Card,Delivered,3.8,2022,1,10
9166,ORD09167,2022-09-14,CUST2194,Kavya,55,F,North,Books,Comics,2,1541.1,20,Credit Card,Delivered,1.6,2022,9,14
9168,ORD09169,2022-06-03,CUST1134,Pooja,21,F,South,Furniture,Bed Frame,4,3435.83,5,Cash,Pending,1.1,2022,6,3
9169,ORD09170,2022-07-10,CUST2839,Nisha,37,F,Central,Books,Textbook,7,2744.24,5,Net Banking,Pending,3.3,2022,7,10
9171,ORD09172,2022-10-28,CUST1800,Pooja,23,F,East,Clothing,T-Shirt,4,3254.26,10,Cash,Returned,3.8,2022,10,28
9172,ORD09173,2022-03-14,CUST1103,Nikhil,59,M,Central,Toys,LEGO Set,10,1110.2,20,Credit Card,Returned,2.3,2022,3,14
9174,ORD09175,2022-10-31,CUST1540,Ravi,22,M,East,Food,Cooking Oil,5,4062.33,0,UPI,Delivered,1.6,2022,10,31
9175,ORD09176,2022-10-08,CUST1995,Divya,32,F,South,Books,Novel,3,3753.83,20,Credit Card,Pending,2.0,2022,10,8
9177,ORD09178,2022-11-24,CUST0008,Amit,29,M,Central,Furniture,Chair,4,1566.4,15,Net Banking,Delivered,4.7,2022,11,24
9179,ORD09180,2022-05-07,CUST1233,Kavya,45,F,Central,Electronics,Laptop,3,829.94,20,Cash,Cancelled,3.0,2022,5,7
9181,ORD09182,2022-01-06,CUST0335,Meera,58,F,South,Books,Cookbook,7,3713.43,15,Net Banking,Delivered,5.0,2022,1,6
9184,ORD09185,2022-06-04,CUST2099,Dev,55,M,Central,Food,Biscuits,10,442.02,15,UPI,Cancelled,3.4,2022,6,4
9185,ORD09186,2022-03-13,CUST0260,Divya,34,F,East,Clothing,Kurta,3,2436.55,0,Debit Card,Delivered,,2022,3,13
9186,ORD09187,2022-11-06,CUST0438,Sneha,33,F,East,Furniture,Table,5,4041.84,0,Debit Card,Returned,1.4,2022,11,6
9187,ORD09188,2022-05-14,CUST2519,Rohan,59,M,Central,Food,Dal 2kg,2,3261.42,0,Debit Card,Delivered,4.9,2022,5,14
9188,ORD09189,2022-01-01,CUST2331,Meera,32,F,South,Books,Cookbook,2,973.67,0,Credit Card,Cancelled,1.9,2022,1,1
9189,ORD09190,2022-08-21,CUST2100,Dev,26,M,Central,Toys,Puzzle,6,4115.32,5,Credit Card,Delivered,2.2,2022,8,21
9191,ORD09192,2022-04-27,CUST0434,Anita,23,F,South,Furniture,Table,9,4820.18,15,Cash,Pending,4.7,2022,4,27
9198,ORD09199,2022-08-05,CUST2857,Divya,18,F,West,Toys,RC Car,7,850.62,10,Debit Card,Returned,1.1,2022,8,5
9199,ORD09200,2022-03-21,CUST0225,Priya,43,F,South,Food,Biscuits,2,940.34,20,Net Banking,Pending,,2022,3,21
9202,ORD09203,2022-01-01,CUST0480,Arjun,29,M,West,Furniture,Sofa,9,1438.66,10,Credit Card,Delivered,4.0,2022,1,1
9204,ORD09205,2022-08-18,CUST2870,Rahul,44,M,Central,Furniture,Chair,4,2199.43,20,UPI,Cancelled,3.5,2022,8,18
9207,ORD09208,2022-12-15,CUST0062,Ravi,29,M,South,Sports,Cricket Bat,1,655.92,0,Net Banking,Cancelled,4.2,2022,12,15
9208,ORD09209,2022-04-16,CUST0609,Karan,37,M,West,Food,Rice 5kg,1,2473.15,0,Debit Card,Cancelled,3.7,2022,4,16
9211,ORD09212,2022-08-30,CUST2494,Nisha,33,F,East,Toys,LEGO Set,3,90.3,15,Debit Card,Cancelled,1.8,2022,8,30
9215,ORD09216,2022-03-05,CUST0137,Karan,24,M,East,Toys,Doll,1,4609.26,0,UPI,Returned,1.8,2022,3,5
9216,ORD09217,2022-03-25,CUST1556,Ravi,41,M,West,Food,Rice 5kg,5,907.19,10,Credit Card,Returned,3.0,2022,3,25
9219,ORD09220,2022-03-21,CUST0996,Pooja,18,F,East,Clothing,Saree,3,233.49,10,Cash,Pending,4.4,2022,3,21
9221,ORD09222,2022-02-12,CUST1257,Asha,51,F,East,Clothing,T-Shirt,1,972.13,0,Debit Card,Returned,3.7,2022,2,12
9222,ORD09223,2022-09-21,CUST1450,Arjun,26,M,North,Electronics,Phone,8,3152.95,10,Cash,Returned,1.2,2022,9,21
9224,ORD09225,2022-09-01,CUST0570,Suresh,59,M,North,Sports,Football,7,2394.58,10,Cash,Cancelled,3.9,2022,9,1
9225,ORD09226,2022-03-30,CUST1032,Karan,26,M,Central,Food,Biscuits,2,3704.09,10,Debit Card,Returned,2.3,2022,3,30
9227,ORD09228,2022-06-27,CUST0985,Nisha,54,F,North,Toys,RC Car,1,4202.41,0,Debit Card,Delivered,5.0,2022,6,27
9229,ORD09230,2022-05-19,CUST0579,Pooja,48,F,Central,Toys,Puzzle,10,1619.33,15,Cash,Delivered,2.3,2022,5,19
9230,ORD09231,2022-07-08,CUST1096,Amit,53,M,South,Sports,Dumbbells,7,3220.01,15,UPI,Delivered,2.6,2022,7,8
9232,ORD09233,2022-04-02,CUST0542,Pooja,18,F,West,Electronics,Headphones,5,3581.52,20,Credit Card,Delivered,4.8,2022,4,2
9233,ORD09234,2022-06-02,CUST1979,Rahul,35,M,West,Toys,LEGO Set,2,883.14,0,Credit Card,Returned,4.2,2022,6,2
9235,ORD09236,2022-07-17,CUST1655,Kavya,30,F,West,Food,Dal 2kg,4,2574.94,20,Cash,Delivered,1.8,2022,7,17
9237,ORD09238,2022-01-25,CUST2768,Rohan,39,M,East,Sports,Football,1,4060.1,5,Debit Card,Cancelled,1.7,2022,1,25
9238,ORD09239,2022-10-28,CUST1697,Nisha,47,F,South,Electronics,Phone,3,3441.96,10,Net Banking,Cancelled,3.3,2022,10,28
9239,ORD09240,2022-12-02,CUST1513,Sneha,56,F,South,Electronics,Headphones,8,1930.86,15,UPI,Cancelled,2.5,2022,12,2
9240,ORD09241,2022-06-17,CUST2367,Asha,41,F,West,Food,Cooking Oil,9,4450.38,0,Cash,Delivered,3.5,2022,6,17
9242,ORD09243,2022-07-23,CUST1242,Arjun,20,M,South,Furniture,Bed Frame,6,1001.72,5,Debit Card,Delivered,2.8,2022,7,23
9243,ORD09244,2022-03-16,CUST2193,Rahul,56,M,West,Food,Cooking Oil,7,2944.43,5,Credit Card,Delivered,3.1,2022,3,16
9244,ORD09245,2022-07-16,CUST2995,Pooja,27,F,East,Books,Self-Help,7,1260.82,15,Credit Card,Cancelled,2.6,2022,7,16
9245,ORD09246,2022-06-25,CUST0071,Priya,42,F,South,Books,Novel,7,1303.62,20,Net Banking,Pending,1.6,2022,6,25
9248,ORD09249,2022-01-17,CUST1753,Pooja,28,F,South,Electronics,Tablet,5,2773.83,20,Debit Card,Delivered,3.0,2022,1,17
9249,ORD09250,2022-06-10,CUST0676,Ravi,22,M,South,Food,Spices Pack,8,1302.32,5,Credit Card,Returned,3.5,2022,6,10
9253,ORD09254,2022-09-22,CUST0692,Rohan,58,M,West,Electronics,Phone,3,2262.43,20,Net Banking,Returned,3.7,2022,9,22
9255,ORD09256,2022-07-09,CUST1119,Anita,50,F,West,Electronics,Laptop,3,314.23,10,Cash,Delivered,4.1,2022,7,9
9256,ORD09257,2022-05-13,CUST2196,Pooja,45,F,South,Clothing,Jacket,8,4528.96,20,Credit Card,Pending,2.5,2022,5,13
9258,ORD09259,2022-11-27,CUST0599,Ritu,64,F,West,Furniture,Bookshelf,5,3836.4,10,Credit Card,Cancelled,1.4,2022,11,27
9259,ORD09260,2022-04-12,CUST0843,Priya,43,F,East,Clothing,Kurta,9,3947.7,20,Net Banking,Delivered,1.0,2022,4,12
9260,ORD09261,2022-06-09,CUST1323,Anita,47,F,South,Toys,Puzzle,2,1862.91,0,Credit Card,Returned,4.5,2022,6,9
9261,ORD09262,2022-10-09,CUST0559,Priya,24,F,Central,Toys,LEGO Set,9,3215.1,20,Net Banking,Pending,2.9,2022,10,9
9262,ORD09263,2022-01-17,CUST1326,Ravi,44,M,South,Food,Cooking Oil,1,3596.59,15,Credit Card,Delivered,3.0,2022,1,17
9265,ORD09266,2022-08-30,CUST0577,Dev,19,M,South,Food,Spices Pack,3,3963.16,15,Net Banking,Returned,2.4,2022,8,30
9266,ORD09267,2022-09-25,CUST2832,Asha,34,F,South,Sports,Badminton Set,2,1399.97,20,Net Banking,Returned,1.6,2022,9,25
9269,ORD09270,2022-02-16,CUST2548,Ravi,56,M,Central,Toys,RC Car,7,105.75,10,Net Banking,Pending,4.6,2022,2,16
9270,ORD09271,2022-02-03,CUST0037,Priya,25,F,East,Sports,Dumbbells,2,4218.67,15,Credit Card,Cancelled,2.1,2022,2,3
9271,ORD09272,2022-03-17,CUST0918,Amit,18,M,West,Toys,Puzzle,2,410.65,10,Cash,Pending,3.8,2022,3,17
9273,ORD09274,2022-01-23,CUST2090,Asha,43,F,Central,Clothing,Saree,4,84.36,0,Credit Card,Pending,1.3,2022,1,23
9274,ORD09275,2022-04-03,CUST2821,Ritu,38,F,North,Furniture,Bed Frame,7,753.63,0,UPI,Cancelled,1.6,2022,4,3
9278,ORD09279,2022-06-17,CUST2723,Meera,60,F,Central,Food,Cooking Oil,9,2222.71,10,Credit Card,Delivered,1.4,2022,6,17
9279,ORD09280,2022-04-10,CUST2007,Dev,38,M,Central,Sports,Dumbbells,1,290.41,5,Debit Card,Returned,4.9,2022,4,10
9280,ORD09281,2022-12-18,CUST1063,Rahul,36,M,West,Clothing,T-Shirt,2,2633.8,5,UPI,Delivered,3.5,2022,12,18
9281,ORD09282,2022-01-28,CUST2453,Pooja,32,F,North,Furniture,Bed Frame,4,3039.94,5,UPI,Cancelled,3.9,2022,1,28
9282,ORD09283,2022-03-12,CUST0489,Ravi,28,M,North,Clothing,Jeans,6,2230.24,20,Net Banking,Returned,1.2,2022,3,12
9283,ORD09284,2022-12-06,CUST1030,Amit,46,M,East,Furniture,Bed Frame,7,4341.72,15,Net Banking,Delivered,4.8,2022,12,6
9284,ORD09285,2022-03-26,CUST0936,Kavya,51,F,Central,Books,Novel,8,970.21,15,Cash,Delivered,2.4,2022,3,26
9286,ORD09287,2022-11-26,CUST2007,Dev,41,M,South,Sports,Football,1,241.94,20,Net Banking,Cancelled,2.5,2022,11,26
9287,ORD09288,2022-08-18,CUST1994,Ravi,34,M,East,Sports,Yoga Mat,8,3351.57,0,UPI,Cancelled,2.9,2022,8,18
9288,ORD09289,2022-01-10,CUST0370,Sneha,58,F,East,Furniture,Chair,2,3345.25,5,UPI,Returned,2.9,2022,1,10
9290,ORD09291,2022-04-08,CUST0022,Divya,28,F,South,Toys,LEGO Set,4,412.98,15,Credit Card,Returned,2.8,2022,4,8
9292,ORD09293,2022-03-07,CUST2574,Kavya,40,F,North,Furniture,Bed Frame,4,428.47,5,Debit Card,Cancelled,4.0,2022,3,7
9293,ORD09294,2022-02-28,CUST2797,Divya,44,F,South,Toys,Doll,6,3578.06,5,Cash,Returned,4.5,2022,2,28
9294,ORD09295,2022-11-04,CUST1324,Nikhil,58,M,West,Food,Cooking Oil,3,54.53,10,Debit Card,Returned,1.8,2022,11,4
9297,ORD09298,2022-05-25,CUST0513,Karan,29,M,South,Food,Rice 5kg,1,2728.66,5,UPI,Delivered,4.8,2022,5,25
9298,ORD09299,2022-08-15,CUST2691,Divya,22,F,North,Clothing,T-Shirt,5,2435.25,10,Net Banking,Cancelled,3.0,2022,8,15
9299,ORD09300,2022-01-14,CUST2086,Vijay,48,M,East,Electronics,Headphones,1,2033.39,20,Cash,Pending,3.5,2022,1,14
9301,ORD09302,2022-11-17,CUST0960,Karan,56,M,East,Clothing,Jacket,2,2311.81,10,Debit Card,Delivered,,2022,11,17
9302,ORD09303,2022-05-19,CUST1210,Sneha,28,F,Central,Sports,Cricket Bat,7,2385.17,5,UPI,Delivered,4.2,2022,5,19
9304,ORD09305,2022-02-05,CUST0247,Meera,43,F,Central,Books,Self-Help,2,121.56,15,Debit Card,Pending,2.6,2022,2,5
9305,ORD09306,2022-08-02,CUST2738,Vijay,40,M,Central,Books,Comics,7,2770.58,15,Credit Card,Cancelled,4.3,2022,8,2
9309,ORD09310,2022-08-27,CUST1975,Rahul,54,M,North,Toys,Doll,6,4801.55,15,UPI,Returned,3.5,2022,8,27
9311,ORD09312,2022-09-07,CUST2138,Arjun,30,M,Central,Electronics,Headphones,5,3737.59,15,Net Banking,Pending,3.1,2022,9,7
9313,ORD09314,2022-10-06,CUST2576,Kavya,45,F,West,Furniture,Bed Frame,7,4855.03,10,Credit Card,Delivered,,2022,10,6
9314,ORD09315,2022-07-08,CUST0770,Ritu,32,F,Central,Furniture,Bookshelf,5,2798.03,10,Credit Card,Delivered,2.7,2022,7,8
9317,ORD09318,2022-12-02,CUST0587,Ritu,35,F,Central,Books,Comics,8,4326.09,5,Cash,Delivered,3.5,2022,12,2
9318,ORD09319,2022-05-22,CUST1286,Suresh,58,M,South,Clothing,Jeans,6,1224.41,20,UPI,Returned,3.1,2022,5,22
9320,ORD09321,2022-08-05,CUST0172,Suresh,33,M,North,Toys,Puzzle,7,1338.71,0,UPI,Pending,3.7,2022,8,5
9322,ORD09323,2022-02-23,CUST0136,Ritu,49,F,East,Toys,Board Game,5,2529.37,15,Net Banking,Returned,2.9,2022,2,23
9323,ORD09324,2022-01-17,CUST1541,Priya,18,F,Central,Clothing,T-Shirt,9,1374.94,20,UPI,Delivered,4.7,2022,1,17
9324,ORD09325,2022-07-21,CUST2711,Nikhil,31,M,Central,Books,Textbook,7,2022.67,5,Cash,Pending,3.0,2022,7,21
9325,ORD09326,2022-10-07,CUST2377,Nisha,64,F,West,Clothing,Jeans,6,4160.31,10,Debit Card,Pending,4.1,2022,10,7
9326,ORD09327,2022-05-30,CUST2200,Kavya,49,F,West,Books,Self-Help,10,2390.99,20,Net Banking,Returned,2.6,2022,5,30
9327,ORD09328,2022-08-14,CUST2450,Meera,35,F,West,Clothing,Kurta,3,1817.78,15,UPI,Pending,1.4,2022,8,14
9328,ORD09329,2022-10-12,CUST0909,Ravi,65,M,East,Furniture,Table,1,1543.24,15,Net Banking,Cancelled,4.8,2022,10,12
9330,ORD09331,2022-03-10,CUST2599,Dev,24,M,East,Books,Novel,5,520.73,10,Debit Card,Pending,,2022,3,10
9333,ORD09334,2022-02-28,CUST1386,Karan,55,M,West,Toys,LEGO Set,2,4493.83,20,Cash,Cancelled,4.9,2022,2,28
9335,ORD09336,2022-05-01,CUST2662,Ravi,62,M,East,Sports,Cricket Bat,5,885.37,10,Cash,Pending,1.8,2022,5,1
9338,ORD09339,2022-11-17,CUST2822,Rahul,38,M,East,Books,Textbook,10,4328.01,5,Cash,Pending,1.1,2022,11,17
9341,ORD09342,2022-02-03,CUST2311,Ritu,32,F,Central,Food,Cooking Oil,3,582.27,20,Net Banking,Delivered,1.6,2022,2,3
9342,ORD09343,2022-07-23,CUST1568,Ravi,58,M,South,Electronics,Smartwatch,7,798.95,0,Credit Card,Pending,1.1,2022,7,23
9343,ORD09344,2022-05-27,CUST1860,Rahul,57,M,North,Food,Spices Pack,2,237.62,20,Credit Card,Cancelled,3.1,2022,5,27
9345,ORD09346,2022-03-28,CUST1726,Dev,25,M,South,Toys,RC Car,6,2003.44,0,Credit Card,Pending,2.2,2022,3,28
9346,ORD09347,2022-11-06,CUST2888,Sneha,22,F,South,Electronics,Smartwatch,9,3694.67,10,Credit Card,Pending,,2022,11,6
9347,ORD09348,2022-06-27,CUST1350,Priya,23,F,North,Sports,Cricket Bat,4,3910.02,20,Credit Card,Returned,3.9,2022,6,27
9351,ORD09352,2022-08-24,CUST0213,Pooja,35,F,South,Clothing,Jeans,10,2207.19,0,UPI,Returned,2.5,2022,8,24
9353,ORD09354,2022-04-05,CUST1183,Nikhil,35,M,West,Toys,RC Car,7,2433.24,20,Cash,Returned,2.0,2022,4,5
9355,ORD09356,2022-03-06,CUST2975,Vijay,29,M,South,Furniture,Chair,7,3277.65,0,Debit Card,Delivered,2.6,2022,3,6
9357,ORD09358,2022-12-26,CUST2003,Dev,24,M,West,Toys,RC Car,9,1597.66,10,Net Banking,Returned,1.4,2022,12,26
9359,ORD09360,2022-06-06,CUST2358,Kavya,42,F,Central,Clothing,Kurta,5,4593.47,15,Credit Card,Returned,3.4,2022,6,6
9361,ORD09362,2022-11-28,CUST0231,Divya,53,F,West,Toys,LEGO Set,5,4018.27,0,Debit Card,Returned,2.0,2022,11,28
9362,ORD09363,2022-11-29,CUST1438,Dev,60,M,East,Clothing,Kurta,9,3554.46,5,UPI,Delivered,,2022,11,29
9364,ORD09365,2022-02-13,CUST2867,Pooja,41,F,North,Electronics,Phone,7,3743.73,5,Cash,Returned,3.9,2022,2,13
9366,ORD09367,2022-02-12,CUST1974,Sneha,23,F,East,Furniture,Table,3,4086.52,0,UPI,Pending,1.8,2022,2,12
9371,ORD09372,2022-04-30,CUST2593,Nisha,60,F,North,Books,Self-Help,5,4275.32,15,UPI,Cancelled,2.1,2022,4,30
9373,ORD09374,2022-05-18,CUST2967,Ritu,62,F,East,Toys,Puzzle,8,3489.24,20,UPI,Returned,3.2,2022,5,18
9374,ORD09375,2022-03-09,CUST1707,Rohan,30,M,Central,Clothing,Kurta,7,453.71,15,UPI,Cancelled,2.2,2022,3,9
9375,ORD09376,2022-02-13,CUST1263,Ritu,56,F,East,Clothing,T-Shirt,7,4291.27,15,Debit Card,Returned,4.0,2022,2,13
9376,ORD09377,2022-11-04,CUST2428,Asha,54,F,South,Books,Novel,2,1655.76,5,Credit Card,Delivered,,2022,11,4
9377,ORD09378,2022-01-29,CUST2133,Divya,50,F,North,Books,Self-Help,6,3962.96,10,UPI,Cancelled,1.6,2022,1,29
9378,ORD09379,2022-02-18,CUST0899,Meera,37,F,East,Food,Cooking Oil,2,4538.85,20,Debit Card,Returned,2.3,2022,2,18
9379,ORD09380,2022-06-03,CUST0352,Sneha,22,F,West,Books,Comics,8,4265.88,10,Credit Card,Returned,2.8,2022,6,3
9381,ORD09382,2022-03-03,CUST1498,Karan,52,M,West,Food,Cooking Oil,5,3018.09,0,Cash,Pending,1.8,2022,3,3
9384,ORD09385,2022-12-07,CUST0980,Dev,37,M,East,Clothing,Jeans,9,432.95,10,Cash,Cancelled,4.2,2022,12,7
9387,ORD09388,2022-01-31,CUST2603,Divya,52,F,East,Electronics,Smartwatch,1,4787.9,0,Net Banking,Delivered,3.0,2022,1,31
9392,ORD09393,2022-06-28,CUST0056,Suresh,28,M,West,Toys,Puzzle,5,332.19,15,Net Banking,Delivered,4.6,2022,6,28
9394,ORD09395,2022-08-23,CUST1191,Karan,31,M,Central,Books,Cookbook,4,1943.09,20,Cash,Delivered,1.4,2022,8,23
9396,ORD09397,2022-08-10,CUST0310,Nikhil,25,M,East,Clothing,T-Shirt,10,2130.21,15,Net Banking,Returned,1.8,2022,8,10
9398,ORD09399,2022-06-05,CUST2991,Dev,59,M,East,Toys,RC Car,8,2649.12,20,UPI,Returned,3.8,2022,6,5
9400,ORD09401,2022-11-14,CUST1094,Priya,36,F,East,Food,Dal 2kg,5,2309.83,5,Cash,Delivered,4.3,2022,11,14
9401,ORD09402,2022-01-04,CUST1680,Rohan,51,M,South,Food,Cooking Oil,6,4750.03,20,Cash,Delivered,3.5,2022,1,4
9402,ORD09403,2022-05-13,CUST2845,Nisha,30,F,East,Toys,Board Game,5,1463.43,10,UPI,Returned,,2022,5,13
9403,ORD09404,2022-07-28,CUST1405,Nisha,38,F,West,Clothing,Jacket,10,3051.86,15,Credit Card,Delivered,,2022,7,28
9405,ORD09406,2022-09-10,CUST1028,Meera,54,F,East,Food,Dal 2kg,3,2565.43,15,Credit Card,Returned,2.5,2022,9,10
9409,ORD09410,2022-01-31,CUST1408,Dev,34,M,West,Books,Self-Help,7,1744.0,20,Net Banking,Delivered,1.9,2022,1,31
9411,ORD09412,2022-05-16,CUST0368,Dev,40,M,South,Food,Cooking Oil,3,257.54,0,Debit Card,Cancelled,,2022,5,16
9412,ORD09413,2022-01-04,CUST0562,Anita,23,F,North,Sports,Dumbbells,10,3102.47,20,Credit Card,Pending,2.5,2022,1,4
9415,ORD09416,2022-03-18,CUST1998,Anita,39,F,East,Electronics,Tablet,4,3801.2,10,Cash,Cancelled,4.6,2022,3,18
9416,ORD09417,2022-04-13,CUST1754,Suresh,28,M,West,Books,Textbook,4,3844.04,15,Net Banking,Delivered,2.3,2022,4,13
9418,ORD09419,2022-04-30,CUST1820,Sneha,29,F,East,Sports,Cricket Bat,9,3280.87,5,Debit Card,Returned,4.1,2022,4,30
9419,ORD09420,2022-08-31,CUST2700,Suresh,48,M,Central,Sports,Cricket Bat,7,2592.44,20,Credit Card,Returned,2.3,2022,8,31
9420,ORD09421,2022-05-18,CUST2059,Rahul,31,M,East,Furniture,Table,9,4541.87,10,Credit Card,Cancelled,,2022,5,18
9422,ORD09423,2022-09-04,CUST2639,Asha,39,F,West,Furniture,Sofa,8,4191.29,5,Net Banking,Pending,1.4,2022,9,4
9425,ORD09426,2022-11-22,CUST2567,Ritu,31,F,North,Food,Biscuits,5,3219.7,0,Cash,Returned,,2022,11,22
9427,ORD09428,2022-01-14,CUST0485,Ravi,52,M,East,Food,Biscuits,6,1996.28,0,Debit Card,Cancelled,,2022,1,14
9428,ORD09429,2022-05-04,CUST2158,Karan,33,M,North,Furniture,Chair,10,4197.05,0,Debit Card,Returned,3.5,2022,5,4
9431,ORD09432,2022-03-05,CUST0193,Anita,65,F,North,Books,Comics,7,3486.34,15,Net Banking,Delivered,3.3,2022,3,5
9433,ORD09434,2022-06-24,CUST1591,Pooja,40,F,South,Clothing,Saree,7,354.33,0,Debit Card,Returned,3.5,2022,6,24
9434,ORD09435,2022-07-10,CUST2300,Sneha,47,F,East,Food,Cooking Oil,6,4632.98,15,Net Banking,Cancelled,1.6,2022,7,10
9437,ORD09438,2022-06-01,CUST2754,Ravi,36,M,Central,Clothing,Jacket,9,1420.96,10,Net Banking,Cancelled,,2022,6,1
9438,ORD09439,2022-03-27,CUST0357,Sneha,62,F,South,Toys,Puzzle,4,3376.24,15,UPI,Pending,2.9,2022,3,27
9439,ORD09440,2022-04-18,CUST0094,Nikhil,32,M,East,Books,Textbook,8,4061.15,0,Credit Card,Delivered,3.2,2022,4,18
9440,ORD09441,2022-11-05,CUST0211,Nisha,58,F,West,Toys,Doll,10,2428.45,10,UPI,Returned,3.7,2022,11,5
9441,ORD09442,2022-02-10,CUST2446,Divya,51,F,North,Clothing,T-Shirt,9,4480.29,0,UPI,Returned,2.9,2022,2,10
9442,ORD09443,2022-02-07,CUST0303,Ravi,27,M,East,Food,Spices Pack,10,1556.59,10,Net Banking,Returned,,2022,2,7
9444,ORD09445,2022-07-04,CUST1788,Ravi,52,M,North,Furniture,Table,8,3289.77,10,Net Banking,Cancelled,1.1,2022,7,4
9445,ORD09446,2022-01-26,CUST0446,Ritu,40,F,East,Sports,Dumbbells,2,4167.94,20,Cash,Cancelled,2.2,2022,1,26
9449,ORD09450,2022-08-10,CUST1845,Asha,58,F,South,Toys,Board Game,7,2767.22,5,Cash,Delivered,,2022,8,10
9450,ORD09451,2022-03-11,CUST2222,Rahul,46,M,West,Clothing,Jeans,3,3807.74,15,UPI,Delivered,2.2,2022,3,11
9456,ORD09457,2022-06-18,CUST2434,Karan,27,M,Central,Electronics,Laptop,2,3992.54,5,Cash,Pending,2.9,2022,6,18
9457,ORD09458,2022-09-03,CUST1097,Vijay,29,M,East,Food,Rice 5kg,8,918.32,5,Debit Card,Cancelled,3.1,2022,9,3
9460,ORD09461,2022-10-29,CUST1961,Nikhil,52,M,Central,Food,Biscuits,1,1493.73,20,Debit Card,Pending,3.1,2022,10,29
9461,ORD09462,2022-02-12,CUST1823,Sneha,26,F,East,Clothing,Jacket,7,493.32,20,Net Banking,Pending,2.9,2022,2,12
9464,ORD09465,2022-06-18,CUST2043,Nikhil,57,M,Central,Food,Dal 2kg,3,211.47,20,Credit Card,Returned,3.5,2022,6,18
9465,ORD09466,2022-10-26,CUST2331,Arjun,39,M,West,Furniture,Bed Frame,2,2880.77,20,Credit Card,Cancelled,,2022,10,26
9467,ORD09468,2022-05-14,CUST2949,Arjun,38,M,Central,Clothing,Jacket,8,3917.43,15,UPI,Returned,4.9,2022,5,14
9468,ORD09469,2022-08-05,CUST2616,Priya,43,F,West,Food,Rice 5kg,7,4601.9,10,Cash,Cancelled,4.8,2022,8,5
9470,ORD09471,2022-08-11,CUST1803,Rahul,40,M,South,Toys,RC Car,5,4200.85,5,Net Banking,Cancelled,2.5,2022,8,11
9471,ORD09472,2022-02-14,CUST0830,Karan,18,M,East,Clothing,Saree,3,4251.75,20,Cash,Returned,2.9,2022,2,14
9474,ORD09475,2022-04-21,CUST2166,Ritu,24,F,East,Clothing,T-Shirt,3,3365.21,15,Credit Card,Delivered,3.7,2022,4,21
9475,ORD09476,2022-03-28,CUST0131,Nikhil,20,M,East,Books,Comics,5,3246.34,5,Net Banking,Returned,3.0,2022,3,28
9478,ORD09479,2022-04-17,CUST0356,Anita,28,F,Central,Toys,RC Car,1,4422.24,20,Cash,Pending,2.3,2022,4,17
9481,ORD09482,2022-12-20,CUST1151,Vijay,40,M,Central,Electronics,Headphones,2,4119.15,5,Debit Card,Pending,4.6,2022,12,20
9482,ORD09483,2022-07-04,CUST1538,Ritu,18,F,North,Furniture,Bed Frame,4,2165.73,20,Net Banking,Returned,4.4,2022,7,4
9484,ORD09485,2022-03-31,CUST0799,Anita,48,F,Central,Furniture,Chair,7,4419.83,10,Debit Card,Delivered,,2022,3,31
9486,ORD09487,2022-05-01,CUST2397,Suresh,43,M,East,Furniture,Bookshelf,9,4983.27,0,Debit Card,Cancelled,4.9,2022,5,1
9487,ORD09488,2022-07-18,CUST2864,Amit,20,M,Central,Clothing,T-Shirt,6,3208.22,15,Credit Card,Pending,4.9,2022,7,18
9488,ORD09489,2022-08-15,CUST1727,Anita,39,F,South,Toys,Board Game,1,2628.43,20,Debit Card,Cancelled,3.8,2022,8,15
9489,ORD09490,2022-03-22,CUST2001,Nikhil,38,M,East,Food,Dal 2kg,5,4973.13,20,Cash,Returned,1.2,2022,3,22
9490,ORD09491,2022-11-19,CUST0008,Pooja,21,F,South,Sports,Dumbbells,4,2803.14,0,Debit Card,Cancelled,2.6,2022,11,19
9491,ORD09492,2022-06-21,CUST1918,Arjun,42,M,North,Furniture,Bed Frame,10,298.08,20,Net Banking,Pending,4.2,2022,6,21
9492,ORD09493,2022-09-18,CUST2865,Divya,55,F,West,Clothing,Jacket,6,322.29,20,UPI,Returned,2.4,2022,9,18
9496,ORD09497,2022-10-02,CUST1762,Priya,27,F,West,Clothing,Saree,10,4046.09,10,Debit Card,Cancelled,2.9,2022,10,2
9498,ORD09499,2022-09-22,CUST1072,Anita,40,F,West,Clothing,T-Shirt,4,4491.91,0,Credit Card,Pending,2.2,2022,9,22
9500,ORD09501,2022-06-26,CUST1057,Nikhil,47,M,West,Food,Biscuits,4,1651.9,0,Cash,Pending,4.1,2022,6,26
9501,ORD09502,2022-06-10,CUST1433,Rohan,34,M,Central,Electronics,Smartwatch,3,2122.5,20,Cash,Delivered,3.1,2022,6,10
9505,ORD09506,2022-10-02,CUST2580,Karan,36,M,West,Electronics,Tablet,4,4572.88,5,Cash,Pending,4.4,2022,10,2
9507,ORD09508,2022-10-18,CUST0606,Rahul,62,M,North,Toys,Board Game,4,4335.35,0,Cash,Pending,2.4,2022,10,18
9510,ORD09511,2022-10-23,CUST0874,Suresh,20,M,Central,Food,Rice 5kg,5,3399.44,15,Credit Card,Delivered,,2022,10,23
9512,ORD09513,2022-03-16,CUST1737,Nisha,52,F,East,Food,Biscuits,5,705.2,10,Credit Card,Cancelled,1.4,2022,3,16
9514,ORD09515,2022-04-21,CUST2781,Ritu,45,F,East,Food,Cooking Oil,2,64.94,20,UPI,Delivered,3.8,2022,4,21
9516,ORD09517,2022-09-24,CUST0765,Ravi,22,M,North,Electronics,Phone,8,1829.0,10,UPI,Returned,4.7,2022,9,24
9517,ORD09518,2022-05-15,CUST1030,Ravi,22,M,East,Clothing,T-Shirt,8,1051.53,10,Cash,Delivered,2.1,2022,5,15
9518,ORD09519,2022-04-14,CUST2425,Asha,23,F,North,Books,Textbook,1,4160.85,5,Cash,Cancelled,2.5,2022,4,14
9519,ORD09520,2022-11-05,CUST0093,Dev,64,M,East,Clothing,Jacket,4,2027.3,0,Net Banking,Delivered,4.3,2022,11,5
9523,ORD09524,2022-05-31,CUST2370,Sneha,59,F,East,Food,Rice 5kg,8,283.49,20,UPI,Delivered,1.0,2022,5,31
9524,ORD09525,2022-06-04,CUST2800,Nikhil,37,M,East,Food,Dal 2kg,10,594.67,5,Net Banking,Delivered,1.1,2022,6,4
9528,ORD09529,2022-08-30,CUST2874,Anita,52,F,North,Books,Self-Help,3,4130.9,0,Cash,Cancelled,,2022,8,30
9529,ORD09530,2022-10-25,CUST2730,Anita,45,F,West,Sports,Yoga Mat,9,639.12,20,Debit Card,Delivered,2.1,2022,10,25
9534,ORD09535,2022-02-11,CUST1488,Asha,31,F,East,Clothing,Jeans,10,4869.08,5,UPI,Returned,2.8,2022,2,11
9536,ORD09537,2022-08-27,CUST0262,Karan,23,M,North,Books,Novel,5,4376.34,5,Debit Card,Delivered,2.0,2022,8,27
9537,ORD09538,2022-01-05,CUST2070,Pooja,21,F,West,Electronics,Laptop,4,4356.77,0,Net Banking,Pending,1.2,2022,1,5
9538,ORD09539,2022-05-15,CUST2177,Karan,53,M,North,Electronics,Smartwatch,1,1648.14,0,Debit Card,Delivered,,2022,5,15
9543,ORD09544,2022-05-02,CUST1642,Arjun,33,M,East,Toys,Board Game,5,3013.6,20,Cash,Returned,,2022,5,2
9545,ORD09546,2022-04-27,CUST0075,Ravi,43,M,West,Books,Cookbook,8,1437.82,20,Cash,Pending,2.9,2022,4,27
9546,ORD09547,2022-01-01,CUST0712,Meera,55,F,Central,Books,Cookbook,2,1550.12,0,Credit Card,Pending,,2022,1,1
9547,ORD09548,2022-05-09,CUST1485,Vijay,42,M,South,Sports,Dumbbells,9,201.68,10,Debit Card,Delivered,4.9,2022,5,9
9548,ORD09549,2022-01-22,CUST0976,Arjun,37,M,East,Furniture,Table,5,4762.89,10,Net Banking,Delivered,3.2,2022,1,22
9550,ORD09551,2022-01-13,CUST1255,Dev,46,M,East,Electronics,Smartwatch,2,4932.27,15,Net Banking,Pending,,2022,1,13
9555,ORD09556,2022-06-05,CUST0518,Amit,18,M,East,Toys,Board Game,9,650.52,0,UPI,Returned,4.6,2022,6,5
9558,ORD09559,2022-01-24,CUST1252,Anita,61,F,South,Electronics,Smartwatch,5,2248.11,0,Cash,Delivered,4.4,2022,1,24
9559,ORD09560,2022-12-16,CUST0387,Arjun,47,M,North,Books,Comics,4,4012.89,15,Net Banking,Delivered,1.9,2022,12,16
9560,ORD09561,2022-10-19,CUST1551,Kavya,39,F,East,Furniture,Chair,5,4093.12,15,Credit Card,Delivered,1.1,2022,10,19
9562,ORD09563,2022-03-08,CUST2717,Amit,57,M,South,Furniture,Bookshelf,2,2452.57,10,UPI,Cancelled,2.1,2022,3,8
9564,ORD09565,2022-03-16,CUST2022,Rohan,44,M,South,Electronics,Smartwatch,4,3188.4,10,Net Banking,Pending,3.0,2022,3,16
9565,ORD09566,2022-05-04,CUST0054,Amit,45,M,West,Sports,Dumbbells,4,286.11,5,Credit Card,Returned,2.7,2022,5,4
9568,ORD09569,2022-08-06,CUST2039,Sneha,53,F,West,Electronics,Headphones,7,573.76,5,Cash,Returned,2.6,2022,8,6
9571,ORD09572,2022-01-18,CUST1946,Suresh,25,M,East,Food,Rice 5kg,9,4066.84,10,Credit Card,Delivered,1.9,2022,1,18
9572,ORD09573,2022-04-12,CUST0540,Kavya,62,F,Central,Electronics,Laptop,8,1106.62,10,Debit Card,Returned,2.7,2022,4,12
9573,ORD09574,2022-09-16,CUST0713,Meera,26,F,East,Books,Novel,2,1988.3,15,Debit Card,Cancelled,1.4,2022,9,16
9574,ORD09575,2022-03-25,CUST0220,Priya,36,F,West,Sports,Football,10,1337.17,10,Net Banking,Returned,1.9,2022,3,25
9575,ORD09576,2022-10-19,CUST1963,Nisha,41,F,North,Food,Dal 2kg,4,4670.5,15,Credit Card,Pending,3.7,2022,10,19
9576,ORD09577,2022-05-16,CUST1274,Asha,56,F,Central,Sports,Yoga Mat,7,3214.53,15,Credit Card,Cancelled,3.8,2022,5,16
9579,ORD09580,2022-12-05,CUST2999,Anita,26,F,West,Electronics,Smartwatch,7,4942.4,20,Cash,Delivered,1.3,2022,12,5
9582,ORD09583,2022-09-05,CUST2619,Nikhil,27,M,North,Electronics,Headphones,4,4742.72,10,Credit Card,Pending,3.6,2022,9,5
9586,ORD09587,2022-11-27,CUST1573,Pooja,26,F,East,Books,Cookbook,3,3754.73,5,Credit Card,Cancelled,1.4,2022,11,27
9590,ORD09591,2022-09-28,CUST2608,Kavya,37,F,Central,Toys,RC Car,4,236.3,10,UPI,Returned,2.9,2022,9,28
9591,ORD09592,2022-05-17,CUST0114,Sneha,52,F,West,Clothing,Jacket,9,2558.31,5,Credit Card,Pending,2.3,2022,5,17
9592,ORD09593,2022-01-18,CUST0610,Karan,30,M,Central,Electronics,Tablet,9,4457.35,20,UPI,Returned,4.4,2022,1,18
9596,ORD09597,2022-04-05,CUST0736,Anita,50,F,South,Food,Rice 5kg,8,4018.87,0,UPI,Cancelled,3.6,2022,4,5
9597,ORD09598,2022-06-10,CUST0763,Rahul,53,M,Central,Electronics,Laptop,8,2526.57,5,Debit Card,Cancelled,3.6,2022,6,10
9598,ORD09599,2022-10-05,CUST0444,Karan,37,M,Central,Books,Novel,10,3123.36,15,Cash,Delivered,3.0,2022,10,5
9599,ORD09600,2022-06-08,CUST1238,Arjun,43,M,South,Clothing,Jeans,4,3727.32,20,Credit Card,Returned,4.1,2022,6,8
9601,ORD09602,2022-09-04,CUST1070,Priya,31,F,South,Food,Spices Pack,6,1122.62,10,UPI,Returned,,2022,9,4
9602,ORD09603,2022-11-06,CUST0927,Asha,33,F,Central,Electronics,Headphones,6,4923.87,15,Credit Card,Cancelled,2.0,2022,11,6
9604,ORD09605,2022-05-08,CUST2523,Rahul,37,M,South,Furniture,Bookshelf,1,2697.59,15,Debit Card,Returned,2.5,2022,5,8
9605,ORD09606,2022-04-05,CUST1685,Ritu,36,F,East,Books,Novel,1,2792.81,0,Cash,Delivered,2.3,2022,4,5
9609,ORD09610,2022-10-21,CUST1909,Ritu,44,F,South,Toys,Board Game,3,1010.06,5,Net Banking,Delivered,1.7,2022,10,21
9611,ORD09612,2022-06-02,CUST1261,Ravi,20,M,South,Toys,Board Game,9,4328.24,10,Credit Card,Returned,4.8,2022,6,2
9614,ORD09615,2022-01-31,CUST1058,Rohan,35,M,Central,Food,Cooking Oil,6,2187.76,20,Net Banking,Delivered,4.2,2022,1,31
9616,ORD09617,2022-05-01,CUST0769,Ravi,42,M,East,Books,Textbook,8,2811.79,20,UPI,Returned,2.5,2022,5,1
9617,ORD09618,2022-05-23,CUST0992,Asha,24,F,West,Toys,Doll,4,2258.42,15,UPI,Returned,,2022,5,23
9621,ORD09622,2022-01-14,CUST0445,Priya,32,F,East,Clothing,T-Shirt,8,3349.14,15,UPI,Cancelled,3.3,2022,1,14
9622,ORD09623,2022-01-29,CUST2603,Amit,58,M,Central,Furniture,Chair,8,1461.92,20,UPI,Cancelled,2.7,2022,1,29
9624,ORD09625,2022-06-07,CUST2228,Nisha,46,F,East,Clothing,Kurta,9,4528.68,0,Cash,Cancelled,3.2,2022,6,7
9627,ORD09628,2022-10-12,CUST2074,Dev,36,M,Central,Books,Novel,9,504.14,10,Cash,Returned,4.8,2022,10,12
9628,ORD09629,2022-10-27,CUST1163,Nikhil,54,M,Central,Sports,Football,4,410.52,0,UPI,Delivered,1.2,2022,10,27
9629,ORD09630,2022-11-23,CUST1980,Anita,59,F,East,Food,Spices Pack,5,1363.27,0,Net Banking,Cancelled,4.1,2022,11,23
9630,ORD09631,2022-01-01,CUST1241,Vijay,29,M,West,Clothing,T-Shirt,2,403.9,15,Net Banking,Delivered,3.5,2022,1,1
9631,ORD09632,2022-03-20,CUST2997,Nikhil,63,M,North,Furniture,Bed Frame,8,1296.82,20,Cash,Cancelled,2.5,2022,3,20
9632,ORD09633,2022-04-13,CUST1828,Kavya,27,F,South,Sports,Football,6,3060.57,10,Net Banking,Pending,3.6,2022,4,13
9633,ORD09634,2022-07-27,CUST0826,Vijay,36,M,East,Toys,Puzzle,2,2693.98,20,UPI,Cancelled,2.6,2022,7,27
9635,ORD09636,2022-11-18,CUST2541,Vijay,19,M,West,Books,Self-Help,8,3193.1,0,Credit Card,Delivered,1.1,2022,11,18
9637,ORD09638,2022-05-06,CUST2963,Nikhil,50,M,South,Food,Rice 5kg,10,1697.23,20,Debit Card,Returned,3.5,2022,5,6
9638,ORD09639,2022-07-10,CUST1562,Ravi,44,M,East,Sports,Yoga Mat,4,2311.41,20,Net Banking,Cancelled,3.7,2022,7,10
9639,ORD09640,2022-08-10,CUST0504,Pooja,30,F,Central,Sports,Football,1,755.64,10,UPI,Pending,2.3,2022,8,10
9640,ORD09641,2022-03-15,CUST2569,Amit,18,M,North,Electronics,Headphones,1,1371.54,10,Debit Card,Returned,1.2,2022,3,15
9642,ORD09643,2022-01-07,CUST1486,Suresh,50,M,West,Electronics,Phone,4,1079.13,20,UPI,Delivered,2.8,2022,1,7
9644,ORD09645,2022-07-29,CUST1049,Meera,23,F,East,Electronics,Headphones,9,697.77,20,Credit Card,Cancelled,,2022,7,29
9646,ORD09647,2022-06-25,CUST1435,Ritu,22,F,Central,Food,Biscuits,4,2869.11,10,Credit Card,Returned,2.3,2022,6,25
9647,ORD09648,2022-02-05,CUST1719,Divya,37,F,North,Furniture,Table,9,986.69,10,Net Banking,Delivered,,2022,2,5
9648,ORD09649,2022-06-20,CUST2868,Divya,43,F,North,Sports,Cricket Bat,3,1447.29,10,Net Banking,Cancelled,2.0,2022,6,20
9650,ORD09651,2022-08-22,CUST1629,Pooja,28,F,South,Sports,Football,8,3194.41,10,UPI,Cancelled,4.5,2022,8,22
9651,ORD09652,2022-09-10,CUST0684,Amit,19,M,Central,Electronics,Laptop,4,3751.06,20,Debit Card,Cancelled,1.6,2022,9,10
9654,ORD09655,2022-07-26,CUST2913,Dev,19,M,North,Furniture,Bed Frame,10,4830.27,20,Cash,Cancelled,2.2,2022,7,26
9655,ORD09656,2022-06-27,CUST1106,Rahul,48,M,West,Toys,RC Car,5,4834.72,0,Cash,Pending,1.4,2022,6,27
9656,ORD09657,2022-12-07,CUST2774,Nisha,24,F,South,Furniture,Chair,6,1265.91,20,Debit Card,Delivered,3.0,2022,12,7
9657,ORD09658,2022-01-07,CUST2321,Kavya,27,F,South,Electronics,Headphones,3,4003.71,20,Cash,Delivered,2.3,2022,1,7
9658,ORD09659,2022-07-12,CUST1521,Suresh,25,M,North,Food,Spices Pack,6,1749.14,5,Debit Card,Delivered,1.1,2022,7,12
9661,ORD09662,2022-10-13,CUST1026,Amit,47,M,East,Toys,LEGO Set,3,2338.84,0,Credit Card,Cancelled,2.7,2022,10,13
9663,ORD09664,2022-11-27,CUST0060,Nisha,60,F,Central,Books,Textbook,9,630.4,0,Credit Card,Cancelled,5.0,2022,11,27
9664,ORD09665,2022-08-05,CUST2295,Priya,54,F,Central,Electronics,Phone,1,2841.58,0,Credit Card,Delivered,,2022,8,5
9665,ORD09666,2022-09-18,CUST0694,Nikhil,39,M,Central,Clothing,Jacket,6,2641.62,0,Cash,Returned,2.2,2022,9,18
9666,ORD09667,2022-10-16,CUST2082,Karan,65,M,East,Toys,RC Car,6,1934.68,5,UPI,Cancelled,2.8,2022,10,16
9667,ORD09668,2022-05-25,CUST2861,Amit,35,M,Central,Books,Textbook,8,293.2,20,Cash,Delivered,,2022,5,25
9668,ORD09669,2022-11-09,CUST1100,Rohan,54,M,West,Electronics,Headphones,1,3641.72,0,Cash,Cancelled,1.1,2022,11,9
9669,ORD09670,2022-01-10,CUST1600,Anita,53,F,Central,Food,Rice 5kg,10,3515.25,10,Cash,Cancelled,2.2,2022,1,10
9672,ORD09673,2022-08-16,CUST1818,Kavya,54,F,East,Books,Novel,2,4725.86,20,Net Banking,Cancelled,3.1,2022,8,16
9673,ORD09674,2022-11-25,CUST0856,Karan,49,M,South,Toys,Puzzle,2,3424.76,20,UPI,Delivered,1.4,2022,11,25
9674,ORD09675,2022-02-04,CUST2354,Nikhil,56,M,West,Clothing,Jacket,1,1354.81,5,UPI,Returned,1.0,2022,2,4
9676,ORD09677,2022-09-25,CUST1802,Nikhil,26,M,South,Sports,Football,5,1738.4,15,Debit Card,Cancelled,2.9,2022,9,25
9677,ORD09678,2022-06-18,CUST2661,Sneha,49,F,North,Books,Comics,5,1801.54,5,Credit Card,Returned,3.5,2022,6,18
9680,ORD09681,2022-07-31,CUST2352,Asha,36,F,West,Electronics,Tablet,1,481.34,20,Net Banking,Returned,3.5,2022,7,31
9681,ORD09682,2022-09-04,CUST1754,Ritu,63,F,North,Sports,Football,5,4198.47,5,Net Banking,Cancelled,4.2,2022,9,4
9683,ORD09684,2022-06-23,CUST1904,Rahul,52,M,East,Furniture,Sofa,3,3738.06,10,Debit Card,Delivered,2.3,2022,6,23
9685,ORD09686,2022-04-20,CUST0941,Priya,58,F,East,Food,Cooking Oil,1,60.9,10,Cash,Delivered,4.4,2022,4,20
9686,ORD09687,2022-12-13,CUST1477,Vijay,27,M,Central,Toys,Doll,8,4256.75,20,Net Banking,Returned,3.0,2022,12,13
9687,ORD09688,2022-11-07,CUST0143,Rahul,37,M,Central,Books,Textbook,6,3718.01,0,Cash,Returned,,2022,11,7
9688,ORD09689,2022-02-01,CUST1505,Nikhil,57,M,West,Books,Self-Help,2,2464.0,5,UPI,Delivered,4.1,2022,2,1
9690,ORD09691,2022-10-08,CUST2546,Dev,40,M,South,Electronics,Headphones,3,4489.69,20,Net Banking,Delivered,4.2,2022,10,8
9692,ORD09693,2022-06-14,CUST1033,Nikhil,18,M,North,Toys,LEGO Set,4,3633.59,5,Net Banking,Delivered,5.0,2022,6,14
9693,ORD09694,2022-07-18,CUST1739,Asha,30,F,South,Furniture,Chair,6,2846.91,15,Debit Card,Returned,1.1,2022,7,18
9695,ORD09696,2022-02-24,CUST2880,Ravi,59,M,West,Electronics,Phone,4,823.4,15,Net Banking,Returned,4.9,2022,2,24
9696,ORD09697,2022-10-22,CUST2537,Pooja,54,F,Central,Toys,LEGO Set,5,2649.85,10,Credit Card,Pending,3.6,2022,10,22
9697,ORD09698,2022-08-03,CUST2322,Divya,40,F,South,Books,Textbook,4,2146.86,15,Credit Card,Cancelled,,2022,8,3
9698,ORD09699,2022-04-01,CUST2907,Ritu,35,F,Central,Clothing,Jeans,2,4785.47,10,Credit Card,Pending,2.5,2022,4,1
9699,ORD09700,2022-03-04,CUST1213,Nikhil,56,M,North,Sports,Dumbbells,10,1345.65,15,Debit Card,Returned,2.6,2022,3,4
9703,ORD09704,2022-09-09,CUST0163,Ravi,62,M,Central,Furniture,Sofa,9,327.46,10,Credit Card,Returned,3.0,2022,9,9
9705,ORD09706,2022-11-06,CUST0523,Sneha,22,F,West,Furniture,Sofa,1,2088.56,5,UPI,Pending,2.2,2022,11,6
9706,ORD09707,2022-02-16,CUST1984,Amit,65,M,West,Toys,Board Game,3,736.31,0,Credit Card,Pending,4.0,2022,2,16
9708,ORD09709,2022-02-23,CUST2069,Sneha,35,F,Central,Furniture,Bed Frame,1,3864.14,5,UPI,Pending,1.0,2022,2,23
9712,ORD09713,2022-05-17,CUST0129,Sneha,53,F,West,Toys,Doll,8,3476.79,5,Cash,Pending,2.0,2022,5,17
9713,ORD09714,2022-04-12,CUST2307,Sneha,42,F,East,Electronics,Tablet,6,3960.65,15,Cash,Returned,2.1,2022,4,12
9714,ORD09715,2022-09-05,CUST1000,Dev,59,M,West,Sports,Football,9,1083.14,0,Debit Card,Returned,2.6,2022,9,5
9716,ORD09717,2022-02-27,CUST1152,Rohan,45,M,North,Books,Textbook,5,831.03,5,Credit Card,Cancelled,3.3,2022,2,27
9717,ORD09718,2022-01-24,CUST0063,Sneha,19,F,South,Furniture,Bookshelf,7,1898.12,15,Debit Card,Returned,2.1,2022,1,24
9719,ORD09720,2022-09-16,CUST1636,Pooja,54,F,West,Toys,Doll,8,2304.07,5,Credit Card,Returned,1.4,2022,9,16
9721,ORD09722,2022-09-22,CUST0068,Sneha,43,F,South,Food,Rice 5kg,10,4519.6,15,Debit Card,Cancelled,2.0,2022,9,22
9722,ORD09723,2022-01-18,CUST0394,Dev,41,M,North,Electronics,Smartwatch,6,121.81,20,UPI,Cancelled,1.2,2022,1,18
9723,ORD09724,2022-04-13,CUST0857,Vijay,47,M,West,Food,Spices Pack,5,3882.24,20,Debit Card,Cancelled,1.1,2022,4,13
9724,ORD09725,2022-12-26,CUST2902,Pooja,57,F,North,Sports,Yoga Mat,6,362.05,20,Net Banking,Delivered,3.6,2022,12,26
9725,ORD09726,2022-07-24,CUST2422,Sneha,51,F,West,Toys,Board Game,5,271.28,10,Net Banking,Cancelled,4.3,2022,7,24
9726,ORD09727,2022-04-25,CUST0144,Asha,24,F,West,Sports,Yoga Mat,6,4765.92,0,Credit Card,Cancelled,2.2,2022,4,25
9727,ORD09728,2022-11-13,CUST1679,Karan,22,M,North,Toys,LEGO Set,3,565.18,15,Debit Card,Returned,4.5,2022,11,13
9729,ORD09730,2022-09-26,CUST0449,Dev,22,M,North,Food,Biscuits,5,1957.76,20,Credit Card,Pending,3.2,2022,9,26
9734,ORD09735,2022-12-21,CUST2544,Suresh,63,M,West,Electronics,Headphones,7,4385.81,5,Cash,Pending,3.5,2022,12,21
9736,ORD09737,2022-05-15,CUST1494,Vijay,42,M,West,Toys,Puzzle,4,3998.32,0,Cash,Returned,3.3,2022,5,15
9737,ORD09738,2022-07-28,CUST0978,Ritu,44,F,South,Clothing,T-Shirt,10,136.44,0,Net Banking,Pending,3.9,2022,7,28
9738,ORD09739,2022-06-18,CUST1741,Ravi,31,M,West,Food,Cooking Oil,7,4875.66,20,Debit Card,Pending,4.7,2022,6,18
9741,ORD09742,2022-04-27,CUST1541,Suresh,49,M,North,Books,Textbook,8,1480.73,0,Cash,Returned,2.8,2022,4,27
9744,ORD09745,2022-08-24,CUST1523,Kavya,21,F,East,Furniture,Sofa,9,446.39,5,Cash,Returned,4.4,2022,8,24
9746,ORD09747,2022-12-25,CUST0739,Amit,64,M,South,Clothing,T-Shirt,8,1807.17,5,UPI,Returned,1.1,2022,12,25
9747,ORD09748,2022-08-20,CUST1012,Amit,62,M,Central,Food,Biscuits,8,1623.91,15,Debit Card,Pending,1.2,2022,8,20
9752,ORD09753,2022-12-07,CUST1369,Rahul,25,M,East,Sports,Yoga Mat,4,684.58,15,Cash,Pending,3.1,2022,12,7
9753,ORD09754,2022-03-24,CUST1742,Nikhil,18,M,East,Clothing,Jeans,6,4976.17,0,Credit Card,Pending,1.8,2022,3,24
9756,ORD09757,2022-10-26,CUST2048,Priya,23,F,West,Food,Biscuits,3,2019.31,5,Net Banking,Delivered,1.8,2022,10,26
9758,ORD09759,2022-06-10,CUST1563,Nisha,31,F,West,Books,Novel,5,3310.84,5,Cash,Delivered,2.1,2022,6,10
9759,ORD09760,2022-07-08,CUST2484,Rahul,52,M,West,Food,Spices Pack,8,2572.42,15,Debit Card,Cancelled,4.8,2022,7,8
9760,ORD09761,2022-09-27,CUST2023,Rohan,36,M,Central,Clothing,T-Shirt,6,2078.11,0,Debit Card,Returned,2.9,2022,9,27
9761,ORD09762,2022-10-10,CUST2754,Divya,41,F,Central,Electronics,Phone,8,1653.83,0,Net Banking,Cancelled,1.2,2022,10,10
9762,ORD09763,2022-10-22,CUST1062,Rohan,45,M,Central,Toys,Board Game,6,967.34,15,Debit Card,Delivered,1.4,2022,10,22
9765,ORD09766,2022-01-05,CUST1269,Vijay,54,M,East,Toys,Board Game,1,2172.63,20,UPI,Cancelled,3.4,2022,1,5
9768,ORD09769,2022-04-29,CUST0723,Arjun,25,M,East,Furniture,Chair,4,2118.92,20,Cash,Delivered,3.1,2022,4,29
9771,ORD09772,2022-06-17,CUST1712,Dev,64,M,East,Clothing,Kurta,9,3024.95,0,UPI,Delivered,1.4,2022,6,17
9773,ORD09774,2022-10-17,CUST2632,Meera,39,F,North,Books,Textbook,2,4085.68,5,Cash,Delivered,4.2,2022,10,17
9774,ORD09775,2022-01-11,CUST2664,Amit,37,M,North,Electronics,Laptop,1,4293.4,5,Net Banking,Cancelled,2.1,2022,1,11
9775,ORD09776,2022-10-26,CUST1184,Sneha,48,F,East,Electronics,Headphones,7,1895.9,15,Credit Card,Cancelled,3.6,2022,10,26
9780,ORD09781,2022-03-01,CUST1443,Priya,28,F,Central,Books,Comics,3,4745.72,10,UPI,Delivered,,2022,3,1
9782,ORD09783,2022-11-02,CUST0947,Ritu,35,F,West,Furniture,Bookshelf,6,4890.1,5,Cash,Cancelled,3.9,2022,11,2
9783,ORD09784,2022-06-08,CUST0513,Asha,41,F,North,Clothing,Saree,9,1216.08,15,Credit Card,Returned,4.3,2022,6,8
9784,ORD09785,2022-03-17,CUST2507,Rohan,37,M,West,Electronics,Laptop,6,2316.11,10,UPI,Delivered,2.9,2022,3,17
9787,ORD09788,2022-12-31,CUST1344,Meera,38,F,West,Clothing,T-Shirt,4,2374.13,5,Credit Card,Cancelled,3.0,2022,12,31
9789,ORD09790,2022-11-26,CUST1368,Sneha,56,F,Central,Books,Novel,3,815.99,15,Credit Card,Returned,,2022,11,26
9793,ORD09794,2022-09-05,CUST0554,Pooja,41,F,North,Electronics,Tablet,4,3961.11,15,Credit Card,Cancelled,4.8,2022,9,5
9798,ORD09799,2022-03-10,CUST2699,Amit,51,M,East,Books,Self-Help,1,3069.46,20,Credit Card,Delivered,1.5,2022,3,10
9803,ORD09804,2022-05-13,CUST2653,Dev,44,M,West,Clothing,Kurta,7,3937.37,15,Credit Card,Delivered,4.1,2022,5,13
9804,ORD09805,2022-06-05,CUST2660,Rohan,42,M,South,Sports,Dumbbells,7,2509.41,15,UPI,Cancelled,1.5,2022,6,5
9805,ORD09806,2022-12-28,CUST0223,Sneha,20,F,South,Furniture,Sofa,2,579.36,15,UPI,Pending,2.8,2022,12,28
9806,ORD09807,2022-12-26,CUST2207,Asha,47,F,East,Toys,LEGO Set,10,4540.36,0,Debit Card,Cancelled,1.9,2022,12,26
9809,ORD09810,2022-01-15,CUST2068,Nisha,63,F,South,Sports,Dumbbells,3,2543.76,0,Debit Card,Delivered,3.0,2022,1,15
9811,ORD09812,2022-05-14,CUST2672,Ravi,34,M,North,Furniture,Table,10,3132.72,15,Credit Card,Cancelled,2.0,2022,5,14
9812,ORD09813,2022-01-02,CUST2538,Arjun,30,M,East,Furniture,Bed Frame,1,1395.19,15,UPI,Cancelled,,2022,1,2
9815,ORD09816,2022-08-02,CUST1956,Nisha,44,F,East,Electronics,Headphones,10,4378.14,5,Credit Card,Pending,2.6,2022,8,2
9817,ORD09818,2022-07-05,CUST1149,Nikhil,62,M,East,Clothing,Kurta,6,3222.02,20,Net Banking,Returned,2.9,2022,7,5
9818,ORD09819,2022-10-24,CUST2969,Vijay,35,M,South,Furniture,Bookshelf,1,3986.64,20,Cash,Delivered,2.4,2022,10,24
9820,ORD09821,2022-11-25,CUST2377,Divya,43,F,West,Toys,RC Car,5,169.82,0,Credit Card,Returned,3.6,2022,11,25
9821,ORD09822,2022-02-10,CUST0388,Kavya,26,F,Central,Electronics,Headphones,5,4781.78,10,Cash,Cancelled,2.8,2022,2,10
9824,ORD09825,2022-11-07,CUST0684,Vijay,43,M,North,Toys,Puzzle,1,123.15,15,Debit Card,Pending,,2022,11,7
9828,ORD09829,2022-04-30,CUST2512,Anita,35,F,South,Electronics,Phone,1,2128.59,10,Debit Card,Pending,3.1,2022,4,30
9829,ORD09830,2022-08-10,CUST1530,Priya,61,F,South,Clothing,Jacket,7,4272.31,0,Debit Card,Pending,2.2,2022,8,10
9830,ORD09831,2022-09-10,CUST0554,Nisha,60,F,West,Sports,Football,1,193.64,15,Net Banking,Cancelled,1.7,2022,9,10
9832,ORD09833,2022-10-12,CUST2771,Nisha,29,F,East,Clothing,Saree,2,162.15,15,UPI,Returned,4.7,2022,10,12
9834,ORD09835,2022-05-08,CUST0123,Kavya,31,F,Central,Sports,Football,2,3633.42,15,Cash,Returned,1.3,2022,5,8
9835,ORD09836,2022-02-20,CUST0965,Asha,55,F,North,Furniture,Sofa,1,2053.63,20,UPI,Delivered,,2022,2,20
9840,ORD09841,2022-06-15,CUST1127,Rohan,38,M,North,Furniture,Sofa,3,3033.01,20,Net Banking,Delivered,4.8,2022,6,15
9846,ORD09847,2022-11-06,CUST2203,Kavya,30,F,West,Electronics,Smartwatch,4,680.7,15,Cash,Pending,2.0,2022,11,6
9847,ORD09848,2022-05-28,CUST2428,Arjun,34,M,West,Food,Dal 2kg,4,3861.83,0,Credit Card,Cancelled,2.2,2022,5,28
9848,ORD09849,2022-10-18,CUST2723,Dev,35,M,North,Furniture,Table,10,3158.8,0,Credit Card,Returned,,2022,10,18
9849,ORD09850,2022-04-23,CUST2968,Sneha,65,F,West,Sports,Dumbbells,9,3628.69,0,Debit Card,Cancelled,1.1,2022,4,23
9850,ORD09851,2022-10-24,CUST0274,Anita,35,F,East,Food,Cooking Oil,7,2847.74,10,Net Banking,Delivered,2.8,2022,10,24
9853,ORD09854,2022-03-26,CUST1401,Ritu,56,F,West,Clothing,Jacket,7,2805.83,20,Cash,Cancelled,3.8,2022,3,26
9855,ORD09856,2022-06-21,CUST1582,Priya,21,F,West,Sports,Football,2,750.1,15,Debit Card,Returned,3.5,2022,6,21
9857,ORD09858,2022-01-06,CUST2224,Karan,65,M,North,Food,Spices Pack,8,4408.49,5,Net Banking,Returned,3.5,2022,1,6
9859,ORD09860,2022-11-07,CUST0736,Amit,38,M,West,Books,Comics,7,2251.76,10,Credit Card,Delivered,2.1,2022,11,7
9860,ORD09861,2022-03-09,CUST1014,Sneha,33,F,South,Sports,Yoga Mat,10,3078.55,20,Net Banking,Returned,5.0,2022,3,9
9861,ORD09862,2022-03-02,CUST2149,Rahul,50,M,South,Electronics,Laptop,9,2514.28,10,UPI,Returned,2.0,2022,3,2
9862,ORD09863,2022-06-10,CUST2896,Meera,58,F,South,Sports,Dumbbells,9,2490.26,5,Net Banking,Pending,,2022,6,10
9866,ORD09867,2022-06-09,CUST0604,Amit,29,M,Central,Clothing,Kurta,6,166.67,15,Net Banking,Returned,3.1,2022,6,9
9867,ORD09868,2022-02-26,CUST1102,Kavya,34,F,East,Clothing,Saree,7,1865.73,20,Debit Card,Returned,3.8,2022,2,26
9869,ORD09870,2022-02-26,CUST0155,Divya,49,F,East,Toys,Doll,4,960.67,20,Debit Card,Delivered,3.0,2022,2,26
9870,ORD09871,2022-12-10,CUST1161,Pooja,43,F,North,Books,Cookbook,10,2396.73,0,Net Banking,Cancelled,4.4,2022,12,10
9871,ORD09872,2022-06-22,CUST0347,Divya,52,F,Central,Sports,Badminton Set,9,3932.21,10,Cash,Delivered,2.5,2022,6,22
9877,ORD09878,2022-05-04,CUST2357,Suresh,63,M,West,Food,Cooking Oil,8,2091.07,10,Debit Card,Returned,3.8,2022,5,4
9879,ORD09880,2022-02-11,CUST2000,Sneha,20,F,West,Toys,Puzzle,8,4003.71,15,UPI,Cancelled,4.4,2022,2,11
9880,ORD09881,2022-07-04,CUST0070,Arjun,42,M,East,Furniture,Table,10,1789.62,10,Debit Card,Pending,3.0,2022,7,4
9881,ORD09882,2022-05-10,CUST1194,Dev,41,M,South,Electronics,Headphones,5,1111.29,10,Cash,Pending,3.3,2022,5,10
9884,ORD09885,2022-06-02,CUST0275,Sneha,50,F,South,Electronics,Headphones,10,4268.28,10,Debit Card,Returned,4.3,2022,6,2
9886,ORD09887,2022-04-14,CUST1791,Nisha,50,F,West,Toys,LEGO Set,4,2416.7,20,Cash,Returned,3.7,2022,4,14
9887,ORD09888,2022-02-01,CUST2163,Divya,56,F,Central,Electronics,Phone,3,3236.4,10,Credit Card,Cancelled,1.3,2022,2,1
9890,ORD09891,2022-09-08,CUST2092,Pooja,40,F,West,Furniture,Table,2,2209.82,20,Cash,Cancelled,1.0,2022,9,8
9891,ORD09892,2022-07-29,CUST2045,Kavya,50,F,South,Electronics,Tablet,10,65.65,20,Cash,Delivered,4.5,2022,7,29
9894,ORD09895,2022-01-11,CUST2650,Karan,54,M,South,Books,Textbook,1,1925.31,0,UPI,Pending,3.5,2022,1,11
9896,ORD09897,2022-09-11,CUST2174,Kavya,51,F,West,Electronics,Headphones,1,2605.17,0,UPI,Cancelled,3.4,2022,9,11
9897,ORD09898,2022-07-17,CUST1494,Meera,56,F,West,Food,Biscuits,10,1737.56,20,Net Banking,Delivered,4.7,2022,7,17
9902,ORD09903,2022-05-14,CUST2613,Arjun,42,M,West,Food,Biscuits,2,3126.49,20,Net Banking,Cancelled,3.8,2022,5,14
9904,ORD09905,2022-03-30,CUST1989,Ritu,29,F,South,Furniture,Chair,8,2702.71,10,Debit Card,Cancelled,4.5,2022,3,30
9905,ORD09906,2022-02-27,CUST1988,Karan,27,M,East,Toys,Board Game,8,3056.35,15,Net Banking,Cancelled,3.5,2022,2,27
9909,ORD09910,2022-02-16,CUST0883,Rohan,65,M,Central,Electronics,Phone,7,2378.56,15,UPI,Pending,3.3,2022,2,16
9910,ORD09911,2022-03-17,CUST1481,Suresh,65,M,North,Toys,Doll,6,660.39,5,UPI,Pending,2.0,2022,3,17
9911,ORD09912,2022-06-30,CUST1746,Rohan,64,M,North,Electronics,Tablet,1,2184.29,20,Debit Card,Delivered,4.9,2022,6,30
9913,ORD09914,2022-05-03,CUST2361,Vijay,53,M,East,Sports,Dumbbells,8,3524.76,5,Net Banking,Delivered,2.5,2022,5,3
9915,ORD09916,2022-04-09,CUST0193,Vijay,47,M,North,Clothing,Jacket,6,1900.86,10,Net Banking,Pending,1.2,2022,4,9
9916,ORD09917,2022-09-26,CUST2565,Rahul,62,M,South,Sports,Cricket Bat,9,1444.79,10,Credit Card,Pending,3.4,2022,9,26
9918,ORD09919,2022-02-20,CUST2916,Asha,23,F,North,Furniture,Bookshelf,5,1140.08,15,Cash,Pending,,2022,2,20
9919,ORD09920,2022-10-11,CUST1105,Pooja,54,F,West,Sports,Dumbbells,4,4104.71,10,UPI,Cancelled,3.6,2022,10,11
9922,ORD09923,2022-11-10,CUST2955,Suresh,50,M,North,Food,Biscuits,7,4974.82,0,UPI,Cancelled,1.9,2022,11,10
9923,ORD09924,2022-10-23,CUST2390,Arjun,52,M,Central,Clothing,Jacket,10,3829.6,20,Credit Card,Pending,4.5,2022,10,23
9925,ORD09926,2022-05-30,CUST2618,Vijay,39,M,Central,Sports,Football,2,4969.32,10,Cash,Delivered,1.2,2022,5,30
9929,ORD09930,2022-11-26,CUST1933,Karan,21,M,East,Food,Rice 5kg,7,267.67,15,Debit Card,Pending,1.3,2022,11,26
9931,ORD09932,2022-01-28,CUST1188,Nisha,37,F,South,Furniture,Bed Frame,9,1394.97,10,UPI,Cancelled,3.4,2022,1,28
9935,ORD09936,2022-12-14,CUST1171,Kavya,41,F,South,Clothing,Jacket,10,2230.7,10,Net Banking,Pending,,2022,12,14
9937,ORD09938,2022-12-03,CUST1297,Ravi,52,M,Central,Food,Spices Pack,1,3565.12,5,Net Banking,Cancelled,1.7,2022,12,3
9938,ORD09939,2022-02-08,CUST1482,Nisha,59,F,Central,Furniture,Chair,9,1870.61,5,UPI,Cancelled,1.6,2022,2,8
9939,ORD09940,2022-08-04,CUST2356,Ritu,61,F,Central,Sports,Badminton Set,8,4068.58,5,Net Banking,Cancelled,,2022,8,4
9945,ORD09946,2022-04-07,CUST1334,Arjun,57,M,East,Clothing,T-Shirt,1,2499.53,5,Debit Card,Cancelled,3.5,2022,4,7
9946,ORD09947,2022-07-03,CUST2500,Rohan,21,M,Central,Books,Textbook,1,111.84,5,Debit Card,Cancelled,3.9,2022,7,3
9952,ORD09953,2022-03-07,CUST0525,Meera,39,F,South,Sports,Badminton Set,9,634.53,5,Credit Card,Cancelled,2.3,2022,3,7
9955,ORD09956,2022-12-31,CUST1254,Divya,43,F,South,Furniture,Chair,3,1046.0,20,Credit Card,Cancelled,2.8,2022,12,31
9956,ORD09957,2022-11-01,CUST1131,Ravi,37,M,East,Food,Biscuits,4,1662.02,0,Debit Card,Delivered,1.2,2022,11,1
9959,ORD09960,2022-02-22,CUST2303,Karan,21,M,North,Books,Comics,6,4773.79,5,UPI,Delivered,2.2,2022,2,22
9960,ORD09961,2022-02-25,CUST1947,Ravi,58,M,Central,Clothing,Jacket,9,3504.4,5,Net Banking,Pending,4.4,2022,2,25
9964,ORD09965,2022-12-16,CUST1971,Arjun,58,M,South,Furniture,Table,6,321.46,10,UPI,Delivered,4.2,2022,12,16
9965,ORD09966,2022-07-17,CUST0807,Ravi,19,M,Central,Books,Self-Help,1,130.85,0,Cash,Cancelled,3.0,2022,7,17
9966,ORD09967,2022-03-06,CUST0693,Anita,45,F,East,Toys,RC Car,1,3388.85,5,Credit Card,Delivered,,2022,3,6
9969,ORD09970,2022-07-17,CUST2153,Amit,41,M,South,Sports,Football,8,1049.84,0,Credit Card,Cancelled,1.7,2022,7,17
9973,ORD09974,2022-02-15,CUST1936,Sneha,37,F,Central,Clothing,Saree,7,490.46,0,UPI,Pending,3.6,2022,2,15
9976,ORD09977,2022-04-05,CUST0179,Pooja,18,F,East,Food,Cooking Oil,6,2137.96,10,Cash,Delivered,4.7,2022,4,5
9981,ORD09982,2022-11-22,CUST1369,Nisha,58,F,South,Books,Comics,8,1032.82,10,Cash,Cancelled,3.2,2022,11,22
9984,ORD09985,2022-04-25,CUST2598,Ravi,40,M,South,Clothing,Jacket,2,3606.27,5,Debit Card,Returned,4.6,2022,4,25
9985,ORD09986,2022-11-29,CUST0840,Sneha,33,F,East,Toys,RC Car,1,2095.87,15,Net Banking,Pending,5.0,2022,11,29
9987,ORD09988,2022-06-06,CUST0043,Vijay,32,M,West,Sports,Cricket Bat,2,1650.71,20,UPI,Pending,3.7,2022,6,6
9988,ORD09989,2022-06-23,CUST2037,Rahul,27,M,East,Sports,Football,2,4300.92,0,Cash,Pending,4.6,2022,6,23
9992,ORD09993,2022-05-22,CUST2265,Nikhil,61,M,West,Electronics,Laptop,8,4064.82,5,Cash,Delivered,,2022,5,22
9994,ORD09995,2022-11-01,CUST0731,Kavya,30,F,North,Furniture,Table,1,1793.09,15,Debit Card,Cancelled,2.4,2022,11,1
9995,ORD09996,2022-01-16,CUST0774,Rahul,39,M,East,Books,Self-Help,7,4729.64,20,Debit Card,Returned,1.4,2022,1,16
9996,ORD09997,2022-03-09,CUST0277,Priya,38,F,West,Food,Rice 5kg,2,1160.95,5,Net Banking,Returned,2.8,2022,3,9
9998,ORD09999,2022-03-28,CUST0987,Arjun,39,M,Central,Electronics,Headphones,8,4676.49,20,Debit Card,Delivered,2.2,2022,3,28
9999,ORD10000,2022-11-12,CUST2245,Arjun,52,M,South,Food,Biscuits,1,949.96,15,Credit Card,Pending,2.0,2022,11,12
